-- phpMyAdmin SQL Dump
-- version 4.5.1
-- http://www.phpmyadmin.net
--
-- Servidor: 127.0.0.1
-- Tiempo de generación: 04-12-2017 a las 22:52:34
-- Versión del servidor: 10.1.13-MariaDB
-- Versión de PHP: 5.6.23

SET SQL_MODE = "NO_AUTO_VALUE_ON_ZERO";
SET time_zone = "+00:00";


/*!40101 SET @OLD_CHARACTER_SET_CLIENT=@@CHARACTER_SET_CLIENT */;
/*!40101 SET @OLD_CHARACTER_SET_RESULTS=@@CHARACTER_SET_RESULTS */;
/*!40101 SET @OLD_COLLATION_CONNECTION=@@COLLATION_CONNECTION */;
/*!40101 SET NAMES utf8mb4 */;

--
-- Base de datos: `phinn`
--

DELIMITER $$
--
-- Procedimientos
--
CREATE DEFINER=`root`@`localhost` PROCEDURE `cabeceraConsolidado` (IN `consecutivoC` VARCHAR(50))  BEGIN
SET @produccionReal = (SELECT SUM(ProduccionTotal) FROM reporte_diario WHERE Consecutivo=consecutivoC);
SET @mermaMq1 = (SELECT SUM(DISTINCT Merma)	FROM produccion	WHERE	NoOrden = consecutivoC AND Maquina = 1);
SET @mermaMq2 = (SELECT SUM(DISTINCT Merma)	FROM produccion	WHERE	NoOrden = consecutivoC AND Maquina = 2);
SET @mermaTotal = @mermaMq1 + @mermaMq2;
SET @horaInicio = (SELECT horaInicio FROM control_piso WHERE	consecutivo = consecutivoC);
SET @fechaInicio = (SELECT fechaInicio FROM control_piso WHERE	consecutivo = consecutivoC);
SET @fechaFinal = (SELECT fechaFinalizacion FROM control_piso WHERE	consecutivo = consecutivoC);
SET @horaFinal = (SELECT horaFinal FROM control_piso WHERE	consecutivo = consecutivoC);
SET @idTurnoM = (SELECT IdTurno FROM turnos WHERE tipo = 'M' AND estado = 1);
SET @idTurnoMX = (SELECT IdTurno FROM turnos WHERE tipo = 'MX' AND estado = 1);
SET @idTurnoN = (SELECT IdTurno FROM turnos WHERE tipo = 'N' AND estado = 1);
SET @cargaDia = (
SELECT COUNT(DISTINCT cpp.IdCargaPulper) 
	FROM cargas_pulper cpp
	JOIN reporte_diario rdd ON cpp.IdReporteDiario = rdd.IdReporteDiario
	WHERE rdd.Consecutivo = consecutivoC AND rdd.Turno = @idTurnoM);
SET @cargaMixta = (
SELECT COUNT(DISTINCT cpp.IdCargaPulper) 
	FROM cargas_pulper cpp 
	JOIN reporte_diario rdd ON cpp.IdReporteDiario = rdd.IdReporteDiario
	WHERE rdd.Consecutivo = consecutivoC AND rdd.Turno = @idTurnoMX);
SET @cargaNoche = (
SELECT COUNT(DISTINCT cpp.IdCargaPulper) 
	FROM cargas_pulper cpp 
	JOIN reporte_diario rdd ON cpp.IdReporteDiario = rdd.IdReporteDiario
	WHERE rdd.Consecutivo = consecutivoC AND rdd.Turno = @idTurnoN);
	SELECT
		rd.NoOrder,
		rd.Consecutivo,
		rd.TipoPapel AS Producto,
		@fechaInicio AS FechaInicio,
		@fechaFinal AS FechaFinal,
		t.Turno,
		@produccionReal AS produccionReal,
		@mermaMq1 + @mermaMq2 AS mermaTotal,
		@produccionReal + @mermaTotal AS produccionTotal,
		cp.horaInicio,
		cp.horaFinal AS horaFin,
		IF(@cargaDia=0, @cargaDia, (((@cargaDia*40)/60)-12)) AS cargaDia,
		IF(@cargaMixta=0, @cargaMixta, (((@cargaMixta*40)/60)-12)) AS cargaMixta,
		IF(@cargaNoche=0, @cargaNoche, (((@cargaNoche*40)/60)-12)) AS cargaNoche,
		(SELECT totalTMMQ1(consecutivoC,'M',1)/(60)-(12)) AS MMaquina1,
		(SELECT totalTMMQ1(consecutivoC,'M',2)/(60)-(12)) AS MMaquina2,
		(SELECT totalTMMQ1(consecutivoC,'M',3)/(60)-(12)) AS MMaquina3,
		(SELECT totalTMMQ1(consecutivoC,'MX',1)/(60)-(12)) AS MMXMaquina1,
		(SELECT totalTMMQ1(consecutivoC,'MX',2)/(60)-(12)) AS MMXMaquina2,
		(SELECT totalTMMQ1(consecutivoC,'MX',3)/(60)-(12)) AS MMXVMaquina3,
		(SELECT totalTMMQ1(consecutivoC,'N',1)/(60)-(12)) AS MNMaquina1,
		(SELECT totalTMMQ1(consecutivoC,'N',2)/(60)-(12)) AS MNMaquina2,
		(SELECT totalTMMQ1(consecutivoC,'N',3)/(60)-(12)) AS MNMaquina3,
		
		((@mermaMq1/60)-12) AS mermaMQ1,
		((@mermaMq2/60)-12) AS mermaMQ2
	FROM
		reporte_diario rd
	INNER JOIN turnos t ON rd.Turno = t.IdTurno
	INNER JOIN produccion p ON rd.Consecutivo = p.NoOrden
	INNER JOIN control_piso cp ON cp.consecutivo = rd.Consecutivo
	INNER JOIN cargas_pulper cpp ON rd.IdReporteDiario = cpp.IdReporteDiario
	WHERE
		rd.Consecutivo = consecutivoC
		GROUP BY rd.Consecutivo, rd.NoOrder;
END$$

CREATE DEFINER=`root`@`localhost` PROCEDURE `cabeceraReporteDiario` (IN `idReporteD` INT)  BEGIN
 SELECT
	rd.NoOrder,
	rd.Consecutivo,
	rd.TipoPapel,
	rd.ProduccionTotal,
	rd.FechaInicio,
	rd.FechaFinal,
	tn.Turno,
	rd.Grupo,
	us.Nombre,
	rd.MermaTotal
FROM
	reporte_diario rd
JOIN usuarios us ON rd.Coordinador = us.IdUsuario
JOIN turnos tn ON rd.Turno = tn.IdTurno
where rd.IdReporteDiario = idReporteD;
END$$

CREATE DEFINER=`root`@`localhost` PROCEDURE `consumoElectrico` (IN `fechaInicioC` DATE, IN `fechaFinaLC` DATE, IN `horaInicioC` TIME, IN `horaFinC` TIME, IN `consumoInicialC` DECIMAL(10,2), IN `consumoFinalC` DECIMAL(10,2), IN `consecutivoC` VARCHAR(10))  BEGIN
IF EXISTS ( SELECT consecutivo FROM consumoElectrico WHERE	consecutivo = consecutivoC)
THEN
BEGIN
UPDATE consumoElectrico ce
SET ce.fechaInicio = fechaInicioC,
ce.fechaFin = fechaFinaLC,
ce.horaInicio = horaInicioC,
ce.horaFinal = horaFinC,
ce.consumoInicial = consumoInicialC,
ce.consumoFinal = consumoFinalC
WHERE
	consecutivo = consecutivoC;
END ;
ELSE
BEGIN
	INSERT INTO consumoElectrico (
	fechaInicio,
	fechaFin,
	horaInicio,
	horaFinal,
	consumoInicial,
	consumoFinal,
	consecutivo
	)
VALUES
	(
	fechaInicioC,
	fechaFinaLC,
	horaInicioC,
	horaFinC,
	consumoInicialC,
	consumoFinalC,
	consecutivoC
	) ;
END ;

END IF ;

END$$

CREATE DEFINER=`root`@`localhost` PROCEDURE `controlPisoInfo` (IN `consecutivo` VARCHAR(50))  BEGIN
	SELECT
		cp.idControlPiso,
		cp.noOrden AS NoOrder,
		cp.consecutivo AS Consecutivo,
		cp.fechaInicio AS FechaInicio,
		cp.fechaFinalizacion AS FechaFinal,
		cp.producto AS TipoPapel,
		cp.grupo,
		cp.maquina,
		cp.horaInicio,
		cp.horaFinal,
		cp.rptPasta
	FROM
		control_piso cp
	WHERE
		cp.consecutivo = consecutivo;
	END$$

CREATE DEFINER=`root`@`localhost` PROCEDURE `detalleControlPiso` (IN `idInsumoC` INT, IN `tipoC` VARCHAR(100), IN `codigoC` VARCHAR(30), IN `descripcionC` VARCHAR(100), IN `unidadMedidadC` VARCHAR(15), IN `requisadoC` DECIMAL(11,2), IN `pisoC` DECIMAL(11,2), IN `consumoC` DECIMAL(11,2), IN `idControlPisoC` INT)  BEGIN
IF EXISTS ( SELECT idInsumo	FROM	control_piso_detalle WHERE	IdInsumo = idInsumoC AND idControlPiso = idControlPisoC )
THEN

BEGIN
UPDATE control_piso_detalle cpd
SET cpd.codigo = codigoC,
 cpd.requisado = requisadoC,
 cpd.piso = pisoC,
 cpd.consumo = consumoC
WHERE
	IdInsumo = idInsumoC ;
END ;
ELSE
BEGIN
	INSERT INTO control_piso_detalle (
		tipo,
		codigo,
		descripcion,
		unidadMedida,
		requisado,
		piso,
		consumo,
		idControlPiso,
		IdInsumo
	)
VALUES
	(
		tipoC,
		codigoC,
		descripcionC,
		unidadMedidadC,
		requisadoC,
		pisoC,
		consumoC,
		idControlPisoC,
		idInsumoC
	) ;
END ;

END IF ;

END$$

CREATE DEFINER=`root`@`localhost` PROCEDURE `encabezadoControlPiso` (IN `noOrdenC` INT, IN `consecutivoC` VARCHAR(10), IN `fechaInicioC` DATE, IN `fechaFinalizacionC` DATE, IN `fechaCreacionC` DATE, IN `productoC` VARCHAR(50), IN `grupoC` VARCHAR(20), IN `maquinaC` VARCHAR(20), IN `horaInicioC` TIME, IN `horaFinalC` TIME, IN `rptPastaC` INT)  BEGIN

IF EXISTS (	SELECT	consecutivo	FROM	control_piso	WHERE	consecutivo = consecutivoC) 
THEN
BEGIN
UPDATE control_piso cp
SET cp.fechaInicio = fechaInicioC,
 cp.fechaFinalizacion = fechaFinalizacionC,
 cp.producto = productoC,
 cp.grupo = grupoC,
 cp.maquina = maquinaC,
 cp.horaInicio = horaInicioC,
 cp.horaFinal = horaFinalC,
 cp.rptPasta = rptPastaC
WHERE
	cp.consecutivo = consecutivoC;
END ;
ELSE
BEGIN
	INSERT INTO control_piso (
		noOrden,
		consecutivo,
		fechaInicio,
		fechaFinalizacion,
		fechaCreacion,
		producto,
		grupo,
		maquina,
		horaInicio,
		horaFinal,
		rptPasta
	)
VALUES
	(
		noOrdenC,
		consecutivoC,
		fechaInicioC,
		fechaFinalizacionC,
		fechaCreacionC,
		productoC,
		grupoC,
		maquinaC,
		horaInicioC,
		horaFinalC,
		rptPastaC
	) ;
END ;

END IF;

END$$

CREATE DEFINER=`root`@`localhost` PROCEDURE `infoPasta` (IN `turno` INT, IN `consecutivo` VARCHAR(10))  BEGIN
	SELECT
		ps.Tanque,
		ps.Noche,
		ps.Dia,
		rd.Turno
	FROM
		pasta ps
	JOIN reporte_diario rd ON ps.IdReporteDiario = rd.IdReporteDiario
	WHERE
		rd.Consecutivo = consecutivo
	AND rd.Turno = turno;
	END$$

CREATE DEFINER=`root`@`localhost` PROCEDURE `reporteControlPiso` (IN `consecutivo` VARCHAR(10))  BEGIN
	SELECT
		cp.consecutivo,
		cp.noOrden,
		cp.fechaInicio,
		cp.fechaFinalizacion,
		cp.maquina,
		cp.producto,
		cp.horaInicio,
		cp.horaFinal,
		cp.grupo,
		cpd.tipo,
		cpd.codigo,
		cpd.descripcion,
		cpd.unidadMedida,
		cpd.requisado,
		cpd.piso,
		cpd.consumo
	FROM
		control_piso cp
	JOIN control_piso_detalle cpd ON cp.idControlPiso = cpd.idControlPiso
	WHERE
		cp.consecutivo = consecutivo;
	END$$

CREATE DEFINER=`root`@`localhost` PROCEDURE `sp_controlProduccionMensual` (IN `Meta` VARCHAR(50))  BLOCK1: BEGIN
		DECLARE nomasrow BOOLEAN DEFAULT false;
		DECLARE f1 VARCHAR(20) DEFAULT '';
		DECLARE cont INT(11) DEFAULT 0;
		DECLARE cont1 INT(11) DEFAULT 0;
		DECLARE ts1,ts2,ts3,ts4,ts5,ts6,ts7,ts8,ts9 INT(11) DEFAULT 0;
    
		DECLARE cursor1 CURSOR FOR
        SELECT fecha
        FROM tmp_produccion;
		
		DECLARE CONTINUE HANDLER FOR NOT found  
        SET nomasrow := TRUE; 
		SELECT COUNT(*) INTO cont FROM tmp_produccion;
		
		DROP TABLE IF EXISTS rep_final;
		CREATE TEMPORARY TABLE rep_final (
		v1 DECIMAL(7,2),
		v2 DECIMAL(7,2),
		v3 DECIMAL(7,2),
		v4 DECIMAL(7,2),
		v5 DECIMAL(7,2),
		v6 DECIMAL(7,2),
		v7 DECIMAL(7,2),
		v8 DECIMAL(7,2),
		v9 DECIMAL(7,2)
		);
		
		OPEN cursor1;    
		LOOP1: LOOP
        FETCH cursor1 INTO f1;
        IF nomasrow THEN
            CLOSE cursor1;
            LEAVE LOOP1;
        END IF;
        BLOCK2: begin
            DECLARE v1,v2,v3,v4,v5,v6,v7,v8,v9 DECIMAL(7,2) DEFAULT 0;
						DECLARE fch VARCHAR(20) DEFAULT '';
            DECLARE nomasrow2 BOOLEAN DEFAULT FALSE;
						
            
						DECLARE cursor2 CURSOR FOR
                SELECT DAYNAME(fecha),`1`,`2`,`3`,`4`,`5`,`6`,`7`,`8`,`9`
                from tmp_produccion WHERE fecha = f1;
   
           DECLARE CONTINUE HANDLER FOR NOT found
               SET nomasrow2 := TRUE;
            
					 OPEN cursor2; 
            LOOP2: LOOP
                FETCH cursor2 INTO fch,v1,v2,v3,v4,v5,v6,v7,v8,v9;
								
                IF nomasrow2 THEN
                    CLOSE cursor2;
                    LEAVE LOOP2;
                END IF;				
								SET cont1 = cont1 + 1;
								IF (fch <> 'Monday') THEN
									IF (cont = cont1) THEN
										SET ts1 = ts1 + v1;
										SET ts2 = ts2 + v2;
										SET ts3 = ts3 + v3;
										SET ts4 = ts4 + v4;
										SET ts5 = ts5 + v5;
										SET ts6 = ts6 + v6;
										SET ts7 = ts7 + v7;
										SET ts8 = ts8 + v8;
										SET ts9 = ts9 + v9;
										INSERT INTO rep_final(v1,v2,v3,v4,v5,v6,v7,v8,v9) VALUES(ts1,ts2,ts3,ts4,ts5,ts6,ts7,ts8,ts9);
                  ELSE
										SET ts1 = ts1 + v1;
										SET ts2 = ts2 + v2;
										SET ts3 = ts3 + v3;
										SET ts4 = ts4 + v4;
										SET ts5 = ts5 + v5;
										SET ts6 = ts6 + v6;
										SET ts7 = ts7 + v7;
										SET ts8 = ts8 + v8;
										SET ts9 = ts9 + v9;
									END IF;	
								ELSE								
									INSERT INTO rep_final(v1,v2,v3,v4,v5,v6,v7,v8,v9) VALUES(ts1,ts2,ts3,ts4,ts5,ts6,ts7,ts8,ts9); 
									SET ts1=0;SET ts2=0;SET ts3=0;SET ts4=0;SET ts5=0;SET ts6=0;SET ts7=0;SET ts8=0;SET ts9=0;

									SET ts1 = ts1 + v1;
									SET ts2 = ts2 + v2;
									SET ts3 = ts3 + v3;
									SET ts4 = ts4 + v4;
									SET ts5 = ts5 + v5;
									SET ts6 = ts6 + v6;
									SET ts7 = ts7 + v7;
									SET ts8 = ts8 + v8;
									SET ts9 = ts9 + v9;						
									
								END IF;								
						END LOOP LOOP2;				
						
        END BLOCK2;

    END LOOP LOOP1;
SELECT * FROM rep_final; 

END BLOCK1$$

CREATE DEFINER=`root`@`localhost` PROCEDURE `sp_produccionDiaria` (`meta` VARCHAR(20))  BLOCK1: BEGIN
		DECLARE nomasrow BOOLEAN DEFAULT false;
		DECLARE idPr INT(11) DEFAULT 0;
		DECLARE cont1 INT(11) DEFAULT 0;
		DECLARE cont2 INT(11) DEFAULT 1;
		DECLARE TBD INT(11) DEFAULT 0;
		DECLARE TNS DECIMAL(7,2) DEFAULT 0;
		DECLARE _query varchar(21800) DEFAULT "('";
    
		DECLARE cursor1 CURSOR FOR              
        SELECT id_produccion
        FROM produccion_diaria
				WHERE idMeta = meta;
		
		DECLARE CONTINUE HANDLER FOR NOT found  
        SET nomasrow := TRUE;
        
    SELECT COUNT(DISTINCT id_produccion) INTO cont1 FROM produccion_diaria WHERE idMeta = meta;

		OPEN cursor1;    
		LOOP1: LOOP
        FETCH cursor1 INTO idPr;
        IF nomasrow THEN
            CLOSE cursor1;
            LEAVE LOOP1;
        END IF;
        BLOCK2: begin
            DECLARE v1,v2,v3,v4,v5,v6,v7,v8,v9 INT(11) DEFAULT 0;
						DECLARE fch VARCHAR(20) DEFAULT '';
            DECLARE nomasrow2 BOOLEAN DEFAULT FALSE;	
            
						DECLARE cursor2 CURSOR FOR
                SELECT fecha,val1,val2,val3,val4,val5,val6,val7,val8,val9
                from produccion_diaria WHERE id_produccion = idPr;
   
           DECLARE CONTINUE HANDLER FOR NOT found
               SET nomasrow2 := TRUE;
           
					 OPEN cursor2;
            LOOP2: LOOP
                FETCH cursor2 INTO fch,v1,v2,v3,v4,v5,v6,v7,v8,v9;
						
                IF nomasrow2 THEN
                    CLOSE cursor2;
                    LEAVE LOOP2;
                END IF;
						SET TNS = fn_calculoTNS(1,v1)
										 +fn_calculoTNS(2,v2)
										 +fn_calculoTNS(3,v3)
										 +fn_calculoTNS(4,v4)
										 +fn_calculoTNS(5,v5)
										 +fn_calculoTNS(6,v6)
										 +fn_calculoTNS(7,v7)
										 +fn_calculoTNS(8,v8)
										 +fn_calculoTNS(9,v9);

						SET TNS = TNS/1000;
						SET TBD = v1+v2+v3+v4+v5+v6+v7+v8+v9;
						
						IF cont2 < cont1 THEN
							SET _query = CONCAT(_query,fch,"',");
							SET _query = CONCAT(_query,v1,",",v2,",",v3,",",v4,",",v5,",",v6,",",v7,",",v8,",",v9,",",TBD,",",TNS,"),('");
							SET cont2 = cont2 + 1;
						ELSEIF cont2 = cont1 THEN
							SET _query = CONCAT(_query,fch,"',");
							SET _query = CONCAT(_query,v1,",",v2,",",v3,",",v4,",",v5,",",v6,",",v7,",",v8,",",v9,",",TBD,",",TNS);
							SET _query = CONCAT(_query,")"); 
							SET cont2 = 1;
						END IF;					
						
						SET @query = CONCAT("INSERT INTO tmp_produccion VALUES", _query);

            END LOOP LOOP2;				

        END BLOCK2;

    END LOOP LOOP1;
		
		DELETE FROM tmp_produccion;
		
		IF cont1 > 0 THEN			
			PREPARE IC FROM @query; 
			EXECUTE IC; 
			DEALLOCATE PREPARE IC;
		END IF;

END BLOCK1$$

CREATE DEFINER=`root`@`localhost` PROCEDURE `updatePasswordUser` (IN `idUsuarioC` INT, IN `oldPassword` VARCHAR(150), IN `newPassword` VARCHAR(150))  BEGIN
   SET @passActual = (SELECT `Password` FROM usuarios WHERE IdUsuario = idUsuarioC);
  IF  @passActual = oldPassword THEN 
    	UPDATE usuarios
			SET `Password` = newPassword
			WHERE IdUsuario = idUsuarioC;
			SELECT 1 AS resultado;
ELSE 
    SELECT 0 AS resultado;
  END IF;
END$$

--
-- Funciones
--
CREATE DEFINER=`root`@`localhost` FUNCTION `fn_calculoTNS` (`tipo` INT(11), `cant` DOUBLE) RETURNS DOUBLE READS SQL DATA
    DETERMINISTIC
BEGIN
	DECLARE	sumCant DOUBLE;		
SELECT
		CASE
				WHEN tipo = 1 THEN 4.99 * cant
				WHEN tipo = 2 THEN 4.99 * cant
				WHEN tipo = 3 THEN 9.98 * cant
				WHEN tipo = 4 THEN 4.51 * cant
				WHEN tipo = 5 THEN 4.99 * cant
				WHEN tipo = 6 THEN 4.51 * cant
				WHEN tipo = 7 THEN 5.85 * cant
				WHEN tipo = 8 THEN 3 * cant
				WHEN tipo = 9 THEN 5.85 * cant
				ELSE 0
		END INTO sumCant
		FROM
			articulos
		LIMIT 1;	
RETURN sumCant;
END$$

CREATE DEFINER=`root`@`localhost` FUNCTION `totalTiempoMMMQ1` (`consecutivoC` VARCHAR(10)) RETURNS INT(11) READS SQL DATA
BEGIN
DECLARE	difTotal INT;
SELECT SUM( IF (
	tm.HoraInicio > tm.HoraFin,
	TIMESTAMPDIFF(
		MINUTE,
		tm.HoraInicio,
		CONVERT ('24:00:00', time)
	) + TIMESTAMPDIFF(
		MINUTE,
		CONVERT ('00:00:00', time),
		tm.HoraFin
	),
	TIMESTAMPDIFF(MINUTE,tm.HoraInicio,tm.HoraFin)
)) INTO difTotal
FROM
	tiempos_muertos tm
WHERE
	tm.Consecutivo = consecutivoC
AND tm.Maquina = 1 and tm.Turno = '6:00am-6:00pm';
RETURN difTotal;
END$$

CREATE DEFINER=`root`@`localhost` FUNCTION `totalTiempoMMMQ2` (`consecutivoC` INT) RETURNS DOUBLE READS SQL DATA
    DETERMINISTIC
BEGIN
DECLARE	difTotal INT;
SELECT SUM( IF (
	tm.HoraInicio > tm.HoraFin,
	TIMESTAMPDIFF(
		MINUTE,
		tm.HoraInicio,
		CONVERT ('24:00:00', time)
	) + TIMESTAMPDIFF(
		MINUTE,
		CONVERT ('00:00:00', time),
		tm.HoraFin
	),
	TIMESTAMPDIFF(MINUTE,tm.HoraInicio,tm.HoraFin)
)) INTO difTotal
FROM
	tiempos_muertos tm
WHERE
	Consecutivo = consecutivoC
AND tm.Maquina = 2 and tm.Turno = '6:00am-6:00pm';
RETURN difTotal;
END$$

CREATE DEFINER=`root`@`localhost` FUNCTION `totalTiempoMMMQ3` (`consecutivoC` VARCHAR(10)) RETURNS DOUBLE READS SQL DATA
    DETERMINISTIC
BEGIN
DECLARE	difTotal INT;
SELECT SUM( IF (
	tm.HoraInicio > tm.HoraFin,
	TIMESTAMPDIFF(
		MINUTE,
		tm.HoraInicio,
		CONVERT ('24:00:00', time)
	) + TIMESTAMPDIFF(
		MINUTE,
		CONVERT ('00:00:00', time),
		tm.HoraFin
	),
	TIMESTAMPDIFF(MINUTE,tm.HoraInicio,tm.HoraFin)
)) INTO difTotal
FROM
	tiempos_muertos tm
WHERE
	tm.Consecutivo = consecutivoC
AND tm.Maquina = 3 and tm.Turno = '6:00am-6:00pm';
RETURN difTotal;
END$$

CREATE DEFINER=`root`@`localhost` FUNCTION `totalTiempoMVMQ1` (`consecutivoC` VARCHAR(10)) RETURNS DOUBLE READS SQL DATA
    DETERMINISTIC
BEGIN
DECLARE	difTotal INT;
SELECT SUM( IF (
	tm.HoraInicio > tm.HoraFin,
	TIMESTAMPDIFF(
		MINUTE,
		tm.HoraInicio,
		CONVERT ('24:00:00', time)
	) + TIMESTAMPDIFF(
		MINUTE,
		CONVERT ('00:00:00', time),
		tm.HoraFin
	),
	TIMESTAMPDIFF(MINUTE,tm.HoraInicio,tm.HoraFin)
)) INTO difTotal
FROM
	tiempos_muertos tm
WHERE
	tm.Consecutivo = consecutivoC
AND tm.Maquina = 1 and tm.Turno = '6:00pm-6:00am';
RETURN difTotal;
END$$

CREATE DEFINER=`root`@`localhost` FUNCTION `totalTiempoMVMQ2` (`consecutivoC` VARCHAR(10)) RETURNS DOUBLE READS SQL DATA
    DETERMINISTIC
BEGIN
DECLARE	difTotal INT;
SELECT SUM( IF (
	tm.HoraInicio > tm.HoraFin,
	TIMESTAMPDIFF(
		MINUTE,
		tm.HoraInicio,
		CONVERT ('24:00:00', time)
	) + TIMESTAMPDIFF(
		MINUTE,
		CONVERT ('00:00:00', time),
		tm.HoraFin
	),
	TIMESTAMPDIFF(MINUTE,tm.HoraInicio,tm.HoraFin)
)) INTO difTotal
FROM
	tiempos_muertos tm
WHERE
	tm.Consecutivo = consecutivoC
AND tm.Maquina = 2 and tm.Turno = '6:00pm-6:00am';
RETURN difTotal;
END$$

CREATE DEFINER=`root`@`localhost` FUNCTION `totalTiempoMVMQ3` (`consecutivoC` VARCHAR(10)) RETURNS DOUBLE READS SQL DATA
    DETERMINISTIC
BEGIN
DECLARE	difTotal INT;
SELECT SUM( IF (
	tm.HoraInicio > tm.HoraFin,
	TIMESTAMPDIFF(
		MINUTE,
		tm.HoraInicio,
		CONVERT ('24:00:00', time)
	) + TIMESTAMPDIFF(
		MINUTE,
		CONVERT ('00:00:00', time),
		tm.HoraFin
	),
	TIMESTAMPDIFF(MINUTE,tm.HoraInicio,tm.HoraFin)
)) INTO difTotal
FROM
	tiempos_muertos tm
WHERE
	tm.Consecutivo = consecutivoC
AND tm.Maquina = 3 and tm.Turno = '6:00pm-6:00am';
RETURN difTotal;
END$$

CREATE DEFINER=`root`@`localhost` FUNCTION `totalTMMQ1` (`consecutivoC` VARCHAR(10), `tipoC` VARCHAR(10), `maquinaC` INT) RETURNS INT(11) READS SQL DATA
    DETERMINISTIC
BEGIN	
	DECLARE	difTotal INT;	
	SET @turno = (SELECT Turno FROM turnos WHERE tipo = tipoC AND estado=1);
	SET @horaInicio = (SELECT horaInicio FROM turnos WHERE Turno = @turno);
	SET @horaFinal = (SELECT horaFinal FROM turnos WHERE Turno = @turno);
	SELECT SUM( IF (
		tm.HoraInicio > tm.HoraFin,
		TIMESTAMPDIFF(
			MINUTE,
			tm.HoraInicio,
			CONVERT ('24:00:00', time)
		) + TIMESTAMPDIFF(
			MINUTE,
			CONVERT ('00:00:00', time),
			tm.HoraFin
		),
		TIMESTAMPDIFF(MINUTE,tm.HoraInicio,tm.HoraFin)
	)) INTO difTotal
	FROM
		tiempos_muertos tm
	WHERE
		tm.Consecutivo = consecutivoC	AND tm.Maquina = maquinaC AND tm.Turno = @turno;
	RETURN difTotal;
END$$

DELIMITER ;

-- --------------------------------------------------------

--
-- Estructura de tabla para la tabla `articulos`
--

CREATE TABLE `articulos` (
  `IdArticulo` int(11) NOT NULL,
  `Descripcion` varchar(255) DEFAULT NULL,
  `Peso` varchar(10) DEFAULT NULL,
  `Estado` bit(1) DEFAULT NULL
) ENGINE=MyISAM DEFAULT CHARSET=latin1;

--
-- Volcado de datos para la tabla `articulos`
--

INSERT INTO `articulos` (`IdArticulo`, `Descripcion`, `Peso`, `Estado`) VALUES
(1, 'ECO PLUS 24/1 (bols)', '4.99', b'1'),
(2, 'ECO PLUS 6/4 (bol)', '4.99', b'1'),
(3, 'CHOLIN 1000 8/6(bols)', '9.98', b'1'),
(4, 'CHOLIN 900 (bols)', '4.51', b'1'),
(5, 'GENERICO ECO 1000 (bol)', '4.99', b'1'),
(6, 'GENERICO ECO 900 (bol)', '4.51', b'1'),
(7, 'CHOLIN HD 32/1 (bol)', '5.85', b'1'),
(8, 'Bolson  SERVILLETA', '3', b'1'),
(9, 'CHOLIN HD Gen32/1 (bol)', '5.85', b'1');

-- --------------------------------------------------------

--
-- Estructura de tabla para la tabla `cargas_pulper`
--

CREATE TABLE `cargas_pulper` (
  `IdCargaPulper` int(11) NOT NULL,
  `IdInsumo` int(11) NOT NULL,
  `Cantidad` float(11,1) DEFAULT NULL,
  `IdReporteDiario` int(11) NOT NULL
) ENGINE=InnoDB DEFAULT CHARSET=latin1;

--
-- Volcado de datos para la tabla `cargas_pulper`
--

INSERT INTO `cargas_pulper` (`IdCargaPulper`, `IdInsumo`, `Cantidad`, `IdReporteDiario`) VALUES
(1, 27, 68.5, 2),
(2, 28, 95.0, 2),
(3, 27, 65.5, 2),
(4, 30, 588.0, 2),
(5, 30, 788.0, 2),
(6, 30, 899.0, 2),
(7, 30, 300.0, 2),
(8, 30, 300.4, 2),
(9, 27, 4555.0, 2),
(10, 27, 555.0, 4),
(11, 27, 25.0, 4),
(12, 27, 3665.0, 4),
(13, 27, 584.0, 4),
(14, 27, 362.0, 4),
(15, 28, 455.0, 4),
(16, 28, 254.0, 4),
(17, 28, 214.0, 4),
(18, 28, 21.0, 4),
(19, 28, 89.9, 4),
(20, 28, 91.3, 4),
(21, 28, 500.0, 8),
(22, 27, 640.0, 8),
(23, 29, 160.0, 8),
(24, 27, 640.0, 9),
(25, 29, 160.0, 9),
(26, 27, 640.0, 9),
(27, 29, 160.0, 9),
(28, 27, 640.0, 9),
(29, 29, 160.0, 9),
(30, 27, 320.0, 9),
(31, 28, 320.0, 9),
(32, 29, 160.0, 9),
(33, 27, 320.0, 9),
(34, 28, 320.0, 9),
(35, 29, 160.0, 9),
(36, 27, 320.0, 9),
(37, 28, 320.0, 9),
(38, 29, 160.0, 9),
(39, 29, 160.0, 9),
(40, 33, 30.0, 9),
(41, 30, 15.0, 9),
(42, 27, 719.0, 13),
(43, 27, 758.0, 13),
(44, 27, 734.0, 13),
(45, 28, 160.0, 13),
(46, 28, 160.0, 13),
(47, 28, 160.0, 13),
(48, 30, 160.0, 13),
(49, 29, 160.0, 13),
(50, 27, 480.0, 14),
(51, 27, 480.0, 14),
(52, 28, 160.0, 14),
(53, 29, 160.0, 14),
(54, 30, 5.0, 14),
(56, 33, 10.0, 14),
(57, 28, 160.0, 14),
(58, 29, 160.0, 14),
(60, 27, 480.0, 14),
(61, 28, 160.0, 14),
(62, 29, 160.0, 14),
(65, 27, 480.0, 14),
(67, 28, 160.0, 14),
(68, 29, 160.0, 14),
(69, 30, 5.0, 14),
(71, 27, 480.0, 17),
(72, 28, 160.0, 17),
(73, 29, 160.0, 17),
(74, 30, 5.0, 17),
(75, 33, 10.0, 17),
(76, 27, 480.0, 17),
(77, 28, 160.0, 17),
(78, 29, 160.0, 17),
(79, 27, 480.0, 17),
(80, 28, 160.0, 17),
(81, 29, 160.0, 17),
(82, 27, 480.0, 17),
(83, 28, 160.0, 17),
(84, 29, 160.0, 17),
(85, 27, 480.0, 20),
(86, 28, 160.0, 20),
(87, 29, 160.0, 20),
(88, 27, 480.0, 20),
(89, 28, 160.0, 20),
(90, 29, 160.0, 20),
(91, 27, 480.0, 21),
(92, 28, 160.0, 21),
(93, 29, 160.0, 21),
(94, 30, 0.0, 21),
(95, 33, 0.0, 21),
(96, 27, 480.0, 23),
(97, 28, 160.0, 23),
(98, 29, 160.0, 23),
(99, 27, 480.0, 23),
(100, 28, 160.0, 23),
(101, 29, 160.0, 23),
(102, 27, 480.0, 23),
(103, 28, 160.0, 23),
(104, 29, 160.0, 23),
(105, 27, 480.0, 23),
(106, 28, 160.0, 23),
(107, 29, 160.0, 23),
(108, 27, 480.0, 23),
(109, 28, 160.0, 23),
(110, 29, 160.0, 23),
(111, 27, 480.0, 23),
(112, 28, 160.0, 23),
(113, 29, 160.0, 23),
(114, 27, 480.0, 23),
(115, 28, 160.0, 23),
(116, 29, 160.0, 23),
(117, 27, 480.0, 23),
(118, 28, 160.0, 23),
(119, 29, 160.0, 23),
(120, 27, 480.0, 24),
(121, 28, 160.0, 24),
(122, 29, 160.0, 24),
(123, 27, 480.0, 24),
(124, 28, 160.0, 24),
(125, 29, 160.0, 24),
(126, 27, 480.0, 24),
(127, 28, 160.0, 24),
(128, 29, 160.0, 24),
(129, 27, 480.0, 24),
(130, 28, 160.0, 24),
(131, 29, 160.0, 24),
(132, 27, 480.0, 24),
(133, 28, 160.0, 24),
(134, 29, 160.0, 24),
(135, 27, 480.0, 24),
(136, 28, 160.0, 24),
(137, 29, 160.0, 24),
(138, 27, 480.0, 24),
(139, 28, 160.0, 24),
(140, 29, 160.0, 24),
(141, 27, 480.0, 27),
(142, 28, 160.0, 27),
(143, 29, 160.0, 27),
(144, 27, 480.0, 27),
(145, 28, 160.0, 27),
(146, 29, 160.0, 27),
(147, 27, 480.0, 27),
(148, 28, 160.0, 27),
(149, 29, 160.0, 27),
(150, 27, 480.0, 27),
(151, 28, 160.0, 27),
(152, 29, 160.0, 27),
(153, 27, 480.0, 27),
(154, 28, 160.0, 27),
(155, 29, 160.0, 27),
(156, 30, 5.0, 27),
(157, 30, 5.0, 27),
(158, 30, 5.0, 27),
(159, 30, 5.0, 27),
(160, 30, 5.0, 27),
(161, 33, 10.0, 27),
(162, 33, 10.0, 27),
(163, 33, 10.0, 27),
(164, 33, 10.0, 27),
(165, 33, 10.0, 27),
(166, 27, 480.0, 27),
(167, 29, 160.0, 27),
(168, 28, 160.0, 27),
(169, 30, 5.0, 27),
(170, 33, 10.0, 27),
(171, 27, 480.0, 26),
(172, 28, 160.0, 26),
(173, 29, 160.0, 26),
(174, 27, 480.0, 26),
(175, 28, 160.0, 26),
(176, 29, 160.0, 26),
(177, 27, 480.0, 26),
(178, 28, 160.0, 26),
(179, 29, 160.0, 26),
(180, 27, 480.0, 26),
(181, 28, 160.0, 26),
(182, 29, 160.0, 26),
(183, 27, 480.0, 26),
(184, 28, 160.0, 26),
(185, 29, 160.0, 26),
(186, 27, 480.0, 26),
(187, 28, 160.0, 26),
(188, 29, 160.0, 26),
(189, 27, 480.0, 26),
(190, 28, 160.0, 26),
(191, 29, 160.0, 26),
(192, 27, 640.0, 32),
(193, 29, 160.0, 32),
(194, 27, 640.0, 32),
(195, 27, 640.0, 32),
(196, 27, 640.0, 32),
(197, 27, 640.0, 32),
(198, 29, 160.0, 32),
(199, 29, 160.0, 32),
(200, 29, 160.0, 32),
(201, 29, 160.0, 32),
(202, 27, 640.0, 32),
(203, 29, 160.0, 32),
(204, 27, 640.0, 33),
(205, 27, 640.0, 33),
(206, 27, 640.0, 33),
(207, 27, 640.0, 33),
(208, 29, 160.0, 33),
(209, 29, 160.0, 33),
(210, 29, 160.0, 33),
(211, 29, 160.0, 33),
(212, 27, 640.0, 33),
(213, 27, 640.0, 33),
(214, 29, 160.0, 33),
(215, 29, 160.0, 33),
(216, 27, 640.0, 33),
(217, 29, 160.0, 33),
(218, 30, 35.0, 33),
(220, 33, 70.0, 33),
(221, 27, 640.0, 34),
(222, 29, 160.0, 34),
(223, 33, 50.0, 34),
(224, 30, 25.0, 34),
(225, 27, 640.0, 34),
(226, 29, 160.0, 34),
(227, 27, 640.0, 34),
(228, 29, 160.0, 34),
(230, 29, 160.0, 34),
(232, 27, 480.0, 35),
(233, 28, 160.0, 35),
(234, 29, 160.0, 35),
(235, 29, 160.0, 35),
(236, 28, 160.0, 35),
(237, 27, 160.0, 35),
(238, 27, 480.0, 35),
(239, 27, 480.0, 35),
(240, 29, 160.0, 35),
(241, 29, 160.0, 35),
(242, 28, 160.0, 35),
(243, 28, 160.0, 35),
(244, 30, 5.0, 35),
(245, 30, 5.0, 35),
(246, 30, 5.0, 35),
(247, 30, 5.0, 35),
(248, 33, 10.0, 35),
(249, 33, 10.0, 35),
(250, 33, 10.0, 35),
(251, 33, 10.0, 35),
(252, 27, 480.0, 36),
(253, 27, 480.0, 36),
(254, 27, 480.0, 36),
(255, 28, 160.0, 36),
(256, 28, 160.0, 36),
(257, 28, 160.0, 36),
(258, 29, 160.0, 36),
(259, 29, 160.0, 36),
(260, 29, 160.0, 36),
(261, 27, 480.0, 36),
(262, 27, 480.0, 36),
(263, 28, 160.0, 36),
(264, 28, 160.0, 36),
(265, 29, 160.0, 36),
(266, 29, 160.0, 36),
(267, 27, 480.0, 36),
(268, 27, 480.0, 36),
(269, 27, 480.0, 36),
(270, 28, 160.0, 36),
(271, 28, 160.0, 36),
(272, 29, 160.0, 36),
(275, 28, 160.0, 36),
(277, 29, 160.0, 36),
(278, 30, 40.0, 36),
(279, 33, 80.0, 36),
(280, 28, 640.0, 38),
(281, 28, 640.0, 38),
(282, 28, 640.0, 38),
(283, 28, 640.0, 38),
(284, 29, 50.0, 38),
(285, 29, 30.0, 38),
(286, 29, 100.0, 38),
(287, 29, 50.0, 38),
(288, 28, 160.0, 38),
(289, 27, 480.0, 38),
(290, 30, 5.0, 38),
(291, 30, 5.0, 38),
(292, 30, 5.0, 38),
(293, 30, 5.0, 38),
(294, 30, 5.0, 38),
(295, 30, 5.0, 38),
(296, 33, 10.0, 38),
(297, 33, 10.0, 38),
(298, 33, 10.0, 38),
(299, 33, 10.0, 38),
(300, 33, 10.0, 38),
(301, 33, 10.0, 38),
(302, 27, 480.0, 38),
(303, 27, 480.0, 38),
(304, 28, 160.0, 38),
(305, 28, 160.0, 38),
(306, 30, 5.0, 38),
(307, 33, 10.0, 38),
(308, 27, 480.0, 39),
(309, 27, 480.0, 39),
(310, 27, 480.0, 39),
(311, 28, 160.0, 39),
(312, 29, 160.0, 39),
(313, 28, 160.0, 39),
(314, 29, 160.0, 39),
(315, 28, 160.0, 39),
(316, 29, 160.0, 39),
(317, 28, 160.0, 39),
(318, 29, 160.0, 39),
(319, 27, 480.0, 39),
(320, 27, 480.0, 39),
(321, 28, 160.0, 39),
(322, 29, 160.0, 39),
(323, 27, 480.0, 39),
(324, 28, 160.0, 39),
(325, 29, 160.0, 39),
(326, 30, 30.0, 39),
(327, 33, 60.0, 39),
(328, 27, 640.0, 41),
(329, 27, 640.0, 41),
(330, 29, 160.0, 41),
(331, 29, 160.0, 41),
(332, 27, 555.0, 44),
(333, 27, 698.0, 44),
(334, 27, 633.0, 44),
(335, 27, 644.0, 44),
(336, 27, 791.0, 44),
(337, 27, 673.0, 44),
(338, 28, 160.0, 44),
(339, 28, 160.0, 44),
(340, 28, 160.0, 44),
(341, 29, 160.0, 44),
(342, 29, 160.0, 44),
(343, 29, 160.0, 44),
(344, 29, 320.0, 44),
(345, 29, 320.0, 44),
(346, 29, 320.0, 44),
(347, 30, 5.0, 44),
(348, 30, 5.0, 44),
(349, 30, 5.0, 44),
(350, 30, 5.0, 44),
(351, 30, 5.0, 44),
(352, 30, 5.0, 44),
(353, 33, 10.0, 44),
(354, 33, 10.0, 44),
(355, 33, 10.0, 44),
(356, 33, 10.0, 44),
(357, 33, 10.0, 44),
(358, 33, 10.0, 44),
(359, 27, 656.0, 49),
(360, 27, 760.0, 49),
(361, 27, 760.0, 49),
(362, 29, 160.0, 49),
(363, 29, 160.0, 49),
(364, 29, 160.0, 49),
(365, 30, 5.0, 49),
(366, 30, 5.0, 49),
(367, 30, 5.0, 49),
(368, 33, 10.0, 49),
(369, 33, 10.0, 49),
(370, 33, 10.0, 49),
(371, 27, 595.0, 49),
(372, 27, 610.0, 49),
(373, 27, 480.0, 49),
(374, 29, 160.0, 49),
(375, 29, 160.0, 49),
(376, 29, 160.0, 49),
(377, 30, 5.0, 49),
(378, 30, 5.0, 49),
(379, 30, 5.0, 49),
(380, 33, 10.0, 49),
(381, 33, 10.0, 49),
(382, 33, 10.0, 49),
(383, 27, 480.0, 55),
(384, 27, 480.0, 55),
(385, 27, 480.0, 55),
(386, 28, 160.0, 55),
(387, 29, 160.0, 55),
(388, 29, 160.0, 55),
(389, 29, 160.0, 55),
(390, 28, 160.0, 55),
(391, 28, 160.0, 55),
(392, 30, 15.0, 55),
(393, 33, 30.0, 55),
(394, 27, 616.0, 62),
(395, 27, 591.0, 62),
(396, 27, 810.0, 62),
(397, 28, 80.0, 62),
(398, 28, 80.0, 62),
(399, 29, 160.0, 62),
(400, 29, 160.0, 62),
(401, 29, 160.0, 62),
(402, 30, 5.0, 62),
(403, 30, 5.0, 62),
(404, 30, 5.0, 62),
(405, 33, 10.0, 62),
(406, 33, 10.0, 62),
(407, 33, 10.0, 62),
(408, 27, 746.0, 62),
(409, 27, 720.0, 62),
(410, 28, 80.0, 62),
(411, 28, 80.0, 62),
(412, 29, 160.0, 62),
(413, 29, 160.0, 62),
(414, 30, 5.0, 62),
(415, 30, 5.0, 62),
(416, 33, 10.0, 62),
(417, 33, 10.0, 62),
(418, 27, 961.0, 62),
(419, 28, 80.0, 62),
(420, 29, 160.0, 62),
(421, 30, 5.0, 62),
(422, 33, 10.0, 62),
(423, 27, 732.0, 62),
(424, 28, 80.0, 62),
(425, 29, 160.0, 62),
(426, 30, 5.0, 62),
(427, 33, 10.0, 62),
(428, 28, 80.0, 62),
(429, 27, 630.0, 66),
(430, 27, 710.0, 66),
(431, 29, 160.0, 66),
(432, 29, 160.0, 66),
(433, 30, 5.0, 66),
(434, 30, 5.0, 66),
(436, 33, 10.0, 66),
(437, 33, 10.0, 66),
(438, 27, 712.0, 66),
(439, 27, 705.0, 66),
(440, 29, 160.0, 66),
(441, 29, 160.0, 66),
(442, 30, 5.0, 66),
(443, 30, 5.0, 66),
(444, 33, 10.0, 66),
(445, 33, 10.0, 66),
(446, 27, 632.0, 67),
(447, 29, 160.0, 67),
(448, 27, 739.0, 67),
(449, 29, 160.0, 67),
(450, 27, 706.0, 67),
(451, 29, 160.0, 67),
(452, 27, 675.0, 67),
(453, 29, 160.0, 67),
(454, 27, 670.0, 67),
(455, 29, 160.0, 67),
(456, 27, 767.0, 67),
(457, 27, 657.0, 67),
(458, 29, 150.0, 67),
(459, 29, 150.0, 67),
(460, 27, 759.0, 67),
(461, 29, 180.0, 67),
(462, 27, 627.0, 67),
(463, 29, 155.0, 67),
(464, 27, 594.5, 67),
(465, 29, 160.0, 67),
(466, 30, 50.0, 67),
(467, 33, 200.0, 67),
(468, 33, 200.0, 67),
(469, 30, 50.0, 67),
(470, 27, 630.0, 71),
(471, 27, 678.0, 71),
(472, 27, 643.0, 71),
(473, 27, 669.0, 71),
(474, 27, 700.0, 71),
(475, 27, 640.0, 71),
(476, 27, 725.0, 71),
(477, 29, 160.0, 71),
(478, 29, 160.0, 71),
(479, 29, 160.0, 71),
(480, 29, 160.0, 71),
(481, 29, 160.0, 71),
(482, 29, 160.0, 71),
(483, 29, 160.0, 71),
(484, 29, 160.0, 71),
(485, 30, 5.0, 71),
(486, 30, 5.0, 71),
(487, 30, 5.0, 71),
(488, 30, 5.0, 71),
(489, 30, 5.0, 71),
(490, 30, 5.0, 71),
(491, 30, 5.0, 71),
(492, 30, 5.0, 71),
(493, 33, 10.0, 71),
(494, 33, 10.0, 71),
(495, 33, 10.0, 71),
(496, 33, 10.0, 71),
(497, 33, 10.0, 71),
(498, 33, 10.0, 71),
(499, 33, 10.0, 71),
(500, 33, 10.0, 71),
(501, 27, 674.0, 71),
(502, 27, 546.0, 74),
(503, 27, 625.0, 74),
(504, 27, 648.0, 74),
(505, 27, 633.0, 74),
(506, 27, 671.0, 74),
(507, 29, 160.0, 74),
(508, 29, 160.0, 74),
(509, 29, 160.0, 74),
(510, 29, 160.0, 74),
(511, 29, 160.0, 74),
(512, 30, 5.0, 74),
(513, 30, 5.0, 74),
(514, 30, 5.0, 74),
(515, 30, 5.0, 74),
(516, 30, 5.0, 74),
(517, 33, 10.0, 74),
(518, 33, 10.0, 74),
(519, 33, 10.0, 74),
(520, 33, 10.0, 74),
(521, 33, 10.0, 74),
(522, 27, 746.0, 74),
(523, 29, 160.0, 74),
(524, 30, 5.0, 74),
(525, 33, 10.0, 74),
(526, 27, 754.0, 74),
(527, 29, 160.0, 74),
(528, 30, 5.0, 74),
(529, 33, 10.0, 74),
(530, 27, 705.0, 88),
(531, 27, 540.0, 88),
(532, 27, 685.0, 88),
(533, 27, 675.0, 88),
(534, 27, 662.0, 88),
(535, 29, 160.0, 88),
(536, 29, 160.0, 88),
(537, 29, 160.0, 88),
(538, 29, 160.0, 88),
(539, 29, 160.0, 88),
(540, 30, 5.0, 88),
(541, 30, 5.0, 88),
(542, 30, 5.0, 88),
(543, 30, 5.0, 88),
(544, 30, 5.0, 88),
(545, 27, 645.0, 88),
(546, 29, 160.0, 88),
(547, 30, 5.0, 88),
(548, 27, 717.0, 88),
(549, 29, 160.0, 88),
(550, 30, 5.0, 88),
(551, 27, 672.0, 102),
(552, 27, 689.0, 102),
(553, 27, 638.0, 102),
(554, 29, 160.0, 102),
(555, 29, 160.0, 102),
(556, 27, 160.0, 102),
(557, 29, 160.0, 102),
(558, 30, 15.0, 102),
(559, 33, 30.0, 102),
(560, 27, 615.0, 101),
(561, 27, 721.0, 101),
(562, 30, 10.0, 101),
(563, 33, 20.0, 101),
(564, 29, 160.0, 101),
(565, 29, 160.0, 101),
(566, 27, 647.5, 99),
(567, 27, 747.0, 99),
(568, 29, 160.0, 99),
(569, 29, 160.0, 99),
(570, 30, 10.0, 99),
(571, 33, 20.0, 99),
(572, 27, 700.0, 106),
(573, 29, 160.0, 106),
(574, 30, 5.0, 106),
(575, 33, 10.0, 106),
(576, 27, 670.0, 107),
(577, 27, 694.0, 107),
(578, 27, 734.0, 107),
(579, 29, 160.0, 107),
(580, 29, 160.0, 107),
(581, 29, 160.0, 107),
(582, 30, 15.0, 107),
(583, 33, 30.0, 107),
(584, 27, 595.0, 108),
(585, 27, 578.0, 108),
(586, 27, 508.0, 108),
(587, 27, 680.0, 108),
(588, 29, 160.0, 108),
(589, 29, 160.0, 108),
(590, 29, 160.0, 108),
(591, 29, 160.0, 108),
(592, 30, 20.0, 108),
(593, 33, 40.0, 108),
(594, 27, 699.0, 109),
(595, 27, 880.0, 109),
(596, 29, 160.0, 109),
(597, 29, 160.0, 109),
(598, 30, 10.0, 109),
(599, 33, 20.0, 109),
(600, 27, 705.5, 110),
(601, 27, 662.0, 110),
(602, 27, 605.0, 110),
(603, 27, 626.0, 110),
(604, 28, 84.0, 110),
(605, 29, 160.0, 110),
(606, 28, 84.0, 110),
(607, 28, 84.0, 110),
(608, 29, 42.0, 110),
(609, 29, 42.0, 110),
(610, 29, 42.0, 110),
(611, 30, 20.0, 110),
(612, 33, 40.0, 110),
(613, 27, 688.0, 111),
(614, 27, 685.0, 111),
(615, 27, 650.0, 111),
(616, 27, 633.0, 111),
(617, 27, 670.0, 111),
(618, 27, 585.0, 111),
(619, 29, 42.0, 111),
(620, 29, 42.0, 111),
(621, 29, 42.0, 111),
(622, 29, 42.0, 111),
(623, 29, 42.0, 111),
(624, 29, 42.0, 111),
(625, 28, 84.0, 111),
(626, 28, 84.0, 111),
(627, 28, 84.0, 111),
(628, 28, 84.0, 111),
(629, 28, 84.0, 111),
(630, 28, 84.0, 111),
(631, 30, 30.0, 111),
(632, 33, 60.0, 111),
(633, 27, 626.0, 112),
(634, 27, 667.0, 112),
(635, 29, 160.0, 112),
(636, 29, 160.0, 112),
(637, 29, 160.0, 112),
(638, 27, 691.0, 112),
(639, 30, 15.0, 112),
(640, 33, 30.0, 112),
(641, 27, 652.5, 113),
(642, 27, 722.0, 113),
(643, 30, 10.0, 113),
(644, 33, 20.0, 113),
(645, 29, 160.0, 113),
(647, 29, 160.0, 113),
(648, 27, 627.0, 115),
(649, 27, 695.0, 115),
(650, 27, 573.0, 115),
(651, 27, 734.0, 115),
(652, 29, 160.0, 115),
(653, 29, 160.0, 115),
(654, 29, 160.0, 115),
(655, 29, 160.0, 115),
(656, 30, 20.0, 115),
(657, 33, 40.0, 115),
(658, 27, 668.0, 116),
(659, 29, 160.0, 116),
(660, 30, 5.0, 116),
(661, 33, 10.0, 116),
(662, 27, 768.0, 117),
(663, 27, 660.5, 117),
(664, 27, 778.5, 117),
(665, 29, 160.0, 117),
(666, 29, 160.0, 117),
(667, 29, 160.0, 117),
(668, 30, 15.0, 117),
(669, 33, 30.0, 117),
(670, 27, 720.0, 118),
(671, 27, 660.0, 118),
(672, 29, 160.0, 118),
(673, 29, 160.0, 118),
(674, 30, 10.0, 118),
(675, 33, 20.0, 118),
(676, 27, 662.0, 119),
(677, 29, 160.0, 119),
(678, 30, 5.0, 119),
(679, 33, 10.0, 119),
(680, 27, 620.0, 121),
(681, 27, 384.0, 121),
(682, 27, 635.0, 121),
(683, 27, 575.0, 121),
(684, 27, 645.0, 121),
(685, 29, 160.0, 121),
(686, 29, 160.0, 121),
(687, 29, 160.0, 121),
(688, 29, 160.0, 121),
(689, 29, 160.0, 121),
(690, 30, 25.0, 121),
(691, 33, 50.0, 121),
(692, 27, 517.0, 120),
(693, 27, 616.0, 120),
(694, 29, 160.0, 120),
(695, 29, 160.0, 120),
(696, 28, 40.0, 120),
(697, 28, 40.0, 120),
(698, 30, 10.0, 120),
(699, 33, 20.0, 120),
(700, 27, 742.0, 122),
(701, 27, 736.0, 122),
(702, 29, 160.0, 122),
(703, 29, 160.0, 122),
(704, 30, 10.0, 122),
(705, 33, 20.0, 122),
(706, 27, 810.0, 123),
(707, 27, 664.0, 123),
(708, 27, 585.0, 123),
(709, 27, 715.0, 123),
(710, 29, 160.0, 123),
(711, 29, 160.0, 123),
(712, 29, 160.0, 123),
(713, 29, 160.0, 123),
(714, 30, 20.0, 123),
(715, 33, 40.0, 123),
(716, 27, 664.0, 124),
(717, 27, 667.0, 124),
(718, 27, 642.0, 124),
(719, 29, 160.0, 124),
(720, 29, 160.0, 124),
(721, 29, 160.0, 124),
(722, 30, 15.0, 124),
(723, 33, 30.0, 124),
(724, 27, 611.0, 125),
(725, 27, 663.0, 125),
(726, 27, 631.5, 125),
(727, 29, 160.0, 125),
(728, 29, 160.0, 125),
(729, 29, 160.0, 125),
(730, 30, 15.0, 125),
(731, 33, 30.0, 125),
(732, 27, 560.0, 126),
(733, 27, 665.0, 126),
(734, 27, 664.0, 126),
(735, 27, 697.0, 126),
(736, 27, 626.0, 126),
(737, 29, 160.0, 126),
(738, 29, 160.0, 126),
(739, 29, 160.0, 126),
(740, 29, 160.0, 126),
(741, 29, 160.0, 126),
(742, 30, 30.0, 126),
(743, 33, 60.0, 126),
(744, 27, 700.0, 127),
(745, 29, 100.0, 127),
(746, 30, 5.0, 127),
(747, 33, 10.0, 127),
(748, 27, 55.0, 131),
(749, 27, 56.0, 131),
(750, 27, 66.0, 131),
(751, 27, 59.0, 131),
(752, 27, 48.0, 131),
(753, 28, 55.0, 131),
(754, 28, 63.0, 131),
(755, 28, 622.0, 131);

-- --------------------------------------------------------

--
-- Estructura de tabla para la tabla `categoria`
--

CREATE TABLE `categoria` (
  `IdCategoria` int(11) NOT NULL,
  `categoria` varchar(100) NOT NULL
) ENGINE=InnoDB DEFAULT CHARSET=latin1;

--
-- Volcado de datos para la tabla `categoria`
--

INSERT INTO `categoria` (`IdCategoria`, `categoria`) VALUES
(1, 'RPTD CARGAS PULPER'),
(2, 'RPTD INSUMOS'),
(3, 'LDP MATERIA PRIMA'),
(4, 'RPTD  PASTA');

-- --------------------------------------------------------

--
-- Estructura de tabla para la tabla `consumoelectrico`
--

CREATE TABLE `consumoelectrico` (
  `idConsumoElec` int(10) UNSIGNED NOT NULL,
  `fechaInicio` date NOT NULL,
  `fechaFin` date NOT NULL,
  `horaInicio` time NOT NULL,
  `horaFinal` time NOT NULL,
  `consumoInicial` decimal(10,2) NOT NULL,
  `consumoFinal` decimal(10,2) NOT NULL,
  `consecutivo` varchar(10) DEFAULT NULL
) ENGINE=InnoDB DEFAULT CHARSET=latin1;

--
-- Volcado de datos para la tabla `consumoelectrico`
--

INSERT INTO `consumoelectrico` (`idConsumoElec`, `fechaInicio`, `fechaFin`, `horaInicio`, `horaFinal`, `consumoInicial`, `consumoFinal`, `consecutivo`) VALUES
(1, '2017-07-28', '2017-07-28', '06:00:00', '06:00:00', '7934.00', '7900.00', '1-5657'),
(2, '2017-08-29', '2017-08-30', '06:00:00', '06:00:00', '8436.00', '8449.00', '1-1708'),
(3, '2017-09-18', '2017-09-18', '06:00:00', '06:00:00', '4500.00', '1500.00', '1-4545'),
(4, '2017-11-10', '2017-11-11', '06:00:00', '06:00:00', '9343.00', '9356.00', '1-1893'),
(5, '2017-11-23', '2017-11-24', '06:00:00', '06:00:00', '9426.00', '9439.00', '1-1949'),
(6, '2017-11-25', '2017-11-26', '06:00:00', '06:00:00', '9451.00', '9466.00', '1-1957'),
(7, '2017-11-26', '2017-11-27', '06:00:00', '06:00:00', '9466.00', '9476.00', '1-1960'),
(8, '2017-11-27', '2017-11-28', '06:00:00', '06:00:00', '9476.00', '9484.00', '1-1965'),
(9, '2017-11-28', '2017-11-29', '06:00:00', '06:00:00', '9484.00', '9495.00', '1-1970'),
(10, '2017-11-29', '2017-11-30', '06:00:00', '06:00:00', '9495.00', '9506.00', '1-1976'),
(11, '2017-12-04', '2017-12-05', '06:00:00', '06:00:00', '4555.00', '4560.00', '1-9632');

-- --------------------------------------------------------

--
-- Estructura de tabla para la tabla `control_piso`
--

CREATE TABLE `control_piso` (
  `idControlPiso` int(11) NOT NULL,
  `noOrden` int(11) NOT NULL,
  `consecutivo` varchar(10) NOT NULL,
  `fechaInicio` date NOT NULL,
  `fechaFinalizacion` date NOT NULL,
  `fechaCreacion` date NOT NULL,
  `producto` varchar(50) NOT NULL,
  `grupo` varchar(50) NOT NULL,
  `maquina` varchar(20) DEFAULT NULL,
  `horaInicio` time DEFAULT NULL,
  `horaFinal` time NOT NULL,
  `rptPasta` bit(1) DEFAULT NULL
) ENGINE=InnoDB DEFAULT CHARSET=latin1;

--
-- Volcado de datos para la tabla `control_piso`
--

INSERT INTO `control_piso` (`idControlPiso`, `noOrden`, `consecutivo`, `fechaInicio`, `fechaFinalizacion`, `fechaCreacion`, `producto`, `grupo`, `maquina`, `horaInicio`, `horaFinal`, `rptPasta`) VALUES
(1, 5657, '1-5657', '2017-07-28', '2017-07-29', '2017-08-02', 'higienico', 'grupo 1- grupo 3', '1-2', '06:00:00', '06:00:00', b'1'),
(2, 1708, '1-1708', '2017-08-28', '2017-08-28', '2017-08-30', 'higienico', '1-2-3', '1-2', '06:00:00', '14:00:00', b'1'),
(4, 1725, '1-1725', '2017-09-11', '2017-09-12', '2017-09-20', 'higienico', '1-2-3', '1-2', '06:00:00', '06:00:00', b'0'),
(5, 4545, '1-4545', '2017-09-18', '2017-09-18', '2017-09-22', 'higienico', '1-2-3', '1-2', '06:00:00', '14:00:00', b'1'),
(6, 1893, '1-1893', '2017-11-10', '2017-11-11', '2017-11-17', 'higiénico', '1;2;', '1-2', '06:00:00', '06:00:00', b'1'),
(7, 1928, '1-1928', '2017-11-20', '2017-11-21', '2017-11-21', 'higiénico', 'indefinido-indefinid', '0-2', '06:00:00', '06:00:00', b'1'),
(8, 1943, '1-1943', '2017-11-22', '2017-11-23', '2017-11-23', 'higiénico', 'indefinido-indefinid', '1-2', '06:00:00', '06:00:00', b'1'),
(9, 1949, '1-1949', '2017-11-23', '2017-11-24', '2017-11-24', 'higiénico', 'indefinido-indefinid', '0-0', '06:00:00', '06:00:00', b'1'),
(10, 1957, '1-1957', '2017-11-25', '2017-11-26', '2017-11-28', 'higienico', 'indefinido-indefinid', '0-0', '06:00:00', '06:00:00', b'0'),
(11, 1960, '1-1960', '2017-11-26', '2017-11-27', '2017-11-29', 'higiénico', 'indefinido-indefinid', '1-0', '06:00:00', '06:00:00', b'0'),
(12, 1965, '1-1965', '2017-11-27', '2017-11-28', '2017-11-30', 'higiénico', 'indefinido-indefinid', '1-0', '06:00:00', '06:00:00', b'1'),
(13, 1970, '1-1970', '2017-11-28', '2017-11-29', '2017-11-30', 'higiénico', 'indefinido-indefinid', '1-0', '06:00:00', '06:00:00', b'1'),
(14, 1976, '1-1976', '2017-11-29', '2017-11-30', '2017-12-01', 'higiénico', 'indefinido-indefinid', '1-0', '06:00:00', '06:00:00', b'1'),
(15, 9632, '1-9632', '2017-12-04', '2017-12-04', '2017-12-04', 'Higienico', 'grupo1- grupo 2', '1-2', '06:00:00', '14:00:00', b'1');

-- --------------------------------------------------------

--
-- Estructura de tabla para la tabla `control_piso_detalle`
--

CREATE TABLE `control_piso_detalle` (
  `idDetalle` int(11) UNSIGNED NOT NULL,
  `tipo` varchar(50) NOT NULL,
  `codigo` varchar(50) NOT NULL,
  `descripcion` varchar(50) NOT NULL,
  `unidadMedida` varchar(10) NOT NULL,
  `requisado` decimal(11,2) NOT NULL,
  `piso` decimal(11,2) NOT NULL,
  `consumo` decimal(11,2) NOT NULL,
  `idControlPiso` int(11) NOT NULL,
  `IdInsumo` int(11) DEFAULT NULL
) ENGINE=InnoDB DEFAULT CHARSET=latin1;

--
-- Volcado de datos para la tabla `control_piso_detalle`
--

INSERT INTO `control_piso_detalle` (`idDetalle`, `tipo`, `codigo`, `descripcion`, `unidadMedida`, `requisado`, `piso`, `consumo`, `idControlPiso`, `IdInsumo`) VALUES
(1, 'quimico', '45', 'Peroxido', 'kg', '55.00', '5.00', '50.00', 1, 14),
(2, 'QUIMICO', '55', 'policloruro de aluminio (PAC)', 'KG', '55.00', '5.00', '50.00', 1, 16),
(3, 'Fibra', '788', 'Mezclado de primera', 'kg', '888.00', '8.00', '880.00', 1, 21),
(4, 'Fibra', '45', 'Blanco impreso', 'kg', '555.00', '5.00', '5.00', 2, 27),
(5, 'Fibra', '45', 'MEZCLADO (COLOR)', 'kg', '45.00', '5.00', '5.00', 2, 28),
(6, 'quimico', '0', 'Peroxido', 'kg', '170.00', '125.00', '45.00', 2, 30),
(7, 'Fibra', '45', 'Blanco impreso', 'kg', '555.00', '5.00', '5.00', 3, 27),
(8, 'Fibra', '45', 'MEZCLADO (COLOR)', 'kg', '45.00', '5.00', '5.00', 3, 28),
(9, 'Fibra', '45', 'Blanco impreso', 'kg', '555.00', '5.00', '5.00', 4, 27),
(10, 'Fibra', '45', 'Blanco impreso', 'kg', '555.00', '5.00', '5.00', 5, 27),
(11, 'Fibra', '45', 'Blanco impreso', 'kg', '555.00', '5.00', '5.00', 6, 27),
(12, 'Fibra', '45', 'Merma', 'kg', '85.00', '5.00', '80.00', 6, 29),
(13, 'QUIMICO', '0', 'oxido de polietileno(PEO)', 'KG', '563.00', '563.00', '0.00', 6, 31),
(14, 'quimico', '0', 'Peroxido', 'kg', '170.00', '125.00', '45.00', 6, 30),
(15, 'quimico', '0', 'Policrialamida(PAM)', 'kg', '300.00', '199.50', '100.50', 6, 34),
(16, 'Quimico', '0', 'Policloruro de Aluminio(PAC)', 'KG', '275.00', '150.00', '125.00', 6, 66),
(17, 'quimico', '0', 'CMC', 'kg', '535.00', '535.00', '0.00', 6, 60),
(18, 'Fibra', '45', 'Blanco impreso', 'kg', '555.00', '5.00', '5.00', 7, 27),
(19, 'Fibra', '45', 'Merma', 'kg', '85.00', '5.00', '80.00', 7, 29),
(20, 'quimico', '0', 'Peroxido', 'kg', '170.00', '125.00', '45.00', 7, 30),
(21, 'quimico', '0', 'Soda Caustica', 'kg', '340.00', '250.00', '90.00', 7, 33),
(22, 'quimico', '0', 'Policrialamida(PAM)', 'kg', '300.00', '199.50', '100.50', 7, 34),
(23, 'Quimico', '0', 'Policloruro de Aluminio(PAC)', 'KG', '275.00', '150.00', '125.00', 7, 66),
(24, 'Fibra', '45', 'Blanco impreso', 'kg', '555.00', '5.00', '5.00', 8, 27),
(25, 'Fibra', '45', 'Merma', 'kg', '85.00', '5.00', '80.00', 8, 29),
(26, 'quimico', '0', 'Peroxido', 'kg', '170.00', '125.00', '45.00', 8, 30),
(27, 'quimico', '0', 'Soda Caustica', 'kg', '340.00', '250.00', '90.00', 8, 33),
(28, 'quimico', '0', 'Policrialamida(PAM)', 'kg', '300.00', '199.50', '100.50', 8, 34),
(29, 'Quimico', '0', 'Policloruro de Aluminio(PAC)', 'KG', '275.00', '150.00', '125.00', 8, 66),
(30, 'Fibra', '45', 'Blanco impreso', 'kg', '555.00', '5.00', '5.00', 9, 27),
(31, 'Fibra', '45', 'Merma', 'kg', '85.00', '5.00', '80.00', 9, 29),
(32, 'quimico', '0', 'Peroxido', 'kg', '170.00', '125.00', '45.00', 9, 30),
(33, 'quimico', '0', 'Soda Caustica', 'kg', '340.00', '250.00', '90.00', 9, 33),
(34, 'quimico', '0', 'Policrialamida(PAM)', 'kg', '300.00', '199.50', '100.50', 9, 34),
(35, 'Quimico', '0', 'Policloruro de Aluminio(PAC)', 'KG', '275.00', '150.00', '125.00', 9, 66),
(36, 'Fibra', '45', 'Blanco impreso', 'kg', '555.00', '5.00', '5.00', 10, 27),
(37, 'Fibra', '45', 'Merma', 'kg', '85.00', '5.00', '80.00', 10, 29),
(38, 'quimico', '0', 'Peroxido', 'kg', '170.00', '125.00', '45.00', 10, 30),
(39, 'quimico', '0', 'Soda Caustica', 'kg', '340.00', '250.00', '90.00', 10, 33),
(40, 'quimico', '0', 'Policrialamida(PAM)', 'kg', '300.00', '199.50', '100.50', 10, 34),
(41, 'Quimico', '0', 'Policloruro de Aluminio(PAC)', 'KG', '275.00', '150.00', '125.00', 10, 66),
(42, 'Fibra', '45', 'Blanco impreso', 'kg', '555.00', '5.00', '5.00', 11, 27),
(43, 'quimico', '0', 'Peroxido', 'kg', '170.00', '125.00', '45.00', 11, 30),
(44, 'Quimico', '0', 'Policloruro de Aluminio(PAC)', 'KG', '275.00', '150.00', '125.00', 11, 66),
(45, 'quimico', '0', 'Policrialamida(PAM)', 'kg', '300.00', '199.50', '100.50', 11, 34),
(46, 'Fibra', '45', 'Blanco impreso', 'kg', '555.00', '5.00', '5.00', 12, 27),
(47, 'Fibra', '45', 'Merma', 'kg', '85.00', '5.00', '80.00', 12, 29),
(48, 'quimico', '0', 'Peroxido', 'kg', '170.00', '125.00', '45.00', 12, 30),
(49, 'quimico', '0', 'Soda Caustica', 'kg', '340.00', '250.00', '90.00', 12, 33),
(50, 'quimico', '0', 'Policrialamida(PAM)', 'kg', '300.00', '199.50', '100.50', 12, 34),
(51, 'Quimico', '0', 'Policloruro de Aluminio(PAC)', 'KG', '275.00', '150.00', '125.00', 12, 66),
(52, 'QUIMICO', '0', 'oxido de polietileno(PEO)', 'KG', '563.00', '563.00', '0.00', 12, 31),
(53, 'quimico', '0', 'CMC', 'kg', '535.00', '535.00', '0.00', 12, 60),
(54, 'Fibra', '45', 'Blanco impreso', 'kg', '555.00', '5.00', '5.00', 13, 27),
(55, 'Fibra', '45', 'Merma', 'kg', '85.00', '5.00', '80.00', 13, 29),
(56, 'QUIMICO', '0', 'oxido de polietileno(PEO)', 'KG', '563.00', '563.00', '0.00', 13, 31),
(57, 'quimico', '0', 'Peroxido', 'kg', '170.00', '125.00', '45.00', 13, 30),
(58, 'quimico', '0', 'Soda Caustica', 'kg', '340.00', '250.00', '90.00', 13, 33),
(59, 'quimico', '0', 'Policrialamida(PAM)', 'kg', '300.00', '199.50', '100.50', 13, 34),
(60, 'Quimico', '0', 'Policloruro de Aluminio(PAC)', 'KG', '275.00', '150.00', '125.00', 13, 66),
(61, 'quimico', '0', 'CMC', 'kg', '535.00', '535.00', '0.00', 13, 60),
(62, 'Fibra', '45', 'Blanco impreso', 'kg', '555.00', '5.00', '5.00', 14, 27),
(63, 'Fibra', '45', 'Merma', 'kg', '85.00', '5.00', '80.00', 14, 29),
(64, 'quimico', '0', 'Peroxido', 'kg', '170.00', '125.00', '45.00', 14, 30),
(65, 'QUIMICO', '0', 'oxido de polietileno(PEO)', 'KG', '563.00', '563.00', '0.00', 14, 31),
(66, 'quimico', '0', 'Soda Caustica', 'kg', '340.00', '250.00', '90.00', 14, 33),
(67, 'quimico', '0', 'Policrialamida(PAM)', 'kg', '300.00', '199.50', '100.50', 14, 34),
(68, 'Quimico', '0', 'Policloruro de Aluminio(PAC)', 'KG', '275.00', '150.00', '125.00', 14, 66),
(69, 'quimico', '0', 'CMC', 'kg', '535.00', '535.00', '0.00', 14, 60),
(70, 'Fibra', '45', 'Blanco impreso', 'kg', '555.00', '5.00', '5.00', 15, 27),
(71, 'Fibra', '45', 'MEZCLADO (COLOR)', 'kg', '45.00', '5.00', '5.00', 15, 28),
(72, 'Fibra', '45', 'Merma', 'kg', '85.00', '5.00', '80.00', 15, 29);

-- --------------------------------------------------------

--
-- Estructura de tabla para la tabla `detalle_planes`
--

CREATE TABLE `detalle_planes` (
  `IdDetallePlan` int(11) NOT NULL,
  `IdPlan` int(11) NOT NULL,
  `Categoria` varchar(255) DEFAULT NULL,
  `IdInsumo` int(11) DEFAULT NULL
) ENGINE=InnoDB DEFAULT CHARSET=utf8;

--
-- Volcado de datos para la tabla `detalle_planes`
--

INSERT INTO `detalle_planes` (`IdDetallePlan`, `IdPlan`, `Categoria`, `IdInsumo`) VALUES
(1, 10, '2', 14),
(2, 10, '2', 16),
(3, 10, '2', 17),
(4, 10, '2', 19),
(5, 10, '1', 27),
(6, 10, '4', 1),
(7, 10, '4', 2),
(8, 10, '4', 3),
(9, 10, '1', 28),
(10, 10, '1', 29),
(11, 10, '1', 30),
(12, 11, '2', 31),
(13, 11, '2', 32),
(14, 11, '2', 34),
(15, 11, '2', 35),
(16, 11, '2', 36),
(17, 11, '2', 39),
(18, 11, '2', 49),
(19, 11, '2', 54),
(20, 11, '2', 55),
(21, 11, '2', 56),
(22, 11, '2', 57),
(23, 11, '2', 58),
(24, 11, '2', 59),
(25, 11, '2', 60),
(26, 11, '2', 61),
(27, 11, '2', 62),
(28, 11, '1', 27),
(29, 11, '1', 28),
(30, 11, '1', 29),
(31, 11, '1', 30),
(32, 11, '1', 33),
(33, 11, '4', 1),
(34, 11, '4', 2),
(35, 11, '4', 3),
(36, 11, '4', 4),
(37, 11, '4', 5),
(38, 11, '4', 6),
(39, 11, '2', 63),
(40, 11, '2', 66);

-- --------------------------------------------------------

--
-- Estructura de tabla para la tabla `horas_molienda`
--

CREATE TABLE `horas_molienda` (
  `IdHora` int(11) NOT NULL,
  `carga` varchar(100) NOT NULL,
  `horaInicio` time NOT NULL,
  `horaFin` time NOT NULL,
  `IdReporteDiario` int(11) NOT NULL
) ENGINE=InnoDB DEFAULT CHARSET=latin1;

--
-- Volcado de datos para la tabla `horas_molienda`
--

INSERT INTO `horas_molienda` (`IdHora`, `carga`, `horaInicio`, `horaFin`, `IdReporteDiario`) VALUES
(1, 'BATIDO', '06:10:00', '07:30:00', 2),
(2, 'BATIDO', '07:40:00', '08:05:00', 2),
(3, 'BATIDO', '19:00:00', '19:30:00', 4),
(4, 'BATIDO', '07:00:00', '07:50:00', 8),
(5, 'BATIDO', '07:00:00', '08:00:00', 9),
(6, 'BATIDO', '08:20:00', '09:10:00', 9),
(7, 'BATIDO', '09:30:00', '10:30:00', 9),
(8, 'BATIDO', '11:30:00', '00:00:00', 9),
(9, 'BATIDO', '12:10:00', '12:40:00', 9),
(10, 'BATIDO', '13:30:00', '14:00:00', 9),
(11, 'BATIDO', '08:00:00', '09:00:00', 14),
(12, 'BATIDO', '09:00:00', '10:00:00', 14),
(13, 'BATIDO', '10:30:00', '11:30:00', 14),
(14, 'BATIDO', '13:00:00', '14:00:00', 14),
(15, 'BATIDO', '08:00:00', '09:00:00', 17),
(16, 'BATIDO', '10:00:00', '11:00:00', 17),
(17, 'BATIDO', '11:30:00', '12:30:00', 17),
(18, 'BATIDO', '13:00:00', '14:00:00', 17),
(19, 'BATIDO', '08:00:00', '09:00:00', 20),
(20, 'BATIDO', '10:00:00', '11:00:00', 20),
(21, 'BATIDO', '21:10:00', '21:40:00', 21),
(22, 'BATIDO', '06:30:00', '07:00:00', 23),
(23, 'BATIDO', '08:00:00', '08:30:00', 23),
(24, 'BATIDO', '09:00:00', '09:30:00', 23),
(25, 'BATIDO', '10:00:00', '10:30:00', 23),
(26, 'BATIDO', '11:00:00', '11:30:00', 23),
(27, 'BATIDO', '00:00:00', '12:30:00', 23),
(28, 'BATIDO', '12:30:00', '13:00:00', 23),
(29, 'BATIDO', '13:30:00', '14:00:00', 23),
(30, 'BATIDO', '15:00:00', '15:30:00', 24),
(31, 'BATIDO', '16:00:00', '16:30:00', 24),
(32, 'BATIDO', '17:30:00', '18:00:00', 24),
(33, 'BATIDO', '19:00:00', '19:30:00', 24),
(34, 'BATIDO', '20:00:00', '20:30:00', 24),
(35, 'BATIDO', '20:30:00', '21:00:00', 24),
(36, 'BATIDO', '21:00:00', '21:30:00', 24),
(37, 'BATIDO', '18:00:00', '18:30:00', 27),
(38, 'BATIDO', '18:30:00', '19:00:00', 27),
(39, 'BATIDO', '19:00:00', '19:30:00', 27),
(40, 'BATIDO', '19:40:00', '20:10:00', 27),
(41, 'BATIDO', '20:10:00', '20:40:00', 27),
(42, 'BATIDO', '20:40:00', '21:10:00', 27),
(43, 'BATIDO', '09:00:00', '09:30:00', 26),
(44, 'BATIDO', '09:30:00', '10:00:00', 26),
(45, 'BATIDO', '10:30:00', '11:00:00', 26),
(46, 'BATIDO', '11:00:00', '11:30:00', 26),
(47, 'BATIDO', '11:30:00', '12:30:00', 26),
(48, 'BATIDO', '12:30:00', '13:00:00', 26),
(49, 'BATIDO', '13:30:00', '14:00:00', 26),
(50, 'BATIDO', '13:30:00', '14:00:00', 26),
(51, 'BATIDO', '06:00:00', '06:30:00', 32),
(52, 'BATIDO', '07:00:00', '07:30:00', 32),
(53, 'BATIDO', '08:00:00', '08:30:00', 32),
(54, 'BATIDO', '09:00:00', '09:30:00', 32),
(55, 'BATIDO', '10:00:00', '10:30:00', 32),
(56, 'BATIDO', '13:00:00', '13:30:00', 32),
(57, 'BATIDO', '15:40:00', '16:40:00', 33),
(58, 'BATIDO', '16:45:00', '17:45:00', 33),
(59, 'BATIDO', '17:50:00', '18:30:00', 33),
(60, 'BATIDO', '18:45:00', '19:15:00', 33),
(61, 'BATIDO', '19:20:00', '20:20:00', 33),
(62, 'BATIDO', '20:45:00', '21:19:00', 33),
(63, 'BATIDO', '20:45:00', '21:20:00', 33),
(64, 'BATIDO', '21:25:00', '22:00:00', 33),
(65, 'BATIDO', '11:00:00', '11:30:00', 35),
(66, 'BATIDO', '11:30:00', '12:30:00', 35),
(67, 'BATIDO', '13:00:00', '13:30:00', 35),
(68, 'BATIDO', '13:30:00', '14:00:00', 35),
(69, 'BATIDO', '14:30:00', '14:50:00', 36),
(70, 'BATIDO', '15:00:00', '15:20:00', 36),
(71, 'BATIDO', '15:30:00', '16:20:00', 36),
(72, 'BATIDO', '16:30:00', '17:10:00', 36),
(73, 'BATIDO', '17:30:00', '18:30:00', 36),
(74, 'BATIDO', '19:00:00', '19:50:00', 36),
(75, 'BATIDO', '20:15:00', '20:30:00', 36),
(76, 'BATIDO', '21:00:00', '22:00:00', 36),
(77, 'BATIDO', '06:00:00', '06:30:00', 38),
(78, 'BATIDO', '07:00:00', '07:30:00', 38),
(79, 'BATIDO', '08:00:00', '08:30:00', 38),
(80, 'BATIDO', '12:00:00', '12:30:00', 38),
(81, 'BATIDO', '09:00:00', '09:30:00', 38),
(82, 'BATIDO', '13:00:00', '13:30:00', 38),
(83, 'BATIDO', '13:30:00', '14:00:00', 38),
(84, 'BATIDO', '14:20:00', '15:00:00', 39),
(85, 'BATIDO', '15:30:00', '16:10:00', 39),
(86, 'BATIDO', '16:30:00', '17:10:00', 39),
(87, 'BATIDO', '17:40:00', '18:30:00', 39),
(88, 'BATIDO', '18:40:00', '19:40:00', 39),
(89, 'BATIDO', '20:30:00', '22:00:00', 39),
(90, 'BATIDO', '07:00:00', '07:30:00', 41),
(91, 'BATIDO', '06:00:00', '06:30:00', 41),
(92, 'BATIDO', '23:00:00', '12:00:00', 49),
(93, 'BATIDO', '12:10:00', '01:10:00', 49),
(94, 'BATIDO', '01:30:00', '02:10:00', 49),
(95, 'BATIDO', '02:40:00', '03:40:00', 49),
(96, 'BATIDO', '04:00:00', '05:00:00', 49),
(97, 'BATIDO', '05:10:00', '06:00:00', 49),
(98, 'BATIDO', '07:00:00', '08:00:00', 55),
(99, 'BATIDO', '20:10:00', '20:40:00', 55),
(100, 'BATIDO', '20:50:00', '21:40:00', 55),
(101, 'BATIDO', '14:00:00', '14:30:00', 62),
(102, 'BATIDO', '15:00:00', '15:30:00', 62),
(103, 'BATIDO', '16:00:00', '16:30:00', 62),
(104, 'BATIDO', '17:00:00', '17:30:00', 62),
(105, 'BATIDO', '18:00:00', '18:30:00', 62),
(106, 'BATIDO', '19:00:00', '19:30:00', 62),
(107, 'BATIDO', '20:30:00', '21:00:00', 62),
(108, 'BATIDO', '06:00:00', '06:30:00', 66),
(109, 'BATIDO', '09:30:00', '10:00:00', 66),
(110, 'BATIDO', '10:30:00', '11:00:00', 66),
(111, 'BATIDO', '11:30:00', '12:00:00', 66),
(112, 'BATIDO', '12:30:00', '13:30:00', 67),
(113, 'BATIDO', '13:30:00', '14:30:00', 67),
(114, 'BATIDO', '14:40:00', '15:40:00', 67),
(115, 'BATIDO', '15:45:00', '16:00:00', 67),
(116, 'BATIDO', '16:15:00', '17:15:00', 67),
(117, 'BATIDO', '17:20:00', '18:20:00', 67),
(118, 'BATIDO', '18:40:00', '19:20:00', 67),
(119, 'BATIDO', '19:30:00', '20:10:00', 67),
(120, 'BATIDO', '20:30:00', '21:00:00', 67),
(121, 'BATIDO', '21:10:00', '22:00:00', 67),
(122, 'BATIDO', '22:00:00', '22:30:00', 71),
(123, 'BATIDO', '23:00:00', '23:30:00', 71),
(124, 'BATIDO', '12:00:00', '12:30:00', 71),
(125, 'BATIDO', '01:00:00', '01:30:00', 71),
(126, 'BATIDO', '02:00:00', '02:30:00', 71),
(127, 'BATIDO', '03:00:00', '03:30:00', 71),
(128, 'BATIDO', '04:00:00', '04:30:00', 71),
(129, 'BATIDO', '22:00:00', '22:30:00', 74),
(130, 'BATIDO', '23:00:00', '23:30:00', 74),
(131, 'BATIDO', '12:00:00', '12:30:00', 74),
(132, 'BATIDO', '01:00:00', '01:30:00', 74),
(133, 'BATIDO', '02:00:00', '02:30:00', 74),
(134, 'BATIDO', '03:00:00', '03:30:00', 74),
(135, 'BATIDO', '04:00:00', '04:30:00', 74),
(136, 'BATIDO', '14:00:00', '14:30:00', 88),
(137, 'BATIDO', '15:00:00', '15:30:00', 88),
(138, 'BATIDO', '16:00:00', '16:30:00', 88),
(139, 'BATIDO', '17:00:00', '17:30:00', 88),
(140, 'BATIDO', '18:00:00', '18:30:00', 88),
(141, 'BATIDO', '20:00:00', '20:30:00', 88),
(142, 'BATIDO', '15:00:00', '16:00:00', 102),
(143, 'BATIDO', '18:35:00', '19:00:00', 102),
(144, 'BATIDO', '16:30:00', '17:30:00', 102),
(145, 'BATIDO', '10:30:00', '00:30:00', 106),
(146, 'BATIDO', '15:00:00', '16:00:00', 107),
(147, 'BATIDO', '16:04:00', '17:00:00', 107),
(148, 'BATIDO', '17:30:00', '18:30:00', 107),
(149, 'BATIDO', '23:00:00', '18:00:00', 108),
(150, 'BATIDO', '12:00:00', '12:30:00', 108),
(151, 'BATIDO', '01:00:00', '01:54:00', 108),
(152, 'BATIDO', '02:00:00', '02:30:00', 108),
(153, 'BATIDO', '11:30:00', '13:20:00', 109),
(154, 'BATIDO', '13:30:00', '14:00:00', 109),
(155, 'BATIDO', '14:30:00', '15:00:00', 110),
(156, 'BATIDO', '15:05:00', '16:55:00', 110),
(157, 'BATIDO', '17:00:00', '18:00:00', 110),
(158, 'BATIDO', '18:00:00', '19:00:00', 110),
(159, 'BATIDO', '22:00:00', '22:30:00', 111),
(160, 'BATIDO', '23:00:00', '23:30:00', 111),
(161, 'BATIDO', '00:00:00', '00:30:00', 111),
(162, 'BATIDO', '01:00:00', '01:30:00', 111),
(163, 'BATIDO', '02:00:00', '02:30:00', 111),
(164, 'BATIDO', '05:00:00', '05:30:00', 111),
(165, 'BATIDO', '09:00:00', '11:00:00', 112),
(166, 'BATIDO', '11:30:00', '13:10:00', 112),
(167, 'BATIDO', '13:20:00', '14:00:00', 112),
(168, 'BATIDO', '14:50:00', '15:20:00', 113),
(169, 'BATIDO', '19:50:00', '20:20:00', 113),
(170, 'BATIDO', '22:00:00', '22:30:00', 115),
(171, 'BATIDO', '23:00:00', '23:30:00', 115),
(172, 'BATIDO', '00:00:00', '00:30:00', 115),
(173, 'BATIDO', '04:00:00', '04:30:00', 115),
(174, 'BATIDO', '08:45:00', '09:15:00', 116),
(175, 'BATIDO', '14:40:00', '15:10:00', 117),
(176, 'BATIDO', '18:00:00', '18:30:00', 117),
(177, 'BATIDO', '19:30:00', '20:51:00', 117),
(178, 'BATIDO', '01:00:00', '01:30:00', 118),
(179, 'BATIDO', '03:00:00', '03:30:00', 118),
(180, 'BATIDO', '13:00:00', '13:29:00', 119),
(181, 'BATIDO', '15:00:00', '15:30:00', 121),
(182, 'BATIDO', '16:00:00', '16:30:00', 121),
(183, 'BATIDO', '18:00:00', '18:30:00', 121),
(184, 'BATIDO', '19:00:00', '19:30:00', 121),
(185, 'BATIDO', '21:59:00', '21:30:00', 121),
(186, 'BATIDO', '01:30:00', '04:30:00', 120),
(187, 'BATIDO', '05:20:00', '06:00:00', 120),
(188, 'BATIDO', '09:41:00', '10:10:00', 122),
(189, 'BATIDO', '13:00:00', '13:30:00', 122),
(190, 'BATIDO', '14:00:00', '14:30:00', 123),
(191, 'BATIDO', '15:00:00', '15:30:00', 123),
(192, 'BATIDO', '19:00:00', '19:30:00', 123),
(193, 'BATIDO', '20:00:00', '20:30:00', 123),
(194, 'BATIDO', '12:40:00', '01:40:00', 124),
(195, 'BATIDO', '02:30:00', '04:30:00', 124),
(196, 'BATIDO', '05:30:00', '18:00:00', 124),
(197, 'BATIDO', '09:00:00', '09:30:00', 125),
(198, 'BATIDO', '10:30:00', '11:00:00', 125),
(199, 'BATIDO', '01:00:00', '13:30:00', 125),
(200, 'BATIDO', '14:00:00', '14:30:00', 126),
(201, 'BATIDO', '15:00:00', '15:30:00', 126),
(202, 'BATIDO', '16:00:00', '16:30:00', 126),
(203, 'BATIDO', '17:00:00', '17:30:00', 126),
(204, 'BATIDO', '20:00:00', '20:30:00', 126),
(205, 'BATIDO', '21:00:00', '21:30:00', 126),
(206, 'BATIDO', '05:30:00', '06:00:00', 127),
(207, 'BATIDO', '06:25:00', '07:25:00', 131);

-- --------------------------------------------------------

--
-- Estructura de tabla para la tabla `insumos`
--

CREATE TABLE `insumos` (
  `IdInsumo` int(11) NOT NULL,
  `Descripcion` varchar(100) NOT NULL,
  `IdCategoria` int(100) NOT NULL,
  `UnidadMedida` varchar(255) DEFAULT NULL,
  `Tipo` varchar(255) DEFAULT NULL
) ENGINE=InnoDB DEFAULT CHARSET=utf8;

--
-- Volcado de datos para la tabla `insumos`
--

INSERT INTO `insumos` (`IdInsumo`, `Descripcion`, `IdCategoria`, `UnidadMedida`, `Tipo`) VALUES
(27, 'Blanco impreso', 1, 'kg', 'Fibra'),
(28, 'MEZCLADO (COLOR)', 1, 'kg', 'Fibra'),
(29, 'Merma', 1, 'kg', 'Fibra'),
(30, 'Peroxido', 1, 'kg', 'quimico'),
(31, 'oxido de polietileno(PEO)', 2, 'KG', 'QUIMICO'),
(32, 'Buckman', 2, 'kg', 'quimico'),
(33, 'Soda Caustica', 1, 'kg', 'quimico'),
(34, 'Policrialamida(PAM)', 2, 'kg', 'quimico'),
(36, 'Brd 2369/GSP8', 2, 'kg', 'quimico'),
(39, 'Kymene', 2, 'kg', 'Quimico'),
(49, 'Sal Industrial', 2, 'kg', 'quimico'),
(54, 'WT-BC-12', 2, 'gln', 'Quimico'),
(55, 'WT-BS-12', 2, 'kg', 'quimico'),
(56, 'WT-AS 19/16', 2, 'gln', 'quimico'),
(57, 'WT-2974/BI-14', 2, 'kg', 'quimico'),
(58, 'WT-AD-15', 2, 'gln', 'quimico'),
(60, 'CMC', 2, 'kg', 'quimico'),
(61, 'DETAC', 2, 'kg', 'quimico'),
(62, 'Hercules', 2, 'kg', 'quimico'),
(65, 'Buflock', 2, 'kg', 'Quimico'),
(66, 'Policloruro de Aluminio(PAC)', 2, 'KG', 'Quimico');

-- --------------------------------------------------------

--
-- Estructura de tabla para la tabla `llaves`
--

CREATE TABLE `llaves` (
  `Concepto` varchar(50) NOT NULL,
  `Valor` int(11) NOT NULL
) ENGINE=MyISAM DEFAULT CHARSET=latin1;

--
-- Volcado de datos para la tabla `llaves`
--

INSERT INTO `llaves` (`Concepto`, `Valor`) VALUES
('Metas', 0);

-- --------------------------------------------------------

--
-- Estructura de tabla para la tabla `log`
--

CREATE TABLE `log` (
  `IdUser` varchar(255) DEFAULT NULL,
  `Accion` varchar(255) DEFAULT NULL,
  `Fecha` datetime DEFAULT NULL
) ENGINE=InnoDB DEFAULT CHARSET=utf8;

--
-- Volcado de datos para la tabla `log`
--

INSERT INTO `log` (`IdUser`, `Accion`, `Fecha`) VALUES
('8', 'INGRESO AL SISTEMA EXITOSO', '2017-07-26 16:08:31'),
('8', 'INGRESO AL SISTEMA EXITOSO', '2017-07-26 16:15:44'),
('8', 'INGRESO AL SISTEMA EXITOSO', '2017-07-26 16:27:37'),
('8', 'INGRESO AL SISTEMA EXITOSO', '2017-07-26 17:58:26'),
('8', 'INGRESO AL SISTEMA', '2017-07-27 17:40:33'),
('8', 'INGRESO AL SISTEMA', '2017-07-28 08:57:51'),
('8', 'GUARDO USUARIO BISMARCKESCOBAR CON ROL 1', '2017-07-28 08:59:46'),
('8', 'CERRO SESION ', '2017-07-28 09:00:16'),
('11', 'INGRESO AL SISTEMA', '2017-07-28 09:00:30'),
('11', 'CERRO SESION ', '2017-07-28 09:00:35'),
('8', 'INGRESO AL SISTEMA', '2017-07-28 09:01:15'),
('8', 'GUARDO USUARIO JOSE.JIMENEZ CON ROL 3', '2017-07-28 09:08:09'),
('8', 'CERRO SESION ', '2017-07-28 09:08:19'),
('12', 'INGRESO AL SISTEMA', '2017-07-28 09:08:30'),
('12', 'INSERTO ORDEN DE PRODUCCION NUMERO 7878', '2017-07-28 09:10:46'),
('8', 'INGRESO AL SISTEMA', '2017-07-28 14:15:03'),
('8', 'AGREGO MAQUINA YANKEE UNO', '2017-07-28 14:18:17'),
('8', 'AGREGO MAQUINA YANKEE DOS', '2017-07-28 14:18:43'),
('8', 'AGREGO INSUMO BLANCO IMPRESO', '2017-07-28 14:21:24'),
('8', 'AGREGO INSUMO MEZCLADO DE PRIMERA', '2017-07-28 14:21:40'),
('8', 'AGREGO INSUMO COLOR', '2017-07-28 14:21:49'),
('8', 'AGREGO INSUMO TETRAPRAQC', '2017-07-28 14:22:16'),
('8', 'AGREGO INSUMO FIBRA VIRGEN', '2017-07-28 14:22:31'),
('8', 'AGREGO INSUMO MERMA CONVERSION', '2017-07-28 14:22:50'),
('8', 'AGREGO INSUMO MERMA PROCESO', '2017-07-28 14:23:01'),
('8', 'GUARDO TANQUE #1', '2017-07-28 14:24:20'),
('8', 'GUARDO TANQUE #2', '2017-07-28 14:24:33'),
('8', 'GUARDO TANQUE #3', '2017-07-28 14:24:43'),
('8', 'INSERTO INFORMACION DE CATEGORIA 2 EN PLAN 10', '2017-07-28 14:26:53'),
('8', 'INSERTO INFORMACION DE CATEGORIA 2 EN PLAN 10', '2017-07-28 14:26:53'),
('8', 'INSERTO INFORMACION DE CATEGORIA 2 EN PLAN 10', '2017-07-28 14:26:53'),
('8', 'INSERTO INFORMACION DE CATEGORIA 2 EN PLAN 10', '2017-07-28 14:26:53'),
('8', 'ELIMINO INSUMO BLANCO%20IMPRESO', '2017-07-28 14:28:23'),
('8', 'AGREGO INSUMO BLANCO IMPRESO', '2017-07-28 14:29:12'),
('8', 'INSERTO INFORMACION DE CATEGORIA 1 EN PLAN 10', '2017-07-28 14:29:43'),
('8', 'INSERTO ORDEN DE PRODUCCION NUMERO 6688', '2017-07-28 14:34:36'),
('8', 'AGREGO EL CONSECUTIVO NO. 1-6688 DEL TURNO 1', '2017-07-28 14:42:41'),
('8', 'GUARDO USUARIO JOSEHERNANDEZ CON ROL 4', '2017-07-28 14:43:32'),
('8', 'INSERTO INFORMACION DE CATEGORIA 4 EN PLAN 10', '2017-07-28 14:50:10'),
('8', 'INSERTO INFORMACION DE CATEGORIA 4 EN PLAN 10', '2017-07-28 14:50:10'),
('8', 'INSERTO INFORMACION DE CATEGORIA 4 EN PLAN 10', '2017-07-28 14:50:10'),
('8', 'CAMBIO EL ESTADO AL REPORTE CON ID 1', '2017-07-28 14:52:41'),
('8', 'CAMBIO EL ESTADO AL REPORTE CON ID 1', '2017-07-28 14:52:55'),
('8', 'GENERO UN REPORTE DEL REPORTE DIARIO CON ID 1', '2017-07-28 14:55:10'),
('8', 'GENERO UN REPORTE DEL REPORTE DIARIO CON ID 1', '2017-07-28 14:55:11'),
('8', 'CERRO SESION ', '2017-07-28 14:57:13'),
('13', 'INGRESO AL SISTEMA', '2017-07-28 14:57:57'),
('13', 'CERRO SESION ', '2017-07-28 14:58:46'),
('8', 'INGRESO AL SISTEMA', '2017-07-28 14:59:04'),
('8', 'INSERTO ORDEN DE PRODUCCION NUMERO 5656', '2017-07-28 14:59:39'),
('8', 'INSERTO ORDEN DE PRODUCCION NUMERO 9999', '2017-07-28 15:01:58'),
('8', 'INSERTO ORDEN DE PRODUCCION NUMERO 5657', '2017-07-28 15:03:03'),
('8', 'AGREGO EL CONSECUTIVO NO. 1-5657 DEL TURNO 1', '2017-07-28 15:03:33'),
('8', 'AGREGO EL CONSECUTIVO NO. 1-5657 DEL TURNO 2', '2017-07-28 15:04:06'),
('8', 'CERRO SESION ', '2017-07-28 15:04:29'),
('13', 'INGRESO AL SISTEMA', '2017-07-28 15:04:37'),
('13', 'CERRO SESION ', '2017-07-28 15:07:49'),
('8', 'INGRESO AL SISTEMA', '2017-07-28 15:08:11'),
('8', 'GUARDO USUARIO KEVINBLANCO CON ROL 5', '2017-07-28 15:09:19'),
('8', 'CERRO SESION ', '2017-07-28 15:09:24'),
('13', 'INGRESO AL SISTEMA', '2017-07-28 15:09:35'),
('13', 'AGREGO INFORMACION DE PRODUCCION DEL RPT DIARIO CON ID 2', '2017-07-28 15:11:22'),
('13', 'ACTUALIZO INFORMACION DE PRODUCCION DEL RPT DIARIO CON ID 2', '2017-07-28 15:11:22'),
('13', 'AGREGO INFORMACION DE PRODUCCION DEL RPT DIARIO CON ID 2', '2017-07-28 15:12:08'),
('13', 'ACTUALIZO INFORMACION DE PRODUCCION DEL RPT DIARIO CON ID 2', '2017-07-28 15:12:08'),
('13', 'ACTUALIZO EL REGISTRO DE LA MERMA DEL RPT CON ID 2 DE LA MAQUINA 1', '2017-07-28 15:13:46'),
('13', 'ACTUALIZO EL REGISTRO DE LA MERMA DEL RPT CON ID 2 DE LA MAQUINA 2', '2017-07-28 15:14:52'),
('13', 'AGREGO NUEVO TIEMPO MUERTO AL CONSECUTIVO 1-5657 DEL TURNO 6:00am-6:00pm', '2017-07-28 15:16:00'),
('13', 'AGREGO NUEVO TIEMPO MUERTO AL CONSECUTIVO 1-5657 DEL TURNO 6:00am-6:00pm', '2017-07-28 15:16:30'),
('13', 'AGREGO UNA NUEVA CARGA AL REPORTE CON ID 2', '2017-07-28 15:20:23'),
('13', 'CERRO SESION ', '2017-07-28 15:20:49'),
('8', 'INGRESO AL SISTEMA', '2017-07-28 15:21:01'),
('8', 'AGREGO INSUMO MEZCLADO (COLOR)', '2017-07-28 15:21:45'),
('8', 'AGREGO INSUMO MERMA', '2017-07-28 15:21:53'),
('8', 'CERRO SESION ', '2017-07-28 15:22:01'),
('13', 'INGRESO AL SISTEMA', '2017-07-28 15:22:08'),
('13', 'CERRO SESION ', '2017-07-28 15:22:21'),
('8', 'INGRESO AL SISTEMA', '2017-07-28 15:22:31'),
('8', 'INSERTO INFORMACION DE CATEGORIA 1 EN PLAN 10', '2017-07-28 15:22:44'),
('8', 'INSERTO INFORMACION DE CATEGORIA 1 EN PLAN 10', '2017-07-28 15:22:44'),
('8', 'CERRO SESION ', '2017-07-28 15:22:52'),
('13', 'INGRESO AL SISTEMA', '2017-07-28 15:22:59'),
('13', 'AGREGO UNA NUEVA CARGA AL REPORTE CON ID 2', '2017-07-28 15:23:12'),
('13', 'AGREGO UN NUEVO REGISTRO DE HORA MOLIENDA AL REPORTE CON ID 2', '2017-07-28 15:24:05'),
('13', 'AGREGO UN NUEVO REGISTRO DE HORA MOLIENDA AL REPORTE CON ID 2', '2017-07-28 15:24:30'),
('13', 'AGREGO UNA NUEVA CARGA AL REPORTE CON ID 2', '2017-07-28 15:24:59'),
('13', 'AGREGO UN REGISTRO DE PASTA DEL TANQUE CON ID 1 AL RPT CON ID 2', '2017-07-28 15:32:15'),
('13', 'CERRO SESION ', '2017-07-28 15:39:04'),
('8', 'INGRESO AL SISTEMA', '2017-07-28 15:39:19'),
('8', 'CERRO SESION ', '2017-07-28 15:42:02'),
('13', 'INGRESO AL SISTEMA', '2017-07-28 15:42:09'),
('13', 'AGREGO UN REGISTRO DE INSUMO AL RPT CON ID 2', '2017-07-28 15:43:58'),
('13', 'AGREGO UN REGISTRO DE PASTA DEL TANQUE CON ID 2 AL RPT CON ID 2', '2017-07-28 15:46:38'),
('13', 'CERRO SESION ', '2017-07-28 15:47:39'),
('13', 'INGRESO AL SISTEMA', '2017-07-28 15:47:53'),
('13', 'CERRO SESION ', '2017-07-28 15:48:09'),
('13', 'INGRESO AL SISTEMA', '2017-07-28 15:48:36'),
('13', 'CERRO SESION ', '2017-07-28 15:48:49'),
('8', 'INGRESO AL SISTEMA', '2017-07-28 15:49:00'),
('8', 'GENERO UN REPORTE DEL REPORTE DIARIO CON ID 3', '2017-07-28 15:49:37'),
('8', 'GENERO UN REPORTE DEL REPORTE DIARIO CON ID 3', '2017-07-28 15:49:39'),
('8', 'GENERO UN REPORTE DEL REPORTE DIARIO CON ID 2', '2017-07-28 15:49:54'),
('8', 'GENERO UN REPORTE DEL REPORTE DIARIO CON ID 2', '2017-07-28 15:49:56'),
('8', 'GENERO UN REPORTE DE CONTROL PISO DEL CONSECUTIVO 1-5657', '2017-07-28 15:58:38'),
('8', 'GENERO UN REPORTE DE CONTROL PISO DEL CONSECUTIVO 1-5657', '2017-07-28 15:58:39'),
('8', 'CERRO SESION ', '2017-07-28 16:01:58'),
('8', 'INGRESO AL SISTEMA', '2017-07-28 16:26:48'),
('8', 'CERRO SESION ', '2017-07-28 16:31:17'),
('13', 'INGRESO AL SISTEMA', '2017-07-28 16:31:24'),
('8', 'INGRESO AL SISTEMA', '2017-07-31 07:38:17'),
('8', 'CERRO SESION ', '2017-07-31 07:38:37'),
('13', 'INGRESO AL SISTEMA', '2017-07-31 07:39:00'),
('13', 'CERRO SESION ', '2017-07-31 07:40:58'),
('8', 'INGRESO AL SISTEMA', '2017-07-31 07:41:07'),
('8', 'CERRO SESION ', '2017-07-31 07:42:23'),
('13', 'INGRESO AL SISTEMA', '2017-07-31 07:43:30'),
('13', 'INGRESO AL SISTEMA', '2017-07-31 07:47:52'),
('13', 'CERRO SESION ', '2017-07-31 08:22:53'),
('13', 'INGRESO AL SISTEMA', '2017-07-31 11:55:15'),
('8', 'INGRESO AL SISTEMA', '2017-08-02 07:46:48'),
('8', 'GENERO UN REPORTE DEL REPORTE DIARIO CON ID 3', '2017-08-02 07:47:31'),
('8', 'GENERO UN REPORTE DEL REPORTE DIARIO CON ID 3', '2017-08-02 07:47:33'),
('8', 'GENERO UN REPORTE DEL REPORTE DIARIO CON ID 2', '2017-08-02 07:47:58'),
('8', 'GENERO UN REPORTE DEL REPORTE DIARIO CON ID 2', '2017-08-02 07:48:00'),
('8', 'CERRO SESION ', '2017-08-02 07:51:37'),
('8', 'INGRESO AL SISTEMA', '2017-08-02 08:05:44'),
('8', 'INGRESO AL SISTEMA', '2017-08-02 16:15:36'),
('8', 'INSERTO ORDEN DE PRODUCCION NUMERO 7898', '2017-08-02 16:16:30'),
('8', 'CERRO SESION ', '2017-08-02 17:06:27'),
(NULL, 'CERRO SESION ', '2017-08-02 17:06:31'),
('8', 'INGRESO AL SISTEMA', '2017-08-02 17:06:50'),
(NULL, 'CERRO SESION ', '2017-08-02 17:08:03'),
('8', 'INGRESO AL SISTEMA', '2017-08-02 17:08:20'),
('8', 'CERRO SESION ', '2017-08-02 17:08:59'),
('13', 'INGRESO AL SISTEMA', '2017-08-02 17:09:08'),
('8', 'INGRESO AL SISTEMA', '2017-08-02 17:17:09'),
('8', 'CERRO SESION ', '2017-08-02 17:17:19'),
('13', 'INGRESO AL SISTEMA', '2017-08-02 17:17:27'),
('13', 'ACTUALIZO REGISTRO DE UNA CARGA DEL REPORTE CON ID 2', '2017-08-02 17:17:58'),
('13', 'ACTUALIZO REGISTRO DE UNA CARGA DEL REPORTE CON ID 2', '2017-08-02 17:18:08'),
('13', 'ACTUALIZO REGISTRO DE UNA CARGA DEL REPORTE CON ID 2', '2017-08-02 17:18:15'),
('13', 'CERRO SESION ', '2017-08-02 17:23:12'),
('13', 'INGRESO AL SISTEMA', '2017-08-02 17:23:46'),
('13', 'CERRO SESION ', '2017-08-02 17:27:05'),
('13', 'INGRESO AL SISTEMA', '2017-08-02 17:27:13'),
('13', 'CERRO SESION ', '2017-08-02 17:28:12'),
('13', 'INGRESO AL SISTEMA', '2017-08-02 17:28:27'),
('13', 'CERRO SESION ', '2017-08-02 17:28:40'),
('13', 'INGRESO AL SISTEMA', '2017-08-02 17:28:46'),
('13', 'CERRO SESION ', '2017-08-02 17:29:02'),
('8', 'INGRESO AL SISTEMA', '2017-08-02 17:29:14'),
('8', 'ELIMINO INSUMO MEZCLADO%20DE%20PRIMERA', '2017-08-02 17:29:46'),
('8', 'ELIMINO INSUMO COLOR', '2017-08-02 17:29:50'),
('8', 'ELIMINO INSUMO TETRAPRAQC', '2017-08-02 17:29:53'),
('8', 'ELIMINO INSUMO FIBRA%20VIRGEN', '2017-08-02 17:29:56'),
('8', 'AGREGO INSUMO NUEVA', '2017-08-02 17:31:05'),
('8', 'AGREGO INSUMO CUALQUIERA', '2017-08-02 17:31:15'),
('8', 'ELIMINO INSUMO CUALQUIERA', '2017-08-02 17:32:51'),
('8', 'ELIMINO INSUMO MERMA%20PROCESO', '2017-08-02 17:32:55'),
('8', 'ELIMINO INSUMO MERMA%20CONVERSION', '2017-08-02 17:32:58'),
('8', 'CERRO SESION ', '2017-08-02 17:33:08'),
('13', 'INGRESO AL SISTEMA', '2017-08-02 17:33:17'),
('13', 'CERRO SESION ', '2017-08-02 17:33:29'),
('8', 'INGRESO AL SISTEMA', '2017-08-02 17:33:37'),
('8', 'INSERTO INFORMACION DE CATEGORIA 1 EN PLAN 10', '2017-08-02 17:34:25'),
('8', 'CERRO SESION ', '2017-08-02 17:34:36'),
('13', 'INGRESO AL SISTEMA', '2017-08-02 17:34:44'),
('13', 'AGREGO UNA NUEVA CARGA AL REPORTE CON ID 2', '2017-08-02 17:34:53'),
('13', 'AGREGO UNA NUEVA CARGA AL REPORTE CON ID 2', '2017-08-02 17:35:06'),
('13', 'AGREGO UNA NUEVA CARGA AL REPORTE CON ID 2', '2017-08-02 17:35:08'),
('13', 'AGREGO UNA NUEVA CARGA AL REPORTE CON ID 2', '2017-08-02 17:35:10'),
('13', 'AGREGO UNA NUEVA CARGA AL REPORTE CON ID 2', '2017-08-02 17:35:15'),
('13', 'CERRO SESION ', '2017-08-02 17:36:06'),
('8', 'INGRESO AL SISTEMA', '2017-08-02 17:36:17'),
('8', 'GENERO UN REPORTE DE CONTROL PISO DEL CONSECUTIVO 1-5657', '2017-08-02 17:52:50'),
('8', 'GENERO UN REPORTE DE CONSOLIDADO DEL CONSECUTIVO 1-5657', '2017-08-02 17:53:20'),
('8', 'GENERO UN REPORTE DEL REPORTE DIARIO CON ID 2', '2017-08-02 17:53:55'),
('8', 'GENERO UN REPORTE DEL REPORTE DIARIO CON ID 3', '2017-08-02 17:54:03'),
('8', 'GENERO UN REPORTE DEL REPORTE DIARIO CON ID 2', '2017-08-02 17:54:15'),
('8', 'GENERO UN REPORTE DEL REPORTE DIARIO CON ID 2', '2017-08-02 18:05:36'),
('8', 'GENERO UN REPORTE DEL REPORTE DIARIO CON ID 2', '2017-08-02 18:05:46'),
('8', 'GENERO UN REPORTE DEL REPORTE DIARIO CON ID 2', '2017-08-02 18:06:33'),
('8', 'GENERO UN REPORTE DEL REPORTE DIARIO CON ID 2', '2017-08-02 18:07:29'),
('8', 'GENERO UN REPORTE DEL REPORTE DIARIO CON ID 2', '2017-08-02 18:07:47'),
('8', 'GENERO UN REPORTE DEL REPORTE DIARIO CON ID 2', '2017-08-02 18:08:05'),
('8', 'GENERO UN REPORTE DEL REPORTE DIARIO CON ID 2', '2017-08-02 18:08:41'),
('8', 'GENERO UN REPORTE DEL REPORTE DIARIO CON ID 2', '2017-08-02 18:08:58'),
('8', 'GENERO UN REPORTE DEL REPORTE DIARIO CON ID 2', '2017-08-02 18:09:15'),
('8', 'GENERO UN REPORTE DEL REPORTE DIARIO CON ID 2', '2017-08-02 18:09:45'),
('8', 'INGRESO AL SISTEMA', '2017-08-03 08:31:34'),
('8', 'ELIMINO INSUMO NUEVA', '2017-08-03 08:31:57'),
('8', 'CERRO SESION ', '2017-08-03 08:32:26'),
('13', 'INGRESO AL SISTEMA', '2017-08-03 08:33:06'),
('13', 'AGREGO UNA NUEVA CARGA AL REPORTE CON ID 2', '2017-08-03 08:33:55'),
('13', 'CERRO SESION ', '2017-08-03 08:34:37'),
('8', 'INGRESO AL SISTEMA', '2017-08-03 08:34:46'),
('8', 'GENERO UN REPORTE DEL REPORTE DIARIO CON ID 3', '2017-08-03 08:35:13'),
('8', 'CERRO SESION ', '2017-08-03 08:35:42'),
('8', 'INGRESO AL SISTEMA', '2017-08-03 08:36:20'),
('8', 'ELIMINO EL REPORTE DIARIO NO. 1-5657 DEL TURNO 6:00pm-6:00am', '2017-08-03 08:36:29'),
('8', 'AGREGO EL CONSECUTIVO NO. 1-5657 DEL TURNO 2', '2017-08-03 08:36:58'),
('8', 'CERRO SESION ', '2017-08-03 08:37:45'),
('13', 'INGRESO AL SISTEMA', '2017-08-03 08:37:51'),
('13', 'AGREGO UNA NUEVA CARGA AL REPORTE CON ID 4', '2017-08-03 08:38:01'),
('13', 'AGREGO UNA NUEVA CARGA AL REPORTE CON ID 4', '2017-08-03 08:38:03'),
('13', 'AGREGO UNA NUEVA CARGA AL REPORTE CON ID 4', '2017-08-03 08:38:05'),
('13', 'AGREGO UNA NUEVA CARGA AL REPORTE CON ID 4', '2017-08-03 08:38:07'),
('13', 'AGREGO UNA NUEVA CARGA AL REPORTE CON ID 4', '2017-08-03 08:38:09'),
('13', 'AGREGO UNA NUEVA CARGA AL REPORTE CON ID 4', '2017-08-03 08:38:14'),
('13', 'AGREGO UNA NUEVA CARGA AL REPORTE CON ID 4', '2017-08-03 08:38:16'),
('13', 'AGREGO UNA NUEVA CARGA AL REPORTE CON ID 4', '2017-08-03 08:38:18'),
('13', 'AGREGO UNA NUEVA CARGA AL REPORTE CON ID 4', '2017-08-03 08:38:19'),
('13', 'AGREGO UNA NUEVA CARGA AL REPORTE CON ID 4', '2017-08-03 08:38:42'),
('13', 'AGREGO UNA NUEVA CARGA AL REPORTE CON ID 4', '2017-08-03 08:38:52'),
('8', 'INGRESO AL SISTEMA', '2017-08-03 11:30:06'),
('8', 'CERRO SESION ', '2017-08-03 11:30:23'),
('13', 'INGRESO AL SISTEMA', '2017-08-03 11:30:32'),
('13', 'AGREGO UN NUEVO REGISTRO DE HORA MOLIENDA AL REPORTE CON ID 4', '2017-08-03 11:31:23'),
('8', 'INGRESO AL SISTEMA', '2017-08-03 11:32:25'),
('8', 'CERRO SESION ', '2017-08-03 11:32:46'),
('13', 'INGRESO AL SISTEMA', '2017-08-03 11:33:02'),
('13', 'CERRO SESION ', '2017-08-03 11:35:04'),
('13', 'ACTUALIZO REGISTRO DE UNA CARGA DEL REPORTE CON ID 2', '2017-08-03 11:35:41'),
('13', 'CERRO SESION ', '2017-08-03 11:35:46'),
('8', 'INGRESO AL SISTEMA', '2017-08-03 11:35:57'),
('8', 'GENERO UN REPORTE DEL REPORTE DIARIO CON ID 2', '2017-08-03 11:36:09'),
('8', 'GENERO UN REPORTE DEL REPORTE DIARIO CON ID 4', '2017-08-03 11:36:16'),
('8', 'CERRO SESION ', '2017-08-03 11:36:51'),
('13', 'INGRESO AL SISTEMA', '2017-08-03 11:37:02'),
('13', 'INGRESO AL SISTEMA', '2017-08-03 11:57:07'),
('13', 'AGREGO INFORMACION DE PRODUCCION DEL RPT DIARIO CON ID 2', '2017-08-03 12:01:46'),
('13', 'ACTUALIZO INFORMACION DE PRODUCCION DEL RPT DIARIO CON ID 2', '2017-08-03 12:01:46'),
('13', 'ACTUALIZO EL REGISTRO DE LA MERMA DEL RPT CON ID 2 DE LA MAQUINA 1', '2017-08-03 12:02:05'),
('13', 'CERRO SESION ', '2017-08-03 12:02:13'),
('13', 'GENERO UN REPORTE DEL REPORTE DIARIO CON ID 2', '2017-08-03 12:02:48'),
('13', 'GENERO UN REPORTE DEL REPORTE DIARIO CON ID 2', '2017-08-03 12:02:56'),
('13', 'CERRO SESION ', '2017-08-03 12:16:58'),
('13', 'INGRESO AL SISTEMA', '2017-08-03 12:17:04'),
('8', 'INGRESO AL SISTEMA', '2017-08-03 12:24:18'),
('8', 'CERRO SESION ', '2017-08-03 12:24:45'),
('8', 'INGRESO AL SISTEMA', '2017-08-03 12:24:53'),
('8', 'CERRO SESION ', '2017-08-03 12:25:10'),
('8', 'INGRESO AL SISTEMA', '2017-08-03 12:25:18'),
('8', 'GENERO UN REPORTE DEL REPORTE DIARIO CON ID 2', '2017-08-03 12:26:21'),
('8', 'GENERO UN REPORTE DEL REPORTE DIARIO CON ID 2', '2017-08-03 12:26:47'),
('8', 'GENERO UN REPORTE DEL REPORTE DIARIO CON ID 2', '2017-08-03 12:30:44'),
('8', 'GENERO UN REPORTE DEL REPORTE DIARIO CON ID 2', '2017-08-03 12:32:03'),
('8', 'GENERO UN REPORTE DEL REPORTE DIARIO CON ID 2', '2017-08-03 13:04:36'),
('8', 'GENERO UN REPORTE DEL REPORTE DIARIO CON ID 2', '2017-08-03 13:05:35'),
('8', 'INGRESO AL SISTEMA', '2017-08-03 13:19:17'),
('8', 'GENERO UN REPORTE DEL REPORTE DIARIO CON ID 2', '2017-08-03 13:20:16'),
('8', 'GENERO UN REPORTE DEL REPORTE DIARIO CON ID 4', '2017-08-03 13:20:45'),
('8', 'GENERO UN REPORTE DE CONTROL PISO DEL CONSECUTIVO 1-5657', '2017-08-03 13:37:08'),
('8', 'GENERO UN REPORTE DE CONSOLIDADO DEL CONSECUTIVO 1-5657', '2017-08-03 13:37:25'),
('8', 'CERRO SESION ', '2017-08-03 13:37:55'),
('8', 'INGRESO AL SISTEMA', '2017-08-03 13:38:13'),
('8', 'CERRO SESION ', '2017-08-03 13:38:20'),
('13', 'INGRESO AL SISTEMA', '2017-08-03 13:38:30'),
('13', 'GENERO UN REPORTE DE CONSOLIDADO DEL CONSECUTIVO 1-5657', '2017-08-03 14:19:02'),
('13', 'GENERO UN REPORTE DE CONSOLIDADO DEL CONSECUTIVO 1-5657', '2017-08-03 14:25:54'),
('13', 'GENERO UN REPORTE DE CONSOLIDADO DEL CONSECUTIVO 1-5657', '2017-08-03 14:25:56'),
('13', 'GENERO UN REPORTE DE CONSOLIDADO DEL CONSECUTIVO 1-5657', '2017-08-03 14:27:52'),
('13', 'INGRESO AL SISTEMA', '2017-08-03 14:29:29'),
('13', 'AGREGO NUEVO TIEMPO MUERTO AL CONSECUTIVO 1-5657 DEL TURNO 6:00pm-6:00am', '2017-08-03 14:30:25'),
('13', 'AGREGO NUEVO TIEMPO MUERTO AL CONSECUTIVO 1-5657 DEL TURNO 6:00pm-6:00am', '2017-08-03 14:30:48'),
('13', 'GENERO UN REPORTE DE CONSOLIDADO DEL CONSECUTIVO 1-5657', '2017-08-03 14:30:54'),
('13', 'GENERO UN REPORTE DE CONSOLIDADO DEL CONSECUTIVO 1-5657', '2017-08-03 14:30:57'),
('13', 'ELIMINO UN TIEMPO MUERTO DEL REPORTE CON ID NO. 4', '2017-08-03 14:36:24'),
('13', 'AGREGO NUEVO TIEMPO MUERTO AL CONSECUTIVO 1-5657 DEL TURNO 6:00pm-6:00am', '2017-08-03 14:36:55'),
('13', 'GENERO UN REPORTE DE CONSOLIDADO DEL CONSECUTIVO 1-5657', '2017-08-03 14:37:04'),
('13', 'GENERO UN REPORTE DE CONSOLIDADO DEL CONSECUTIVO 1-5657', '2017-08-03 14:37:06'),
('13', 'GENERO UN REPORTE DE CONSOLIDADO DEL CONSECUTIVO 1-5657', '2017-08-03 14:37:32'),
('13', 'GENERO UN REPORTE DE CONSOLIDADO DEL CONSECUTIVO 1-5657', '2017-08-03 14:44:19'),
('13', 'GENERO UN REPORTE DE CONSOLIDADO DEL CONSECUTIVO 1-5657', '2017-08-03 14:44:21'),
('13', 'GENERO UN REPORTE DE CONSOLIDADO DEL CONSECUTIVO 1-5657', '2017-08-03 14:52:26'),
('13', 'AGREGO NUEVO TIEMPO MUERTO AL CONSECUTIVO 1-5657 DEL TURNO 6:00am-6:00pm', '2017-08-03 14:55:00'),
('13', 'AGREGO NUEVO TIEMPO MUERTO AL CONSECUTIVO 1-5657 DEL TURNO 6:00am-6:00pm', '2017-08-03 14:55:40'),
('13', 'CERRO SESION ', '2017-08-03 15:52:07'),
('8', 'INGRESO AL SISTEMA', '2017-08-03 15:52:17'),
('8', 'GENERO UN REPORTE DEL REPORTE DIARIO CON ID 2', '2017-08-03 15:53:30'),
('8', 'GENERO UN REPORTE DEL REPORTE DIARIO CON ID 4', '2017-08-03 15:53:40'),
('8', 'GENERO UN REPORTE DE CONSOLIDADO DEL CONSECUTIVO 1-5657', '2017-08-03 15:54:13'),
('8', 'GENERO UN REPORTE DE CONTROL PISO DEL CONSECUTIVO 1-5657', '2017-08-03 15:54:22'),
('8', 'INGRESO AL SISTEMA', '2017-08-04 08:14:31'),
('8', 'GENERO UN REPORTE DEL REPORTE DIARIO CON ID 2', '2017-08-04 08:16:19'),
('8', 'GENERO UN REPORTE DEL REPORTE DIARIO CON ID 4', '2017-08-04 08:31:06'),
('8', 'GENERO UN REPORTE DE CONTROL PISO DEL CONSECUTIVO 1-5657', '2017-08-04 08:32:35'),
('8', 'GENERO UN REPORTE DE CONSOLIDADO DEL CONSECUTIVO 1-5657', '2017-08-04 08:33:12'),
('15', 'INGRESO AL SISTEMA', '2017-08-04 08:51:07'),
('15', 'GENERO UN REPORTE DEL REPORTE DIARIO CON ID 2', '2017-08-04 08:55:55'),
('15', 'GENERO UN REPORTE DEL REPORTE DIARIO CON ID 2', '2017-08-04 08:55:58'),
('15', 'CERRO SESION ', '2017-08-04 08:57:45'),
('15', 'INGRESO AL SISTEMA', '2017-08-04 08:57:51'),
('15', 'CERRO SESION ', '2017-08-04 08:58:12'),
('15', 'INGRESO AL SISTEMA', '2017-08-04 08:58:18'),
('15', 'CERRO SESION ', '2017-08-04 08:58:40'),
('15', 'INGRESO AL SISTEMA', '2017-08-04 08:58:47'),
('15', 'CERRO SESION ', '2017-08-04 08:58:58'),
('15', 'INGRESO AL SISTEMA', '2017-08-04 08:59:10'),
('15', 'CERRO SESION ', '2017-08-04 08:59:18'),
('13', 'INGRESO AL SISTEMA', '2017-08-04 08:59:46'),
('13', 'CERRO SESION ', '2017-08-04 09:05:50'),
('15', 'INGRESO AL SISTEMA', '2017-08-04 10:38:32'),
('15', 'INGRESO AL SISTEMA', '2017-08-04 10:42:23'),
('15', 'GUARDO USUARIO WHAYMAN MARTINEZ CON ROL 2', '2017-08-04 10:43:10'),
('15', 'CERRO SESION ', '2017-08-04 10:43:23'),
('16', 'INGRESO AL SISTEMA', '2017-08-04 10:44:47'),
('16', 'CERRO SESION ', '2017-08-04 10:45:11'),
('16', 'INGRESO AL SISTEMA', '2017-08-04 12:28:33'),
('16', 'CERRO SESION ', '2017-08-04 12:28:51'),
('8', 'CERRO SESION ', '2017-08-04 15:04:12'),
('15', 'INGRESO AL SISTEMA', '2017-08-07 17:24:47'),
('15', 'CERRO SESION ', '2017-08-07 17:25:38'),
('15', 'INGRESO AL SISTEMA', '2017-08-08 08:04:36'),
('15', 'CERRO SESION ', '2017-08-08 08:05:54'),
('15', 'INGRESO AL SISTEMA', '2017-08-08 08:17:44'),
('15', 'CERRO SESION ', '2017-08-08 08:26:56'),
('17', 'INGRESO AL SISTEMA', '2017-08-08 08:27:53'),
('17', 'CERRO SESION ', '2017-08-08 08:29:26'),
('17', 'INGRESO AL SISTEMA', '2017-08-08 09:01:31'),
('17', 'CERRO SESION ', '2017-08-08 09:01:40'),
('8', 'INGRESO AL SISTEMA', '2017-08-08 13:59:01'),
('8', 'INGRESO AL SISTEMA', '2017-08-08 13:59:46'),
('8', 'AGREGO MAQUINA MAQUINA 3', '2017-08-08 14:00:54'),
('8', 'AGREGO INSUMO PEROXIDO', '2017-08-08 14:03:45'),
('8', 'INGRESO AL SISTEMA', '2017-08-08 14:06:29'),
('8', 'AGREGO INSUMO OXIDO DE POLIETILENO(PEO)', '2017-08-08 14:09:56'),
('8', 'AGREGO INSUMO BUCKMAN', '2017-08-08 14:10:34'),
('8', 'AGREGO INSUMO SODA CAUSTICA', '2017-08-08 14:10:55'),
('8', 'AGREGO INSUMO POLICRIALAMIDA(PAM)', '2017-08-08 14:11:29'),
('8', 'AGREGO INSUMO ACEITE VEGETAL', '2017-08-08 14:12:30'),
('8', 'AGREGO INSUMO BRD 2369/GSP8', '2017-08-08 14:18:42'),
('8', 'AGREGO INSUMO POLICLORURO DE ALUMINIO(PAC)', '2017-08-08 14:19:10'),
('8', 'AGREGO INSUMO POLICLORURO DE ALUMINIO(PAC)', '2017-08-08 14:31:00'),
('8', 'AGREGO INSUMO KYMENE', '2017-08-08 14:31:44'),
('8', 'AGREGO INSUMO SAL INDUSTRIAL', '2017-08-08 14:32:12'),
('8', 'AGREGO INSUMO WT-BC-12', '2017-08-08 14:32:45'),
('8', 'AGREGO INSUMO WT-BS-12', '2017-08-08 14:33:18'),
('8', 'AGREGO INSUMO WT-AS-19/16', '2017-08-08 14:34:42'),
('8', 'AGREGO INSUMO WT-2974/BI-14', '2017-08-08 14:35:26'),
('15', 'INGRESO AL SISTEMA', '2017-08-08 14:35:52'),
('8', 'AGREGO INSUMO WT-AD-15', '2017-08-08 14:35:54'),
('15', 'CERRO SESION ', '2017-08-08 14:36:02'),
('8', 'AGREGO INSUMO BUFLOCK', '2017-08-08 14:36:18'),
('8', 'AGREGO INSUMO CMC', '2017-08-08 14:36:41'),
('8', 'AGREGO INSUMO DETAC', '2017-08-08 14:37:15'),
('8', 'INGRESO AL SISTEMA', '2017-08-08 14:40:47'),
('8', 'GUARDO TANQUE #4', '2017-08-08 14:43:24'),
('8', 'ELIMINO INSUMO WT-BS-12', '2017-08-08 14:43:59'),
('8', 'ELIMINO INSUMO WT-BC-12', '2017-08-08 14:44:08'),
('8', 'ELIMINO INSUMO SAL%20INDUSTRIAL', '2017-08-08 14:44:26'),
('8', 'ELIMINO INSUMO DETAC', '2017-08-08 14:44:34'),
('8', 'ELIMINO INSUMO CMC', '2017-08-08 14:44:39'),
('8', 'ELIMINO INSUMO BUFLOCK', '2017-08-08 14:44:44'),
('8', 'ELIMINO INSUMO WT-AD-15', '2017-08-08 14:45:33'),
('8', 'ELIMINO INSUMO PEROXIDO', '2017-08-08 14:50:51'),
('8', 'ELIMINO INSUMO POLICRILAMIDA', '2017-08-08 14:52:57'),
('8', 'AGREGO INSUMO SAL INDUSTRIAL', '2017-08-08 14:55:42'),
('8', 'ELIMINO INSUMO KIMENE', '2017-08-08 14:56:22'),
('8', 'AGREGO INSUMO WT-BC-12', '2017-08-08 14:58:57'),
('8', 'AGREGO INSUMO WT-BS-12', '2017-08-08 14:59:57'),
(NULL, 'CERRO SESION ', '2017-08-08 15:01:55'),
('8', 'INGRESO AL SISTEMA', '2017-08-08 15:02:25'),
('8', 'ELIMINO INSUMO WT-BS-12', '2017-08-08 15:02:36'),
('8', 'ELIMINO INSUMO WT-BC-12', '2017-08-08 15:02:41'),
('8', 'AGREGO INSUMO SDFSD/FDS', '2017-08-08 15:02:56'),
('8', 'AGREGO INSUMO DSDSFDSFSDF', '2017-08-08 15:03:01'),
('8', 'AGREGO INSUMO WT-BC-12', '2017-08-08 15:09:27'),
('8', 'AGREGO INSUMO WT-BS-12', '2017-08-08 15:10:39'),
('8', 'AGREGO INSUMO WT-AS 19/16', '2017-08-08 15:12:02'),
('8', 'AGREGO INSUMO WT-2974/BI-14', '2017-08-08 15:13:08'),
('8', 'AGREGO INSUMO WT-AD-15', '2017-08-08 15:14:20'),
('8', 'AGREGO INSUMO BUFLOCK', '2017-08-08 15:14:59'),
('8', 'AGREGO INSUMO CMC', '2017-08-08 15:15:36'),
('8', 'AGREGO INSUMO DETAC', '2017-08-08 15:17:40'),
('8', 'AGREGO INSUMO HERCULES', '2017-08-08 15:19:48'),
('8', 'GUARDO TANQUE #5', '2017-08-08 15:24:27'),
('8', 'GUARDO TANQUE #6', '2017-08-08 15:25:42'),
('8', 'GUARDO USUARIO EDWING DOMINGUEZ CON ROL 4', '2017-08-08 15:36:23'),
('8', 'GUARDO USUARIO CRISTIAN MALTEZ CON ROL 4', '2017-08-08 15:40:48'),
('8', 'INGRESO AL SISTEMA', '2017-08-08 15:43:29'),
('8', 'GUARDO USUARIO MENDEZ CON ROL 5', '2017-08-08 15:45:21'),
('8', 'GUARDO USUARIO RICARDO CON ROL 5', '2017-08-08 15:46:01'),
('8', 'GUARDO USUARIO CESAR CON ROL 5', '2017-08-08 15:46:36'),
('8', 'GUARDO USUARIO AXEL CON ROL 5', '2017-08-08 15:47:21'),
('8', 'GUARDO USUARIO ARIEL CON ROL 5', '2017-08-08 15:47:46'),
('8', 'GUARDO USUARIO ARIEL CON ROL 5', '2017-08-08 15:50:15'),
('8', 'GENERO UN REPORTE DEL REPORTE DIARIO CON ID null', '2017-08-08 15:54:25'),
('8', 'AGREGO EL NUEVO PLAN OP 1690', '2017-08-08 15:55:50'),
('8', 'ACTUALIZO INFORMACION DEL PLAN 11', '2017-08-08 15:56:49'),
('8', 'INSERTO INFORMACION DE CATEGORIA 2 EN PLAN 11', '2017-08-08 16:03:09'),
('8', 'INSERTO INFORMACION DE CATEGORIA 2 EN PLAN 11', '2017-08-08 16:03:09'),
('8', 'INSERTO INFORMACION DE CATEGORIA 2 EN PLAN 11', '2017-08-08 16:03:09'),
('8', 'INSERTO INFORMACION DE CATEGORIA 2 EN PLAN 11', '2017-08-08 16:03:09'),
('8', 'INSERTO INFORMACION DE CATEGORIA 2 EN PLAN 11', '2017-08-08 16:03:09'),
('8', 'INSERTO INFORMACION DE CATEGORIA 2 EN PLAN 11', '2017-08-08 16:03:09'),
('8', 'INSERTO INFORMACION DE CATEGORIA 2 EN PLAN 11', '2017-08-08 16:03:09'),
('8', 'INSERTO INFORMACION DE CATEGORIA 2 EN PLAN 11', '2017-08-08 16:03:09'),
('8', 'INSERTO INFORMACION DE CATEGORIA 2 EN PLAN 11', '2017-08-08 16:03:09'),
('8', 'INSERTO INFORMACION DE CATEGORIA 2 EN PLAN 11', '2017-08-08 16:03:09'),
('8', 'INSERTO INFORMACION DE CATEGORIA 2 EN PLAN 11', '2017-08-08 16:03:09'),
('8', 'INSERTO INFORMACION DE CATEGORIA 2 EN PLAN 11', '2017-08-08 16:03:09'),
('8', 'INSERTO INFORMACION DE CATEGORIA 2 EN PLAN 11', '2017-08-08 16:03:09'),
('8', 'INSERTO INFORMACION DE CATEGORIA 2 EN PLAN 11', '2017-08-08 16:03:09'),
('8', 'INSERTO INFORMACION DE CATEGORIA 2 EN PLAN 11', '2017-08-08 16:03:09'),
('8', 'INSERTO INFORMACION DE CATEGORIA 2 EN PLAN 11', '2017-08-08 16:03:09'),
('8', 'INSERTO INFORMACION DE CATEGORIA 1 EN PLAN 11', '2017-08-08 16:03:47'),
('8', 'INSERTO INFORMACION DE CATEGORIA 1 EN PLAN 11', '2017-08-08 16:03:47'),
('8', 'INSERTO INFORMACION DE CATEGORIA 1 EN PLAN 11', '2017-08-08 16:03:47'),
('8', 'INSERTO INFORMACION DE CATEGORIA 1 EN PLAN 11', '2017-08-08 16:03:47'),
('8', 'INSERTO INFORMACION DE CATEGORIA 1 EN PLAN 11', '2017-08-08 16:03:47'),
('8', 'CERRO SESION ', '2017-08-08 16:05:25'),
('13', 'INGRESO AL SISTEMA', '2017-08-08 16:05:44'),
('13', 'CERRO SESION ', '2017-08-08 16:06:38'),
('8', 'INGRESO AL SISTEMA', '2017-08-08 16:06:48'),
('8', 'INSERTO INFORMACION DE CATEGORIA 4 EN PLAN 11', '2017-08-08 16:07:37'),
('8', 'INSERTO INFORMACION DE CATEGORIA 4 EN PLAN 11', '2017-08-08 16:07:37'),
('8', 'INSERTO INFORMACION DE CATEGORIA 4 EN PLAN 11', '2017-08-08 16:07:38'),
('8', 'INSERTO INFORMACION DE CATEGORIA 4 EN PLAN 11', '2017-08-08 16:07:38'),
('8', 'INSERTO INFORMACION DE CATEGORIA 4 EN PLAN 11', '2017-08-08 16:07:38'),
('8', 'INSERTO INFORMACION DE CATEGORIA 4 EN PLAN 11', '2017-08-08 16:07:38'),
('8', 'INSERTO ORDEN DE PRODUCCION NUMERO 1690', '2017-08-08 16:18:25'),
('8', 'AGREGO EL CONSECUTIVO NO. 1-1690 DEL TURNO 1', '2017-08-08 16:37:54'),
('8', 'GENERO UN REPORTE DEL REPORTE DIARIO CON ID 5', '2017-08-08 17:11:52'),
('8', 'INGRESO AL SISTEMA', '2017-08-08 17:14:11'),
('8', 'CERRO SESION ', '2017-08-08 18:06:41'),
('15', 'INGRESO AL SISTEMA', '2017-08-09 07:30:28'),
('15', 'INGRESO AL SISTEMA', '2017-08-09 07:33:39'),
('15', 'GENERO UN REPORTE DEL REPORTE DIARIO CON ID 5', '2017-08-09 07:34:32'),
('15', 'GENERO UN REPORTE DEL REPORTE DIARIO CON ID 5', '2017-08-09 07:34:35'),
('15', 'CERRO SESION ', '2017-08-09 07:41:10'),
('15', 'INGRESO AL SISTEMA', '2017-08-09 08:02:00'),
('15', 'GENERO UN REPORTE DEL REPORTE DIARIO CON ID 5', '2017-08-09 08:04:52'),
('15', 'INGRESO AL SISTEMA', '2017-08-09 10:18:56'),
('15', 'CERRO SESION ', '2017-08-09 10:19:28'),
('16', 'INGRESO AL SISTEMA', '2017-08-09 10:22:31'),
('16', 'CERRO SESION ', '2017-08-09 10:31:55'),
('15', 'INGRESO AL SISTEMA', '2017-08-09 11:12:15'),
('15', 'GENERO UN REPORTE DEL REPORTE DIARIO CON ID 5', '2017-08-09 11:12:28'),
('15', 'GENERO UN REPORTE DEL REPORTE DIARIO CON ID 5', '2017-08-09 11:12:30'),
('15', 'CERRO SESION ', '2017-08-09 11:12:42'),
('15', 'INGRESO AL SISTEMA', '2017-08-11 08:00:25'),
('15', 'GENERO UN REPORTE DEL REPORTE DIARIO CON ID 5', '2017-08-11 08:00:56'),
('15', 'CERRO SESION ', '2017-08-11 08:01:26'),
('15', 'INGRESO AL SISTEMA', '2017-08-13 17:49:56'),
('15', 'GENERO UN REPORTE DEL REPORTE DIARIO CON ID 5', '2017-08-13 17:50:42'),
('15', 'GENERO UN REPORTE DEL REPORTE DIARIO CON ID 5', '2017-08-13 17:50:44'),
('15', 'CERRO SESION ', '2017-08-13 17:51:21'),
('15', 'INGRESO AL SISTEMA', '2017-08-14 08:39:25'),
('15', 'CERRO SESION ', '2017-08-14 08:41:01'),
('15', 'INGRESO AL SISTEMA', '2017-08-14 08:48:10'),
('15', 'GENERO UN REPORTE DEL REPORTE DIARIO CON ID 5', '2017-08-14 08:48:32'),
('15', 'INGRESO AL SISTEMA', '2017-08-14 09:10:57'),
('15', 'GENERO UN REPORTE DE CONTROL PISO DEL CONSECUTIVO 1-1690', '2017-08-14 09:12:51'),
('15', 'INGRESO AL SISTEMA', '2017-08-17 07:57:59'),
('15', 'CERRO SESION ', '2017-08-17 07:59:52'),
('15', 'INGRESO AL SISTEMA', '2017-08-17 17:21:06'),
('15', 'INGRESO AL SISTEMA', '2017-08-18 08:00:46'),
('15', 'GENERO UN REPORTE DEL REPORTE DIARIO CON ID 5', '2017-08-18 08:00:58'),
('15', 'CERRO SESION ', '2017-08-18 08:26:16'),
('15', 'INGRESO AL SISTEMA', '2017-08-18 16:49:40'),
('15', 'INGRESO AL SISTEMA', '2017-08-21 07:58:36'),
(NULL, 'CERRO SESION ', '2017-08-21 09:53:41'),
('15', 'INGRESO AL SISTEMA', '2017-08-21 11:17:22'),
('15', 'CERRO SESION ', '2017-08-21 11:18:01'),
('8', 'INGRESO AL SISTEMA', '2017-08-21 17:19:23'),
('8', 'AGREGO EL NUEVO PLAN OP JUMBO ROLL 1702', '2017-08-21 17:23:03'),
('15', 'INGRESO AL SISTEMA', '2017-08-21 17:24:36'),
('15', 'CERRO SESION ', '2017-08-21 17:24:48'),
('8', 'INGRESO AL SISTEMA', '2017-08-21 17:25:57'),
('15', 'INGRESO AL SISTEMA', '2017-08-21 17:31:00'),
('8', 'INSERTO ORDEN DE PRODUCCION NUMERO 1702', '2017-08-21 17:48:05'),
('15', 'INGRESO AL SISTEMA', '2017-08-22 07:58:49'),
('15', 'INGRESO AL SISTEMA', '2017-08-22 08:00:40'),
('15', 'INGRESO AL SISTEMA', '2017-08-22 10:12:00'),
('8', 'INGRESO AL SISTEMA', '2017-08-22 16:09:26'),
('15', 'INGRESO AL SISTEMA', '2017-08-22 16:12:28'),
('15', 'INGRESO AL SISTEMA', '2017-08-22 16:17:30'),
('8', 'INGRESO AL SISTEMA', '2017-08-22 16:26:36'),
('8', 'GUARDO USUARIO KPERALTA CON ROL 4', '2017-08-22 16:30:30'),
('15', 'GENERO UN REPORTE DEL REPORTE DIARIO CON ID 5', '2017-08-22 16:33:39'),
('8', 'AGREGO EL CONSECUTIVO NO. 1-1702 DEL TURNO 1', '2017-08-22 16:36:02'),
('15', 'CERRO SESION ', '2017-08-22 16:39:58'),
('8', 'CERRO SESION ', '2017-08-22 16:40:24'),
('26', 'INGRESO AL SISTEMA', '2017-08-22 16:42:03'),
('13', 'INGRESO AL SISTEMA', '2017-08-22 16:42:32'),
('8', 'INGRESO AL SISTEMA', '2017-08-22 16:44:13'),
('8', 'INGRESO AL SISTEMA', '2017-08-22 16:48:29'),
('26', 'INGRESO AL SISTEMA', '2017-08-22 16:50:42'),
('26', 'AGREGO INFORMACION DE PRODUCCION DEL RPT DIARIO CON ID 6', '2017-08-22 16:55:45'),
('26', 'ACTUALIZO INFORMACION DE PRODUCCION DEL RPT DIARIO CON ID 6', '2017-08-22 16:55:45'),
('26', 'AGREGO INFORMACION DE PRODUCCION DEL RPT DIARIO CON ID 6', '2017-08-22 16:56:00'),
('26', 'ACTUALIZO INFORMACION DE PRODUCCION DEL RPT DIARIO CON ID 6', '2017-08-22 16:56:00'),
('26', 'INGRESO AL SISTEMA', '2017-08-22 16:59:32'),
('26', 'ELIMINO UN REGISTRO DE PRODUCCION DEL RPT CON ID 6', '2017-08-22 16:59:46'),
('26', 'AGREGO INFORMACION DE PRODUCCION DEL RPT DIARIO CON ID 6', '2017-08-22 17:03:14'),
('26', 'ACTUALIZO INFORMACION DE PRODUCCION DEL RPT DIARIO CON ID 6', '2017-08-22 17:03:14'),
('26', 'AGREGO INFORMACION DE PRODUCCION DEL RPT DIARIO CON ID 6', '2017-08-22 17:25:16'),
('26', 'ACTUALIZO INFORMACION DE PRODUCCION DEL RPT DIARIO CON ID 6', '2017-08-22 17:25:16'),
('26', 'AGREGO INFORMACION DE PRODUCCION DEL RPT DIARIO CON ID 6', '2017-08-22 17:26:50'),
('26', 'ACTUALIZO INFORMACION DE PRODUCCION DEL RPT DIARIO CON ID 6', '2017-08-22 17:26:50'),
('26', 'AGREGO INFORMACION DE PRODUCCION DEL RPT DIARIO CON ID 6', '2017-08-22 17:30:35'),
('26', 'ACTUALIZO INFORMACION DE PRODUCCION DEL RPT DIARIO CON ID 6', '2017-08-22 17:30:35'),
('26', 'AGREGO INFORMACION DE PRODUCCION DEL RPT DIARIO CON ID 6', '2017-08-22 17:36:13'),
('26', 'ACTUALIZO INFORMACION DE PRODUCCION DEL RPT DIARIO CON ID 6', '2017-08-22 17:36:13'),
('26', 'AGREGO INFORMACION DE PRODUCCION DEL RPT DIARIO CON ID 6', '2017-08-22 17:38:00'),
('26', 'ACTUALIZO INFORMACION DE PRODUCCION DEL RPT DIARIO CON ID 6', '2017-08-22 17:38:00'),
('26', 'AGREGO INFORMACION DE PRODUCCION DEL RPT DIARIO CON ID 6', '2017-08-22 17:38:32'),
('26', 'ACTUALIZO INFORMACION DE PRODUCCION DEL RPT DIARIO CON ID 6', '2017-08-22 17:38:33'),
('26', 'AGREGO INFORMACION DE PRODUCCION DEL RPT DIARIO CON ID 6', '2017-08-22 17:41:58'),
('26', 'ACTUALIZO INFORMACION DE PRODUCCION DEL RPT DIARIO CON ID 6', '2017-08-22 17:41:58'),
('15', 'INGRESO AL SISTEMA', '2017-08-23 08:07:10'),
('15', 'GENERO UN REPORTE DEL REPORTE DIARIO CON ID 6', '2017-08-23 08:07:22'),
('15', 'CERRO SESION ', '2017-08-23 11:38:14'),
('13', 'INGRESO AL SISTEMA', '2017-08-23 11:38:22'),
('13', 'CERRO SESION ', '2017-08-23 11:38:29'),
('26', 'INGRESO AL SISTEMA', '2017-08-23 11:41:02'),
('15', 'INGRESO AL SISTEMA', '2017-08-25 15:06:46'),
('15', 'GENERO UN REPORTE DE CONSOLIDADO DEL CONSECUTIVO 1-1702', '2017-08-25 15:06:56'),
('15', 'CERRO SESION ', '2017-08-25 15:07:04'),
(NULL, 'CERRO SESION ', '2017-08-28 15:14:20'),
('15', 'INGRESO AL SISTEMA', '2017-08-28 15:15:25'),
('15', 'GENERO UN REPORTE DEL REPORTE DIARIO CON ID 6', '2017-08-28 15:16:34'),
('15', 'CERRO SESION ', '2017-08-28 15:17:31'),
('15', 'INGRESO AL SISTEMA', '2017-08-29 13:20:00'),
('15', 'GENERO UN REPORTE DEL REPORTE DIARIO CON ID 6', '2017-08-29 13:31:45'),
('15', 'GENERO UN REPORTE DEL REPORTE DIARIO CON ID 6', '2017-08-29 13:32:46'),
('13', 'INGRESO AL SISTEMA', '2017-08-29 15:15:21'),
('13', 'CERRO SESION ', '2017-08-29 15:15:39'),
('13', 'INGRESO AL SISTEMA', '2017-08-29 15:15:57'),
('13', 'CERRO SESION ', '2017-08-29 15:16:00'),
('15', 'INGRESO AL SISTEMA', '2017-08-29 16:24:37'),
('15', 'INGRESO AL SISTEMA', '2017-08-29 18:10:01'),
('15', 'INGRESO AL SISTEMA', '2017-08-30 09:05:34'),
('15', 'GENERO UN REPORTE DE CONTROL PISO DEL CONSECUTIVO 1-1702', '2017-08-30 09:06:27'),
('15', 'GENERO UN REPORTE DE CONTROL PISO DEL CONSECUTIVO 1-1702', '2017-08-30 09:06:38'),
('15', 'INGRESO AL SISTEMA', '2017-08-30 09:53:51'),
('15', 'GENERO UN REPORTE DEL REPORTE DIARIO CON ID 6', '2017-08-30 09:54:01'),
('15', 'GENERO UN REPORTE DEL REPORTE DIARIO CON ID 6', '2017-08-30 09:55:19'),
('15', 'GENERO UN REPORTE DEL REPORTE DIARIO CON ID 1', '2017-08-30 09:55:29'),
('15', 'CERRO SESION ', '2017-08-30 09:56:21'),
('13', 'INGRESO AL SISTEMA', '2017-08-30 09:57:27'),
('13', 'CERRO SESION ', '2017-08-30 09:58:12'),
('15', 'INGRESO AL SISTEMA', '2017-08-30 09:58:22'),
('15', 'INSERTO ORDEN DE PRODUCCION NUMERO 8989', '2017-08-30 09:59:03'),
('15', 'CERRO SESION ', '2017-08-30 09:59:54'),
('15', 'INGRESO AL SISTEMA', '2017-08-30 10:14:14'),
('15', 'ELIMINO EL REGISTRO DE TURNO ID 2', '2017-08-30 10:18:02'),
('15', 'ELIMINO EL REGISTRO DE TURNO ID 1', '2017-08-30 10:18:07'),
('15', 'AGREGO EL NUEVO TURNO Matutino', '2017-08-30 10:19:06'),
('15', 'RESTAURO EL REGISTRO DE TURNO ID 2', '2017-08-30 10:20:16'),
('15', 'ELIMINO EL REGISTRO DE TURNO ID 2', '2017-08-30 10:20:27'),
('15', 'AGREGO EL NUEVO TURNO Mixto', '2017-08-30 10:20:58'),
('15', 'AGREGO EL NUEVO TURNO Nocturno', '2017-08-30 10:21:33'),
('15', 'AGREGO EL CONSECUTIVO NO. 1-8989 DEL TURNO 3', '2017-08-30 10:25:41'),
('15', 'CERRO SESION ', '2017-08-30 10:26:15'),
('13', 'INGRESO AL SISTEMA', '2017-08-30 10:26:49'),
('13', 'CERRO SESION ', '2017-08-30 10:28:44'),
('15', 'INGRESO AL SISTEMA', '2017-08-30 10:28:54'),
('15', 'GENERO UN REPORTE DEL REPORTE DIARIO CON ID 6', '2017-08-30 10:29:31'),
('15', 'INSERTO ORDEN DE PRODUCCION NUMERO 1708', '2017-08-30 10:35:04'),
('15', 'AGREGO EL CONSECUTIVO NO. 1-1708 DEL TURNO 3', '2017-08-30 10:40:38'),
('15', 'CAMBIO EL ESTADO AL REPORTE CON ID 8', '2017-08-30 10:41:19'),
('15', 'CAMBIO EL ESTADO AL REPORTE CON ID 8', '2017-08-30 10:41:31'),
('15', 'CERRO SESION ', '2017-08-30 10:42:04'),
('10', 'INGRESO AL SISTEMA', '2017-08-30 10:44:04'),
('10', 'CERRO SESION ', '2017-08-30 10:44:18'),
('10', 'INGRESO AL SISTEMA', '2017-08-30 10:45:10'),
('10', 'AGREGO INFORMACION DE PRODUCCION DEL RPT DIARIO CON ID 8', '2017-08-30 10:50:10'),
('10', 'ACTUALIZO INFORMACION DE PRODUCCION DEL RPT DIARIO CON ID 8', '2017-08-30 10:50:10'),
('10', 'AGREGO INFORMACION DE PRODUCCION DEL RPT DIARIO CON ID 8', '2017-08-30 10:51:47'),
('10', 'ACTUALIZO INFORMACION DE PRODUCCION DEL RPT DIARIO CON ID 8', '2017-08-30 10:51:47'),
('10', 'ACTUALIZO EL REGISTRO DE LA MERMA DEL RPT CON ID 8 DE LA MAQUINA 1', '2017-08-30 10:52:35'),
('10', 'ACTUALIZO EL REGISTRO DE LA MERMA DEL RPT CON ID 8 DE LA MAQUINA 2', '2017-08-30 10:52:55'),
('10', 'ELIMINO UN REGISTRO DE PRODUCCION DEL RPT CON ID 8', '2017-08-30 10:58:10'),
('10', 'AGREGO INFORMACION DE PRODUCCION DEL RPT DIARIO CON ID 8', '2017-08-30 10:59:55'),
('10', 'ACTUALIZO INFORMACION DE PRODUCCION DEL RPT DIARIO CON ID 8', '2017-08-30 10:59:55'),
('10', 'AGREGO NUEVO TIEMPO MUERTO AL CONSECUTIVO 1-1708 DEL TURNO 06:00AM-02:00PM', '2017-08-30 11:02:38'),
('10', 'AGREGO UNA NUEVA CARGA AL REPORTE CON ID 8', '2017-08-30 11:05:47'),
('10', 'AGREGO UNA NUEVA CARGA AL REPORTE CON ID 8', '2017-08-30 11:06:19'),
('10', 'AGREGO UNA NUEVA CARGA AL REPORTE CON ID 8', '2017-08-30 11:06:45'),
('10', 'INGRESO AL SISTEMA', '2017-08-30 11:09:53'),
('10', 'AGREGO UN REGISTRO DE PASTA DEL TANQUE CON ID 1 AL RPT CON ID 8', '2017-08-30 11:17:22'),
('10', 'AGREGO UN REGISTRO DE PASTA DEL TANQUE CON ID 2 AL RPT CON ID 8', '2017-08-30 11:17:58'),
('10', 'AGREGO UN REGISTRO DE INSUMO AL RPT CON ID 8', '2017-08-30 11:20:48'),
('10', 'AGREGO UN NUEVO REGISTRO DE HORA MOLIENDA AL REPORTE CON ID 8', '2017-08-30 11:22:47'),
('10', 'CERRO SESION ', '2017-08-30 11:24:46'),
('10', 'CERRO SESION ', '2017-08-30 11:24:50'),
('8', 'INGRESO AL SISTEMA', '2017-08-30 11:25:52'),
('8', 'GENERO UN REPORTE DEL REPORTE DIARIO CON ID 7', '2017-08-30 11:39:05'),
('8', 'GENERO UN REPORTE DEL REPORTE DIARIO CON ID 8', '2017-08-30 11:39:35'),
('8', 'CERRO SESION ', '2017-08-30 11:41:36'),
('15', 'INGRESO AL SISTEMA', '2017-08-30 11:41:57'),
('15', 'CERRO SESION ', '2017-08-30 11:42:25'),
('15', 'INGRESO AL SISTEMA', '2017-08-30 11:42:50'),
('15', 'CERRO SESION ', '2017-08-30 12:12:06'),
('15', 'INGRESO AL SISTEMA', '2017-08-30 12:15:10'),
('15', 'INGRESO AL SISTEMA', '2017-08-30 13:03:27'),
('15', 'CERRO SESION ', '2017-08-30 13:47:57'),
('26', 'INGRESO AL SISTEMA', '2017-08-30 14:55:54'),
('8', 'INGRESO AL SISTEMA', '2017-08-30 14:56:37'),
('8', 'INGRESO AL SISTEMA', '2017-08-30 14:58:09'),
('15', 'INGRESO AL SISTEMA', '2017-08-30 15:53:48'),
('8', 'INGRESO AL SISTEMA', '2017-08-31 07:03:32'),
('15', 'INGRESO AL SISTEMA', '2017-08-31 08:24:13'),
('15', 'CERRO SESION ', '2017-08-31 08:35:26'),
('8', 'INGRESO AL SISTEMA', '2017-08-31 08:37:13'),
('15', 'INGRESO AL SISTEMA', '2017-08-31 11:06:00'),
('15', 'CERRO SESION ', '2017-08-31 11:07:16'),
('10', 'INGRESO AL SISTEMA', '2017-08-31 11:10:38'),
('10', 'CERRO SESION ', '2017-08-31 11:19:15'),
('15', 'INGRESO AL SISTEMA', '2017-08-31 11:27:32'),
('15', 'CERRO SESION ', '2017-08-31 11:45:51'),
('10', 'INGRESO AL SISTEMA', '2017-08-31 12:36:00'),
('10', 'AGREGO INFORMACION DE PRODUCCION DEL RPT DIARIO CON ID 8', '2017-08-31 12:45:09'),
('10', 'ACTUALIZO INFORMACION DE PRODUCCION DEL RPT DIARIO CON ID 8', '2017-08-31 12:45:09'),
(NULL, 'CERRO SESION ', '2017-08-31 15:37:53'),
('15', 'INGRESO AL SISTEMA', '2017-08-31 15:38:11'),
('15', 'CERRO SESION ', '2017-08-31 15:38:40'),
('15', 'INGRESO AL SISTEMA', '2017-08-31 17:56:03'),
('15', 'CERRO SESION ', '2017-08-31 17:56:17'),
('15', 'INGRESO AL SISTEMA', '2017-09-01 08:20:03'),
('8', 'INGRESO AL SISTEMA', '2017-09-11 17:05:28'),
('8', 'INSERTO ORDEN DE PRODUCCION NUMERO 1727', '2017-09-11 17:07:33'),
('8', 'CERRO SESION ', '2017-09-11 17:08:10'),
('8', 'INGRESO AL SISTEMA', '2017-09-11 17:08:11'),
('15', 'INGRESO AL SISTEMA', '2017-09-11 17:11:38'),
('15', 'CAMBIO ESTADO DE LA ORDEN DE PRODUCCION ID57', '2017-09-11 17:12:59'),
('8', 'INSERTO ORDEN DE PRODUCCION NUMERO 1725', '2017-09-11 17:13:37'),
('8', 'AGREGO EL CONSECUTIVO NO. 1-1725 DEL TURNO 3', '2017-09-11 17:15:37'),
('8', 'AGREGO EL CONSECUTIVO NO. 1-1725 DEL TURNO 4', '2017-09-11 17:16:02'),
('8', 'AGREGO EL CONSECUTIVO NO. 1-1725 DEL TURNO 5', '2017-09-11 17:16:24'),
('8', 'CERRO SESION ', '2017-09-11 17:18:16'),
('8', 'INGRESO AL SISTEMA', '2017-09-11 17:19:43'),
('8', 'CERRO SESION ', '2017-09-11 17:20:04'),
('18', 'INGRESO AL SISTEMA', '2017-09-11 17:20:30'),
('18', 'AGREGO INFORMACION DE PRODUCCION DEL RPT DIARIO CON ID 9', '2017-09-11 17:23:31'),
('18', 'ACTUALIZO INFORMACION DE PRODUCCION DEL RPT DIARIO CON ID 9', '2017-09-11 17:23:31'),
('18', 'AGREGO INFORMACION DE PRODUCCION DEL RPT DIARIO CON ID 9', '2017-09-11 17:23:39'),
('18', 'ACTUALIZO INFORMACION DE PRODUCCION DEL RPT DIARIO CON ID 9', '2017-09-11 17:23:39'),
('15', 'CERRO SESION ', '2017-09-11 17:25:36'),
('18', 'INGRESO AL SISTEMA', '2017-09-11 17:27:29'),
('18', 'ELIMINO UN REGISTRO DE PRODUCCION DEL RPT CON ID 9', '2017-09-11 17:28:07'),
('18', 'AGREGO INFORMACION DE PRODUCCION DEL RPT DIARIO CON ID 9', '2017-09-11 17:29:45'),
('18', 'ACTUALIZO INFORMACION DE PRODUCCION DEL RPT DIARIO CON ID 9', '2017-09-11 17:29:45'),
('18', 'AGREGO INFORMACION DE PRODUCCION DEL RPT DIARIO CON ID 9', '2017-09-11 17:31:13'),
('18', 'ACTUALIZO INFORMACION DE PRODUCCION DEL RPT DIARIO CON ID 9', '2017-09-11 17:31:13'),
('18', 'AGREGO INFORMACION DE PRODUCCION DEL RPT DIARIO CON ID 9', '2017-09-11 17:32:19'),
('18', 'ACTUALIZO INFORMACION DE PRODUCCION DEL RPT DIARIO CON ID 9', '2017-09-11 17:32:19'),
('18', 'AGREGO INFORMACION DE PRODUCCION DEL RPT DIARIO CON ID 9', '2017-09-11 17:33:47'),
('18', 'ACTUALIZO INFORMACION DE PRODUCCION DEL RPT DIARIO CON ID 9', '2017-09-11 17:33:47'),
('18', 'AGREGO INFORMACION DE PRODUCCION DEL RPT DIARIO CON ID 9', '2017-09-11 17:35:48'),
('18', 'ACTUALIZO INFORMACION DE PRODUCCION DEL RPT DIARIO CON ID 9', '2017-09-11 17:35:48'),
('18', 'AGREGO INFORMACION DE PRODUCCION DEL RPT DIARIO CON ID 9', '2017-09-11 17:36:58'),
('18', 'ACTUALIZO INFORMACION DE PRODUCCION DEL RPT DIARIO CON ID 9', '2017-09-11 17:36:58'),
('18', 'AGREGO NUEVO TIEMPO MUERTO AL CONSECUTIVO 1-1725 DEL TURNO 06:00AM-02:00PM', '2017-09-11 17:38:47'),
('18', 'AGREGO NUEVO TIEMPO MUERTO AL CONSECUTIVO 1-1725 DEL TURNO 06:00AM-02:00PM', '2017-09-11 17:40:08'),
('18', 'AGREGO NUEVO TIEMPO MUERTO AL CONSECUTIVO 1-1725 DEL TURNO 06:00AM-02:00PM', '2017-09-11 17:40:26'),
('18', 'ELIMINO UN TIEMPO MUERTO DEL REPORTE CON ID NO. 9', '2017-09-11 17:41:32'),
('18', 'AGREGO NUEVO TIEMPO MUERTO AL CONSECUTIVO 1-1725 DEL TURNO 06:00AM-02:00PM', '2017-09-11 17:42:44'),
('18', 'AGREGO NUEVO TIEMPO MUERTO AL CONSECUTIVO 1-1725 DEL TURNO 06:00AM-02:00PM', '2017-09-11 17:44:19'),
('18', 'AGREGO NUEVO TIEMPO MUERTO AL CONSECUTIVO 1-1725 DEL TURNO 06:00AM-02:00PM', '2017-09-11 17:46:11'),
('18', 'AGREGO NUEVO TIEMPO MUERTO AL CONSECUTIVO 1-1725 DEL TURNO 06:00AM-02:00PM', '2017-09-11 17:47:02'),
('18', 'AGREGO NUEVO TIEMPO MUERTO AL CONSECUTIVO 1-1725 DEL TURNO 06:00AM-02:00PM', '2017-09-11 17:47:52'),
('18', 'AGREGO NUEVO TIEMPO MUERTO AL CONSECUTIVO 1-1725 DEL TURNO 06:00AM-02:00PM', '2017-09-11 17:48:45'),
('18', 'AGREGO UNA NUEVA CARGA AL REPORTE CON ID 9', '2017-09-11 17:49:12'),
('18', 'AGREGO UNA NUEVA CARGA AL REPORTE CON ID 9', '2017-09-11 17:50:02'),
('18', 'AGREGO UNA NUEVA CARGA AL REPORTE CON ID 9', '2017-09-11 17:50:39'),
('18', 'AGREGO UNA NUEVA CARGA AL REPORTE CON ID 9', '2017-09-11 17:50:59'),
('18', 'AGREGO UNA NUEVA CARGA AL REPORTE CON ID 9', '2017-09-11 17:51:15'),
('18', 'AGREGO UNA NUEVA CARGA AL REPORTE CON ID 9', '2017-09-11 17:51:28'),
('18', 'AGREGO UNA NUEVA CARGA AL REPORTE CON ID 9', '2017-09-11 17:51:45'),
('18', 'AGREGO UNA NUEVA CARGA AL REPORTE CON ID 9', '2017-09-11 17:51:59'),
('18', 'AGREGO UNA NUEVA CARGA AL REPORTE CON ID 9', '2017-09-11 17:52:23'),
('18', 'AGREGO UNA NUEVA CARGA AL REPORTE CON ID 9', '2017-09-11 17:52:49'),
('18', 'AGREGO UNA NUEVA CARGA AL REPORTE CON ID 9', '2017-09-11 17:53:14'),
('18', 'AGREGO UNA NUEVA CARGA AL REPORTE CON ID 9', '2017-09-11 17:53:31'),
('18', 'AGREGO UNA NUEVA CARGA AL REPORTE CON ID 9', '2017-09-11 17:53:55'),
('18', 'AGREGO UNA NUEVA CARGA AL REPORTE CON ID 9', '2017-09-11 17:54:17'),
('18', 'AGREGO UNA NUEVA CARGA AL REPORTE CON ID 9', '2017-09-11 17:54:37'),
('18', 'AGREGO UNA NUEVA CARGA AL REPORTE CON ID 9', '2017-09-11 17:55:07'),
('18', 'AGREGO UNA NUEVA CARGA AL REPORTE CON ID 9', '2017-09-11 17:56:06'),
('18', 'AGREGO UNA NUEVA CARGA AL REPORTE CON ID 9', '2017-09-11 17:56:37'),
('18', 'AGREGO UN NUEVO REGISTRO DE HORA MOLIENDA AL REPORTE CON ID 9', '2017-09-11 17:57:40'),
('18', 'AGREGO UN NUEVO REGISTRO DE HORA MOLIENDA AL REPORTE CON ID 9', '2017-09-11 17:58:14'),
('18', 'AGREGO UN NUEVO REGISTRO DE HORA MOLIENDA AL REPORTE CON ID 9', '2017-09-11 17:58:59'),
('18', 'AGREGO UN NUEVO REGISTRO DE HORA MOLIENDA AL REPORTE CON ID 9', '2017-09-11 17:59:30'),
('18', 'AGREGO UN NUEVO REGISTRO DE HORA MOLIENDA AL REPORTE CON ID 9', '2017-09-11 18:01:00'),
('18', 'AGREGO UN NUEVO REGISTRO DE HORA MOLIENDA AL REPORTE CON ID 9', '2017-09-11 18:01:32'),
('18', 'CERRO SESION ', '2017-09-11 18:01:46'),
('17', 'INGRESO AL SISTEMA', '2017-09-13 17:57:52'),
('17', 'GENERO UN REPORTE DEL REPORTE DIARIO CON ID 11', '2017-09-13 17:59:12'),
('17', 'GENERO UN REPORTE DEL REPORTE DIARIO CON ID 9', '2017-09-13 17:59:39'),
('17', 'INGRESO AL SISTEMA', '2017-09-19 17:11:54'),
('15', 'INGRESO AL SISTEMA', '2017-09-20 08:43:49'),
('15', 'INGRESO AL SISTEMA', '2017-09-20 09:35:41'),
('15', 'AGREGO INSUMO PRUEBA BORRAR', '2017-09-20 09:36:37'),
('15', 'INGRESO AL SISTEMA', '2017-09-20 13:09:54'),
('15', 'INGRESO AL SISTEMA', '2017-09-20 14:13:53'),
('15', 'GENERO UN REPORTE DEL REPORTE DIARIO CON ID 9', '2017-09-20 15:01:10'),
('15', 'ELIMINO INSUMO CON ID: 63', '2017-09-20 15:03:31'),
('15', 'CERRO SESION ', '2017-09-20 15:04:43'),
('15', 'INGRESO AL SISTEMA', '2017-09-20 15:04:50'),
('15', 'GENERO UN REPORTE DEL REPORTE DIARIO CON ID 9', '2017-09-20 15:12:41'),
('15', 'GENERO UN REPORTE DEL REPORTE DIARIO CON ID 9', '2017-09-20 15:23:23'),
('15', 'CERRO SESION ', '2017-09-20 15:43:23'),
('15', 'INGRESO AL SISTEMA', '2017-09-20 17:52:43'),
('15', 'GENERO UN REPORTE DE CONTROL PISO DEL CONSECUTIVO 1-1725', '2017-09-20 17:52:57'),
('15', 'GENERO UN REPORTE DEL REPORTE DIARIO CON ID 9', '2017-09-20 17:53:02'),
('15', 'GENERO UN REPORTE DEL REPORTE DIARIO CON ID 10', '2017-09-20 17:53:10'),
('15', 'GENERO UN REPORTE DEL REPORTE DIARIO CON ID 11', '2017-09-20 17:53:18'),
('15', 'CERRO SESION ', '2017-09-20 17:59:57'),
('13', 'INGRESO AL SISTEMA', '2017-09-20 18:02:05'),
('13', 'CERRO SESION ', '2017-09-20 18:03:52'),
('15', 'INGRESO AL SISTEMA', '2017-09-20 18:03:57'),
('15', 'GENERO UN REPORTE DEL REPORTE DIARIO CON ID 9', '2017-09-20 18:04:07'),
('15', 'INGRESO AL SISTEMA', '2017-09-21 08:32:35'),
('15', 'INGRESO AL SISTEMA', '2017-09-22 09:52:32'),
('15', 'CERRO SESION ', '2017-09-22 10:26:31'),
('16', 'INGRESO AL SISTEMA', '2017-09-22 10:26:40'),
('16', 'CERRO SESION ', '2017-09-22 11:25:20'),
('15', 'INGRESO AL SISTEMA', '2017-09-22 11:25:28'),
('15', 'CERRO SESION ', '2017-09-22 14:08:46'),
('16', 'INGRESO AL SISTEMA', '2017-09-22 14:08:58'),
('16', 'GENERO UN REPORTE DEL REPORTE DIARIO CON ID 9', '2017-09-22 14:11:20'),
('16', 'GENERO UN REPORTE DE CONTROL PISO DEL CONSECUTIVO 1-1725', '2017-09-22 14:11:40'),
('16', 'CERRO SESION ', '2017-09-22 14:46:28'),
('15', 'INGRESO AL SISTEMA', '2017-09-22 14:49:37'),
('15', 'AGREGO INSUMO PIGMENTO BLANCO', '2017-09-22 14:59:08'),
('15', 'INSERTO INFORMACION DE CATEGORIA 2 EN PLAN 11', '2017-09-22 15:00:35'),
('15', 'INSERTO ORDEN DE PRODUCCION NUMERO 4545', '2017-09-22 15:06:33'),
('15', 'INGRESO AL SISTEMA', '2017-09-22 15:10:20'),
('15', 'AGREGO EL CONSECUTIVO NO. 1-4545 DEL TURNO 3', '2017-09-22 15:13:36'),
('15', 'CAMBIO EL ESTADO AL REPORTE CON ID 12', '2017-09-22 15:15:24'),
('15', 'CAMBIO EL ESTADO AL REPORTE CON ID 12', '2017-09-22 15:16:35'),
('15', 'CERRO SESION ', '2017-09-22 15:20:41'),
('19', 'INGRESO AL SISTEMA', '2017-09-22 15:21:16'),
('19', 'CERRO SESION ', '2017-09-22 15:21:20'),
('15', 'CERRO SESION ', '2017-09-22 15:40:52'),
('15', 'INGRESO AL SISTEMA', '2017-09-22 15:41:09'),
('15', 'AGREGO EL CONSECUTIVO NO. 1-4545 DEL TURNO 4', '2017-09-22 15:41:29'),
('15', 'CERRO SESION ', '2017-09-22 15:41:35'),
('19', 'INGRESO AL SISTEMA', '2017-09-22 15:42:02'),
('19', 'AGREGO INFORMACION DE PRODUCCION DEL RPT DIARIO CON ID 13', '2017-09-22 15:46:48'),
('19', 'ACTUALIZO INFORMACION DE PRODUCCION DEL RPT DIARIO CON ID 13', '2017-09-22 15:46:48'),
('19', 'AGREGO INFORMACION DE PRODUCCION DEL RPT DIARIO CON ID 13', '2017-09-22 15:52:23'),
('19', 'ACTUALIZO INFORMACION DE PRODUCCION DEL RPT DIARIO CON ID 13', '2017-09-22 15:52:24'),
('19', 'AGREGO INFORMACION DE PRODUCCION DEL RPT DIARIO CON ID 13', '2017-09-22 15:53:06'),
('19', 'ACTUALIZO INFORMACION DE PRODUCCION DEL RPT DIARIO CON ID 13', '2017-09-22 15:53:06'),
('19', 'ACTUALIZO EL REGISTRO DE LA MERMA DEL RPT CON ID 13 DE LA MAQUINA 1', '2017-09-22 15:53:58'),
('19', 'ACTUALIZO EL REGISTRO DE LA MERMA DEL RPT CON ID 13 DE LA MAQUINA 2', '2017-09-22 15:54:29'),
('19', 'AGREGO NUEVO TIEMPO MUERTO AL CONSECUTIVO 1-4545 DEL TURNO 02:00PM-10:00PM', '2017-09-22 15:57:18'),
('19', 'AGREGO NUEVO TIEMPO MUERTO AL CONSECUTIVO 1-4545 DEL TURNO 02:00PM-10:00PM', '2017-09-22 15:57:36'),
('19', 'AGREGO NUEVO TIEMPO MUERTO AL CONSECUTIVO 1-4545 DEL TURNO 02:00PM-10:00PM', '2017-09-22 15:57:36'),
('19', 'AGREGO NUEVO TIEMPO MUERTO AL CONSECUTIVO 1-4545 DEL TURNO 02:00PM-10:00PM', '2017-09-22 15:57:56'),
('19', 'ELIMINO UN TIEMPO MUERTO DEL REPORTE CON ID NO. 13', '2017-09-22 15:58:06'),
('19', 'ELIMINO UN TIEMPO MUERTO DEL REPORTE CON ID NO. 13', '2017-09-22 15:58:12'),
('19', 'AGREGO UNA NUEVA CARGA AL REPORTE CON ID 13', '2017-09-22 16:08:44'),
('19', 'AGREGO UNA NUEVA CARGA AL REPORTE CON ID 13', '2017-09-22 16:08:50'),
('19', 'AGREGO UNA NUEVA CARGA AL REPORTE CON ID 13', '2017-09-22 16:08:55'),
('19', 'AGREGO UNA NUEVA CARGA AL REPORTE CON ID 13', '2017-09-22 16:09:05'),
('19', 'AGREGO UNA NUEVA CARGA AL REPORTE CON ID 13', '2017-09-22 16:09:08'),
('19', 'AGREGO UNA NUEVA CARGA AL REPORTE CON ID 13', '2017-09-22 16:09:12'),
('19', 'AGREGO UNA NUEVA CARGA AL REPORTE CON ID 13', '2017-09-22 16:10:29'),
('19', 'AGREGO UNA NUEVA CARGA AL REPORTE CON ID 13', '2017-09-22 16:10:47'),
('19', 'CERRO SESION ', '2017-09-22 16:39:10'),
('15', 'INGRESO AL SISTEMA', '2017-09-22 16:39:19');
INSERT INTO `log` (`IdUser`, `Accion`, `Fecha`) VALUES
('16', 'INGRESO AL SISTEMA', '2017-09-22 16:46:30'),
('16', 'GENERO UN REPORTE DEL REPORTE DIARIO CON ID 13', '2017-09-22 16:47:23'),
('16', 'GENERO UN REPORTE DE CONTROL PISO DEL CONSECUTIVO 1-4545', '2017-09-22 16:47:53'),
('16', 'GENERO UN REPORTE DEL REPORTE DIARIO CON ID 13', '2017-09-22 16:49:48'),
('16', 'GENERO UN REPORTE DEL REPORTE DIARIO CON ID 13', '2017-09-22 16:50:07'),
('16', 'CERRO SESION ', '2017-09-22 16:51:51'),
('15', 'INGRESO AL SISTEMA', '2017-09-25 08:39:35'),
('15', 'CERRO SESION ', '2017-09-25 08:39:42'),
('8', 'INGRESO AL SISTEMA', '2017-09-25 10:08:09'),
('8', 'INSERTO ORDEN DE PRODUCCION NUMERO 1741', '2017-09-25 10:12:59'),
('15', 'INGRESO AL SISTEMA', '2017-09-25 10:54:39'),
('15', 'CERRO SESION ', '2017-09-25 10:55:01'),
('15', 'INGRESO AL SISTEMA', '2017-09-25 15:51:58'),
('8', 'AGREGO EL CONSECUTIVO NO. 1-1741 DEL TURNO 3', '2017-09-25 15:54:17'),
('8', 'AGREGO EL CONSECUTIVO NO. 1-1741 DEL TURNO 4', '2017-09-25 15:54:51'),
('8', 'AGREGO EL CONSECUTIVO NO. 1-1741 DEL TURNO 5', '2017-09-25 15:55:20'),
('8', 'INSERTO ORDEN DE PRODUCCION NUMERO 1751', '2017-09-25 16:08:14'),
('8', 'CERRO SESION ', '2017-09-25 16:09:36'),
('8', 'INGRESO AL SISTEMA', '2017-09-25 16:09:49'),
('8', 'INGRESO AL SISTEMA', '2017-09-25 16:22:37'),
('8', 'CERRO SESION ', '2017-09-25 16:23:07'),
('15', 'INGRESO AL SISTEMA', '2017-09-25 16:25:35'),
('15', 'INGRESO AL SISTEMA', '2017-09-25 16:26:01'),
('15', 'INGRESO AL SISTEMA', '2017-09-25 16:28:12'),
('15', 'CERRO SESION ', '2017-09-25 16:29:13'),
('8', 'INGRESO AL SISTEMA', '2017-09-25 16:30:50'),
('8', 'CERRO SESION ', '2017-09-25 16:31:39'),
('8', 'INGRESO AL SISTEMA', '2017-09-25 16:42:00'),
('8', 'CAMBIO ESTADO DE LA ORDEN DE PRODUCCION ID60', '2017-09-25 16:42:41'),
('8', 'CAMBIO ESTADO DE LA ORDEN DE PRODUCCION ID60', '2017-09-25 16:43:11'),
('8', 'CAMBIO ESTADO DE LA ORDEN DE PRODUCCION ID61', '2017-09-25 16:43:32'),
('15', 'INGRESO AL SISTEMA', '2017-09-25 16:46:54'),
('8', 'CERRO SESION ', '2017-09-25 16:47:36'),
('8', 'INGRESO AL SISTEMA', '2017-09-25 16:48:51'),
('15', 'CERRO SESION ', '2017-09-25 16:49:29'),
('8', 'INGRESO AL SISTEMA', '2017-09-26 08:33:44'),
('8', 'AGREGO EL CONSECUTIVO NO. 2-1741 DEL TURNO 3', '2017-09-26 08:34:22'),
('8', 'CERRO SESION ', '2017-09-26 08:34:30'),
('8', 'INGRESO AL SISTEMA', '2017-09-26 08:34:42'),
('8', 'CERRO SESION ', '2017-09-26 08:35:28'),
('8', 'INGRESO AL SISTEMA', '2017-09-26 08:35:42'),
('8', 'ELIMINO MAQUINA MAQUINA%203', '2017-09-26 08:36:06'),
('8', 'CERRO SESION ', '2017-09-26 08:36:17'),
('8', 'INGRESO AL SISTEMA', '2017-09-26 08:36:19'),
('8', 'GENERO UN REPORTE DE CONTROL PISO DEL CONSECUTIVO 1-1702', '2017-09-26 08:37:28'),
('8', 'INGRESO AL SISTEMA', '2017-09-26 08:37:56'),
('8', 'AGREGO EL CONSECUTIVO NO. 2-1741 DEL TURNO 4', '2017-09-26 08:40:54'),
('8', 'AGREGO EL CONSECUTIVO NO. 2-1741 DEL TURNO 5', '2017-09-26 08:41:23'),
('8', 'CERRO SESION ', '2017-09-26 08:48:01'),
('19', 'INGRESO AL SISTEMA', '2017-09-26 09:10:17'),
('19', 'CERRO SESION ', '2017-09-26 09:11:45'),
('19', 'INGRESO AL SISTEMA', '2017-09-26 09:12:46'),
('19', 'INGRESO AL SISTEMA', '2017-09-26 09:13:17'),
('19', 'CERRO SESION ', '2017-09-26 09:16:58'),
('19', 'INGRESO AL SISTEMA', '2017-09-26 09:17:09'),
('19', 'AGREGO INFORMACION DE PRODUCCION DEL RPT DIARIO CON ID 14', '2017-09-26 09:23:34'),
('19', 'ACTUALIZO INFORMACION DE PRODUCCION DEL RPT DIARIO CON ID 14', '2017-09-26 09:23:34'),
('19', 'AGREGO INFORMACION DE PRODUCCION DEL RPT DIARIO CON ID 14', '2017-09-26 09:27:43'),
('19', 'ACTUALIZO INFORMACION DE PRODUCCION DEL RPT DIARIO CON ID 14', '2017-09-26 09:27:43'),
('19', 'AGREGO INFORMACION DE PRODUCCION DEL RPT DIARIO CON ID 14', '2017-09-26 09:29:21'),
('19', 'ACTUALIZO INFORMACION DE PRODUCCION DEL RPT DIARIO CON ID 14', '2017-09-26 09:29:21'),
('19', 'CERRO SESION ', '2017-09-26 09:31:11'),
('19', 'AGREGO UNA NUEVA CARGA AL REPORTE CON ID 14', '2017-09-26 09:39:12'),
('19', 'AGREGO UNA NUEVA CARGA AL REPORTE CON ID 14', '2017-09-26 09:39:31'),
('19', 'AGREGO UNA NUEVA CARGA AL REPORTE CON ID 14', '2017-09-26 09:40:39'),
('19', 'AGREGO UNA NUEVA CARGA AL REPORTE CON ID 14', '2017-09-26 09:40:51'),
('19', 'INGRESO AL SISTEMA', '2017-09-26 09:41:22'),
('19', 'AGREGO UNA NUEVA CARGA AL REPORTE CON ID 14', '2017-09-26 09:41:57'),
('19', 'AGREGO UNA NUEVA CARGA AL REPORTE CON ID 14', '2017-09-26 09:42:01'),
('19', 'AGREGO UNA NUEVA CARGA AL REPORTE CON ID 14', '2017-09-26 09:42:16'),
('19', 'ACTUALIZO REGISTRO DE UNA CARGA DEL REPORTE CON ID 14', '2017-09-26 09:43:31'),
('19', 'AGREGO UN NUEVO REGISTRO DE HORA MOLIENDA AL REPORTE CON ID 14', '2017-09-26 09:44:53'),
('19', 'AGREGO UNA NUEVA CARGA AL REPORTE CON ID 14', '2017-09-26 09:47:09'),
('19', 'AGREGO UNA NUEVA CARGA AL REPORTE CON ID 14', '2017-09-26 09:47:22'),
('19', 'AGREGO UNA NUEVA CARGA AL REPORTE CON ID 14', '2017-09-26 09:47:43'),
('19', 'AGREGO UN NUEVO REGISTRO DE HORA MOLIENDA AL REPORTE CON ID 14', '2017-09-26 09:55:05'),
('19', 'AGREGO UN REGISTRO DE PASTA DEL TANQUE CON ID  AL RPT CON ID 14', '2017-09-26 09:56:45'),
('19', 'AGREGO UN REGISTRO DE PASTA DEL TANQUE CON ID 2 AL RPT CON ID 14', '2017-09-26 09:57:13'),
('19', 'AGREGO UN REGISTRO DE PASTA DEL TANQUE CON ID 3 AL RPT CON ID 14', '2017-09-26 09:57:37'),
('19', 'AGREGO UN REGISTRO DE PASTA DEL TANQUE CON ID 4 AL RPT CON ID 14', '2017-09-26 09:58:47'),
('19', 'AGREGO UN REGISTRO DE PASTA DEL TANQUE CON ID 5 AL RPT CON ID 14', '2017-09-26 09:59:05'),
('19', 'AGREGO UN REGISTRO DE PASTA DEL TANQUE CON ID 6 AL RPT CON ID 14', '2017-09-26 09:59:19'),
('19', 'AGREGO UNA NUEVA CARGA AL REPORTE CON ID 14', '2017-09-26 10:01:28'),
('19', 'AGREGO UNA NUEVA CARGA AL REPORTE CON ID 14', '2017-09-26 10:01:44'),
('19', 'AGREGO UNA NUEVA CARGA AL REPORTE CON ID 14', '2017-09-26 10:02:09'),
('19', 'AGREGO UNA NUEVA CARGA AL REPORTE CON ID 14', '2017-09-26 10:02:24'),
('19', 'AGREGO UNA NUEVA CARGA AL REPORTE CON ID 14', '2017-09-26 10:02:36'),
('19', 'AGREGO UN NUEVO REGISTRO DE HORA MOLIENDA AL REPORTE CON ID 14', '2017-09-26 10:03:32'),
('19', 'ACTUALIZO UN REGISTRO DE HORA MOLIENDA DEL RPT CON ID 14', '2017-09-26 10:04:03'),
('19', 'ACTUALIZO UN REGISTRO DE HORA MOLIENDA DEL RPT CON ID 14', '2017-09-26 10:04:33'),
('19', 'ACTUALIZO UN REGISTRO DE HORA MOLIENDA DEL RPT CON ID 14', '2017-09-26 10:05:38'),
('19', 'AGREGO UNA NUEVA CARGA AL REPORTE CON ID 14', '2017-09-26 10:06:15'),
('19', 'AGREGO UNA NUEVA CARGA AL REPORTE CON ID 14', '2017-09-26 10:06:37'),
('19', 'AGREGO UNA NUEVA CARGA AL REPORTE CON ID 14', '2017-09-26 10:08:31'),
('19', 'AGREGO UNA NUEVA CARGA AL REPORTE CON ID 14', '2017-09-26 10:08:44'),
('19', 'AGREGO UNA NUEVA CARGA AL REPORTE CON ID 14', '2017-09-26 10:08:56'),
('19', 'AGREGO UNA NUEVA CARGA AL REPORTE CON ID 14', '2017-09-26 10:09:06'),
('19', 'AGREGO UN NUEVO REGISTRO DE HORA MOLIENDA AL REPORTE CON ID 14', '2017-09-26 10:10:34'),
('19', 'INGRESO AL SISTEMA', '2017-09-26 10:14:09'),
('19', 'AGREGO UN REGISTRO DE INSUMO AL RPT CON ID 14', '2017-09-26 10:20:29'),
('19', 'ELIMINO UN REGISTRO DE INSUMO DEL RPT CON ID 14', '2017-09-26 10:21:26'),
('19', 'AGREGO UN REGISTRO DE INSUMO AL RPT CON ID 14', '2017-09-26 10:23:08'),
('19', 'ELIMINO UN REGISTRO DE INSUMO DEL RPT CON ID 14', '2017-09-26 10:24:27'),
('19', 'CERRO SESION ', '2017-09-26 10:25:45'),
('19', 'ELIMINO UN REGISTRO DE UNA CARGA DEL REPORTE CON ID 14', '2017-09-26 10:31:43'),
('19', 'ELIMINO UN REGISTRO DE UNA CARGA DEL REPORTE CON ID 14', '2017-09-26 10:32:08'),
('19', 'ELIMINO UN REGISTRO DE UNA CARGA DEL REPORTE CON ID 14', '2017-09-26 10:32:16'),
('19', 'ELIMINO UN REGISTRO DE UNA CARGA DEL REPORTE CON ID 14', '2017-09-26 10:32:21'),
('19', 'ELIMINO UN REGISTRO DE UNA CARGA DEL REPORTE CON ID 14', '2017-09-26 10:32:25'),
('19', 'ELIMINO UN REGISTRO DE UNA CARGA DEL REPORTE CON ID 14', '2017-09-26 10:32:41'),
('19', 'AGREGO NUEVO TIEMPO MUERTO AL CONSECUTIVO 1-1741 DEL TURNO 06:00AM-02:00PM', '2017-09-26 10:38:00'),
('19', 'AGREGO NUEVO TIEMPO MUERTO AL CONSECUTIVO 1-1741 DEL TURNO 06:00AM-02:00PM', '2017-09-26 10:40:04'),
('19', 'AGREGO NUEVO TIEMPO MUERTO AL CONSECUTIVO 1-1741 DEL TURNO 06:00AM-02:00PM', '2017-09-26 10:41:44'),
('8', 'INGRESO AL SISTEMA', '2017-09-26 10:45:04'),
('8', 'CAMBIO ESTADO DE USUARIO 25', '2017-09-26 10:46:11'),
('8', 'CAMBIO ESTADO DE USUARIO 25', '2017-09-26 10:47:17'),
('8', 'CAMBIO ESTADO DE USUARIO 24', '2017-09-26 10:49:59'),
('8', 'CAMBIO ESTADO DE USUARIO 25', '2017-09-26 10:50:07'),
('19', 'AGREGO UN REGISTRO DE INSUMO AL RPT CON ID 14', '2017-09-26 10:50:17'),
('19', 'AGREGO UN REGISTRO DE INSUMO AL RPT CON ID 14', '2017-09-26 10:50:40'),
('8', 'GUARDO USUARIO MICHAEL CON ROL 5', '2017-09-26 10:50:51'),
('19', 'AGREGO NUEVO TIEMPO MUERTO AL CONSECUTIVO 1-1741 DEL TURNO 06:00AM-02:00PM', '2017-09-26 10:58:21'),
('19', 'AGREGO INFORMACION DE PRODUCCION DEL RPT DIARIO CON ID 17', '2017-09-26 11:01:01'),
('19', 'ACTUALIZO INFORMACION DE PRODUCCION DEL RPT DIARIO CON ID 17', '2017-09-26 11:01:01'),
('19', 'AGREGO INFORMACION DE PRODUCCION DEL RPT DIARIO CON ID 17', '2017-09-26 11:02:58'),
('19', 'ACTUALIZO INFORMACION DE PRODUCCION DEL RPT DIARIO CON ID 17', '2017-09-26 11:02:58'),
('19', 'CERRO SESION ', '2017-09-26 11:07:06'),
('19', 'INGRESO AL SISTEMA', '2017-09-26 11:07:15'),
('19', 'AGREGO INFORMACION DE PRODUCCION DEL RPT DIARIO CON ID 17', '2017-09-26 11:14:51'),
('19', 'ACTUALIZO INFORMACION DE PRODUCCION DEL RPT DIARIO CON ID 17', '2017-09-26 11:14:51'),
('19', 'AGREGO INFORMACION DE PRODUCCION DEL RPT DIARIO CON ID 17', '2017-09-26 11:16:14'),
('19', 'ACTUALIZO INFORMACION DE PRODUCCION DEL RPT DIARIO CON ID 17', '2017-09-26 11:16:14'),
('19', 'ELIMINO UN REGISTRO DE PRODUCCION DEL RPT CON ID 17', '2017-09-26 11:16:24'),
('19', 'AGREGO INFORMACION DE PRODUCCION DEL RPT DIARIO CON ID 17', '2017-09-26 11:18:24'),
('19', 'ACTUALIZO INFORMACION DE PRODUCCION DEL RPT DIARIO CON ID 17', '2017-09-26 11:18:24'),
('19', 'ELIMINO UN TIEMPO MUERTO DEL REPORTE CON ID NO. 14', '2017-09-26 12:23:39'),
('19', 'AGREGO NUEVO TIEMPO MUERTO AL CONSECUTIVO 1-1741 DEL TURNO 06:00AM-02:00PM', '2017-09-26 12:25:23'),
('19', 'ELIMINO UN TIEMPO MUERTO DEL REPORTE CON ID NO. 14', '2017-09-26 12:25:42'),
('19', 'ELIMINO UN TIEMPO MUERTO DEL REPORTE CON ID NO. 14', '2017-09-26 12:26:01'),
('19', 'AGREGO NUEVO TIEMPO MUERTO AL CONSECUTIVO 1-1741 DEL TURNO 06:00AM-02:00PM', '2017-09-26 12:27:26'),
('19', 'ELIMINO UN TIEMPO MUERTO DEL REPORTE CON ID NO. 14', '2017-09-26 12:27:38'),
('19', 'AGREGO NUEVO TIEMPO MUERTO AL CONSECUTIVO 1-1741 DEL TURNO 06:00AM-02:00PM', '2017-09-26 12:29:06'),
('19', 'AGREGO NUEVO TIEMPO MUERTO AL CONSECUTIVO 1-1741 DEL TURNO 06:00AM-02:00PM', '2017-09-26 12:31:05'),
('19', 'AGREGO NUEVO TIEMPO MUERTO AL CONSECUTIVO 2-1741 DEL TURNO 06:00AM-02:00PM', '2017-09-26 13:13:50'),
('19', 'AGREGO NUEVO TIEMPO MUERTO AL CONSECUTIVO 2-1741 DEL TURNO 06:00AM-02:00PM', '2017-09-26 13:15:08'),
('19', 'AGREGO NUEVO TIEMPO MUERTO AL CONSECUTIVO 2-1741 DEL TURNO 06:00AM-02:00PM', '2017-09-26 13:16:28'),
('19', 'AGREGO INFORMACION DE PRODUCCION DEL RPT DIARIO CON ID 17', '2017-09-26 13:30:05'),
('19', 'ACTUALIZO INFORMACION DE PRODUCCION DEL RPT DIARIO CON ID 17', '2017-09-26 13:30:05'),
('19', 'AGREGO INFORMACION DE PRODUCCION DEL RPT DIARIO CON ID 17', '2017-09-26 13:32:13'),
('19', 'ACTUALIZO INFORMACION DE PRODUCCION DEL RPT DIARIO CON ID 17', '2017-09-26 13:32:13'),
('19', 'AGREGO INFORMACION DE PRODUCCION DEL RPT DIARIO CON ID 17', '2017-09-26 13:32:50'),
('19', 'ACTUALIZO INFORMACION DE PRODUCCION DEL RPT DIARIO CON ID 17', '2017-09-26 13:32:50'),
('19', 'ELIMINO UN REGISTRO DE PRODUCCION DEL RPT CON ID 17', '2017-09-26 13:34:48'),
('19', 'ELIMINO UN REGISTRO DE PRODUCCION DEL RPT CON ID 17', '2017-09-26 13:34:53'),
('19', 'ELIMINO UN REGISTRO DE PRODUCCION DEL RPT CON ID 17', '2017-09-26 13:35:05'),
('19', 'ELIMINO UN REGISTRO DE PRODUCCION DEL RPT CON ID 17', '2017-09-26 13:35:20'),
('19', 'AGREGO INFORMACION DE PRODUCCION DEL RPT DIARIO CON ID 17', '2017-09-26 13:37:04'),
('19', 'ACTUALIZO INFORMACION DE PRODUCCION DEL RPT DIARIO CON ID 17', '2017-09-26 13:37:04'),
('19', 'AGREGO INFORMACION DE PRODUCCION DEL RPT DIARIO CON ID 17', '2017-09-26 13:38:34'),
('19', 'ACTUALIZO INFORMACION DE PRODUCCION DEL RPT DIARIO CON ID 17', '2017-09-26 13:38:34'),
('19', 'ELIMINO UN REGISTRO DE PRODUCCION DEL RPT CON ID 17', '2017-09-26 13:39:04'),
('19', 'AGREGO INFORMACION DE PRODUCCION DEL RPT DIARIO CON ID 17', '2017-09-26 13:41:08'),
('19', 'ACTUALIZO INFORMACION DE PRODUCCION DEL RPT DIARIO CON ID 17', '2017-09-26 13:41:08'),
('19', 'AGREGO INFORMACION DE PRODUCCION DEL RPT DIARIO CON ID 17', '2017-09-26 14:03:42'),
('19', 'ACTUALIZO INFORMACION DE PRODUCCION DEL RPT DIARIO CON ID 17', '2017-09-26 14:03:42'),
('19', 'AGREGO INFORMACION DE PRODUCCION DEL RPT DIARIO CON ID 17', '2017-09-26 14:09:46'),
('19', 'ACTUALIZO INFORMACION DE PRODUCCION DEL RPT DIARIO CON ID 17', '2017-09-26 14:09:46'),
('19', 'AGREGO INFORMACION DE PRODUCCION DEL RPT DIARIO CON ID 17', '2017-09-26 14:11:12'),
('19', 'ACTUALIZO INFORMACION DE PRODUCCION DEL RPT DIARIO CON ID 17', '2017-09-26 14:11:12'),
('19', 'AGREGO INFORMACION DE PRODUCCION DEL RPT DIARIO CON ID 17', '2017-09-26 14:12:38'),
('19', 'ACTUALIZO INFORMACION DE PRODUCCION DEL RPT DIARIO CON ID 17', '2017-09-26 14:12:38'),
('19', 'CERRO SESION ', '2017-09-26 14:17:48'),
('15', 'INGRESO AL SISTEMA', '2017-09-26 14:17:53'),
('15', 'CERRO SESION ', '2017-09-26 14:18:23'),
('19', 'AGREGO INFORMACION DE PRODUCCION DEL RPT DIARIO CON ID 17', '2017-09-26 14:18:29'),
('19', 'ACTUALIZO INFORMACION DE PRODUCCION DEL RPT DIARIO CON ID 17', '2017-09-26 14:18:29'),
('19', 'ELIMINO UN REGISTRO DE PRODUCCION DEL RPT CON ID 17', '2017-09-26 14:19:20'),
('19', 'AGREGO INFORMACION DE PRODUCCION DEL RPT DIARIO CON ID 17', '2017-09-26 14:20:19'),
('19', 'ACTUALIZO INFORMACION DE PRODUCCION DEL RPT DIARIO CON ID 17', '2017-09-26 14:20:19'),
('19', 'AGREGO INFORMACION DE PRODUCCION DEL RPT DIARIO CON ID 17', '2017-09-26 14:21:52'),
('19', 'ACTUALIZO INFORMACION DE PRODUCCION DEL RPT DIARIO CON ID 17', '2017-09-26 14:21:52'),
('19', 'AGREGO INFORMACION DE PRODUCCION DEL RPT DIARIO CON ID 17', '2017-09-26 14:22:45'),
('19', 'ACTUALIZO INFORMACION DE PRODUCCION DEL RPT DIARIO CON ID 17', '2017-09-26 14:22:45'),
('19', 'AGREGO NUEVO TIEMPO MUERTO AL CONSECUTIVO 2-1741 DEL TURNO 06:00AM-02:00PM', '2017-09-26 14:26:02'),
('19', 'AGREGO NUEVO TIEMPO MUERTO AL CONSECUTIVO 2-1741 DEL TURNO 06:00AM-02:00PM', '2017-09-26 14:26:08'),
('19', 'ELIMINO UN TIEMPO MUERTO DEL REPORTE CON ID NO. 17', '2017-09-26 14:26:18'),
('19', 'AGREGO UNA NUEVA CARGA AL REPORTE CON ID 17', '2017-09-26 14:26:44'),
('19', 'AGREGO UNA NUEVA CARGA AL REPORTE CON ID 17', '2017-09-26 14:27:02'),
('19', 'AGREGO UNA NUEVA CARGA AL REPORTE CON ID 17', '2017-09-26 14:27:16'),
('19', 'AGREGO UNA NUEVA CARGA AL REPORTE CON ID 17', '2017-09-26 14:27:46'),
('19', 'AGREGO UNA NUEVA CARGA AL REPORTE CON ID 17', '2017-09-26 14:27:59'),
('19', 'AGREGO UNA NUEVA CARGA AL REPORTE CON ID 17', '2017-09-26 14:28:13'),
('19', 'AGREGO UNA NUEVA CARGA AL REPORTE CON ID 17', '2017-09-26 14:28:31'),
('19', 'AGREGO UNA NUEVA CARGA AL REPORTE CON ID 17', '2017-09-26 14:28:44'),
('19', 'AGREGO UNA NUEVA CARGA AL REPORTE CON ID 17', '2017-09-26 14:29:23'),
('19', 'AGREGO UNA NUEVA CARGA AL REPORTE CON ID 17', '2017-09-26 14:29:38'),
('19', 'AGREGO UNA NUEVA CARGA AL REPORTE CON ID 17', '2017-09-26 14:29:58'),
('19', 'AGREGO UNA NUEVA CARGA AL REPORTE CON ID 17', '2017-09-26 14:30:24'),
('19', 'AGREGO UNA NUEVA CARGA AL REPORTE CON ID 17', '2017-09-26 14:31:08'),
('19', 'AGREGO UNA NUEVA CARGA AL REPORTE CON ID 17', '2017-09-26 14:31:22'),
('19', 'AGREGO UN NUEVO REGISTRO DE HORA MOLIENDA AL REPORTE CON ID 17', '2017-09-26 14:32:40'),
('19', 'AGREGO UN NUEVO REGISTRO DE HORA MOLIENDA AL REPORTE CON ID 17', '2017-09-26 14:34:10'),
('19', 'AGREGO UN NUEVO REGISTRO DE HORA MOLIENDA AL REPORTE CON ID 17', '2017-09-26 14:34:45'),
('19', 'AGREGO UN NUEVO REGISTRO DE HORA MOLIENDA AL REPORTE CON ID 17', '2017-09-26 14:35:15'),
('19', 'AGREGO UN REGISTRO DE INSUMO AL RPT CON ID 17', '2017-09-26 14:36:04'),
('19', 'AGREGO UN REGISTRO DE INSUMO AL RPT CON ID 17', '2017-09-26 14:36:19'),
('19', 'CERRO SESION ', '2017-09-26 14:38:28'),
('18', 'INGRESO AL SISTEMA', '2017-09-26 15:01:07'),
('18', 'INGRESO AL SISTEMA', '2017-09-26 15:10:10'),
('18', 'INGRESO AL SISTEMA', '2017-09-26 15:11:54'),
('18', 'AGREGO INFORMACION DE PRODUCCION DEL RPT DIARIO CON ID 15', '2017-09-26 15:14:36'),
('18', 'ACTUALIZO INFORMACION DE PRODUCCION DEL RPT DIARIO CON ID 15', '2017-09-26 15:14:36'),
('18', 'AGREGO NUEVO TIEMPO MUERTO AL CONSECUTIVO 1-1741 DEL TURNO 02:00PM-10:00PM', '2017-09-26 15:21:27'),
('18', 'AGREGO NUEVO TIEMPO MUERTO AL CONSECUTIVO 1-1741 DEL TURNO 02:00PM-10:00PM', '2017-09-26 15:21:49'),
('18', 'ELIMINO UN TIEMPO MUERTO DEL REPORTE CON ID NO. 15', '2017-09-26 15:22:14'),
('18', 'AGREGO NUEVO TIEMPO MUERTO AL CONSECUTIVO 1-1741 DEL TURNO 02:00PM-10:00PM', '2017-09-26 15:24:25'),
('18', 'AGREGO UN REGISTRO DE INSUMO AL RPT CON ID 15', '2017-09-26 15:26:47'),
('18', 'CERRO SESION ', '2017-09-26 15:29:09'),
('18', 'INGRESO AL SISTEMA', '2017-09-26 15:30:04'),
('8', 'INGRESO AL SISTEMA', '2017-09-26 15:30:33'),
('18', 'INGRESO AL SISTEMA', '2017-09-26 15:31:21'),
('8', 'ELIMINO INSUMO CON ID: 63', '2017-09-26 15:33:36'),
('18', 'CERRO SESION ', '2017-09-26 15:33:54'),
('18', 'INGRESO AL SISTEMA', '2017-09-26 15:34:34'),
('18', 'CERRO SESION ', '2017-09-26 15:34:51'),
('8', 'AGREGO INSUMO POLICLORURO DE ALUMINIO (PAC)', '2017-09-26 15:35:43'),
('18', 'INGRESO AL SISTEMA', '2017-09-26 15:37:02'),
('18', 'CERRO SESION ', '2017-09-26 15:41:32'),
('8', 'ELIMINO INSUMO CON ID: 35', '2017-09-26 15:41:35'),
('8', 'ELIMINO INSUMO CON ID: 59', '2017-09-26 15:42:23'),
('8', 'AGREGO INSUMO BUFLOCK', '2017-09-26 15:43:02'),
('18', 'INGRESO AL SISTEMA', '2017-09-26 15:45:43'),
('8', 'ELIMINO INSUMO CON ID: 64', '2017-09-26 15:48:11'),
('8', 'AGREGO INSUMO POLICLORURO DE ALUMINIO(PAC)', '2017-09-26 15:49:19'),
('8', 'CERRO SESION ', '2017-09-26 15:49:37'),
('8', 'INGRESO AL SISTEMA', '2017-09-26 15:49:41'),
('8', 'INSERTO INFORMACION DE CATEGORIA 2 EN PLAN 11', '2017-09-26 15:51:36'),
('18', 'CERRO SESION ', '2017-09-26 15:56:36'),
('18', 'INGRESO AL SISTEMA', '2017-09-26 16:35:33'),
('18', 'AGREGO INFORMACION DE PRODUCCION DEL RPT DIARIO CON ID 18', '2017-09-26 16:37:46'),
('18', 'ACTUALIZO INFORMACION DE PRODUCCION DEL RPT DIARIO CON ID 18', '2017-09-26 16:37:46'),
('18', 'AGREGO INFORMACION DE PRODUCCION DEL RPT DIARIO CON ID 18', '2017-09-26 16:39:43'),
('18', 'ACTUALIZO INFORMACION DE PRODUCCION DEL RPT DIARIO CON ID 18', '2017-09-26 16:39:43'),
('18', 'AGREGO INFORMACION DE PRODUCCION DEL RPT DIARIO CON ID 18', '2017-09-26 16:40:57'),
('18', 'ACTUALIZO INFORMACION DE PRODUCCION DEL RPT DIARIO CON ID 18', '2017-09-26 16:40:57'),
('18', 'AGREGO INFORMACION DE PRODUCCION DEL RPT DIARIO CON ID 18', '2017-09-26 16:42:20'),
('18', 'ACTUALIZO INFORMACION DE PRODUCCION DEL RPT DIARIO CON ID 18', '2017-09-26 16:42:20'),
('18', 'AGREGO INFORMACION DE PRODUCCION DEL RPT DIARIO CON ID 18', '2017-09-26 16:43:25'),
('18', 'ACTUALIZO INFORMACION DE PRODUCCION DEL RPT DIARIO CON ID 18', '2017-09-26 16:43:25'),
('18', 'AGREGO INFORMACION DE PRODUCCION DEL RPT DIARIO CON ID 18', '2017-09-26 16:44:22'),
('18', 'ACTUALIZO INFORMACION DE PRODUCCION DEL RPT DIARIO CON ID 18', '2017-09-26 16:44:22'),
('18', 'CERRO SESION ', '2017-09-26 16:47:06'),
('19', 'INGRESO AL SISTEMA', '2017-09-26 17:22:43'),
('19', 'CERRO SESION ', '2017-09-26 17:24:09'),
('15', 'INGRESO AL SISTEMA', '2017-09-26 17:24:14'),
('15', 'GENERO UN REPORTE DEL REPORTE DIARIO CON ID 17', '2017-09-26 17:24:30'),
('15', 'GENERO UN REPORTE DEL REPORTE DIARIO CON ID 19', '2017-09-26 17:26:03'),
('15', 'GENERO UN REPORTE DEL REPORTE DIARIO CON ID 18', '2017-09-26 17:26:10'),
('18', 'INGRESO AL SISTEMA', '2017-09-26 18:15:40'),
('18', 'AGREGO NUEVO TIEMPO MUERTO AL CONSECUTIVO 2-1741 DEL TURNO 02:00PM-10:00PM', '2017-09-26 18:18:04'),
('18', 'AGREGO UN REGISTRO DE INSUMO AL RPT CON ID 18', '2017-09-26 18:18:54'),
('18', 'AGREGO UN REGISTRO DE INSUMO AL RPT CON ID 18', '2017-09-26 18:20:06'),
('18', 'CERRO SESION ', '2017-09-26 18:22:10'),
('18', 'INGRESO AL SISTEMA', '2017-09-26 18:51:04'),
('18', 'AGREGO NUEVO TIEMPO MUERTO AL CONSECUTIVO 2-1741 DEL TURNO 02:00PM-10:00PM', '2017-09-26 18:52:50'),
('18', 'CERRO SESION ', '2017-09-26 18:53:54'),
('10', 'INGRESO AL SISTEMA', '2017-09-27 02:43:50'),
('10', 'INGRESO AL SISTEMA', '2017-09-27 05:29:36'),
('19', 'INGRESO AL SISTEMA', '2017-09-27 06:25:23'),
('19', 'CERRO SESION ', '2017-09-27 06:25:55'),
('10', 'INGRESO AL SISTEMA', '2017-09-27 06:26:40'),
('10', 'AGREGO NUEVO TIEMPO MUERTO AL CONSECUTIVO 1-1741 DEL TURNO 10:00PM-06:00AM', '2017-09-27 06:31:24'),
('10', 'AGREGO NUEVO TIEMPO MUERTO AL CONSECUTIVO 1-1741 DEL TURNO 10:00PM-06:00AM', '2017-09-27 06:35:24'),
('10', 'AGREGO NUEVO TIEMPO MUERTO AL CONSECUTIVO 1-1741 DEL TURNO 10:00PM-06:00AM', '2017-09-27 06:36:57'),
('10', 'AGREGO UN REGISTRO DE INSUMO AL RPT CON ID 16', '2017-09-27 06:38:06'),
('10', 'AGREGO UN REGISTRO DE PASTA DEL TANQUE CON ID 2 AL RPT CON ID 16', '2017-09-27 06:38:53'),
('10', 'AGREGO UN REGISTRO DE PASTA DEL TANQUE CON ID 4 AL RPT CON ID 16', '2017-09-27 06:39:11'),
('10', 'AGREGO UN REGISTRO DE PASTA DEL TANQUE CON ID 5 AL RPT CON ID 16', '2017-09-27 06:39:24'),
('10', 'AGREGO UN REGISTRO DE PASTA DEL TANQUE CON ID 6 AL RPT CON ID 16', '2017-09-27 06:39:37'),
('10', 'CERRO SESION ', '2017-09-27 06:39:54'),
('15', 'INGRESO AL SISTEMA', '2017-09-27 08:13:10'),
('15', 'GENERO UN REPORTE DEL REPORTE DIARIO CON ID 17', '2017-09-27 08:13:19'),
('15', 'GENERO UN REPORTE DEL REPORTE DIARIO CON ID 19', '2017-09-27 08:13:29'),
('15', 'GENERO UN REPORTE DEL REPORTE DIARIO CON ID 18', '2017-09-27 08:13:36'),
('15', 'GENERO UN REPORTE DEL REPORTE DIARIO CON ID 17', '2017-09-27 08:52:10'),
('15', 'GENERO UN REPORTE DEL REPORTE DIARIO CON ID 16', '2017-09-27 08:52:25'),
('19', 'INGRESO AL SISTEMA', '2017-09-27 09:35:36'),
('19', 'CERRO SESION ', '2017-09-27 09:35:47'),
('19', 'INGRESO AL SISTEMA', '2017-09-27 10:32:00'),
('19', 'CERRO SESION ', '2017-09-27 10:33:11'),
('19', 'INGRESO AL SISTEMA', '2017-09-27 10:33:24'),
('19', 'CERRO SESION ', '2017-09-27 10:33:27'),
('19', 'INGRESO AL SISTEMA', '2017-09-27 11:06:30'),
('19', 'CERRO SESION ', '2017-09-27 11:06:44'),
('8', 'INGRESO AL SISTEMA', '2017-09-27 12:01:57'),
('8', 'GENERO UN REPORTE DEL REPORTE DIARIO CON ID 14', '2017-09-27 12:02:20'),
('8', 'GENERO UN REPORTE DEL REPORTE DIARIO CON ID 17', '2017-09-27 12:02:42'),
('8', 'GENERO UN REPORTE DEL REPORTE DIARIO CON ID 15', '2017-09-27 12:03:29'),
('8', 'GENERO UN REPORTE DEL REPORTE DIARIO CON ID 18', '2017-09-27 12:03:47'),
('8', 'INGRESO AL SISTEMA', '2017-09-27 12:04:11'),
('8', 'AGREGO EL CONSECUTIVO NO. 3-1741 DEL TURNO 3', '2017-09-27 12:05:09'),
('8', 'AGREGO EL CONSECUTIVO NO. 3-1741 DEL TURNO 4', '2017-09-27 12:05:35'),
('8', 'AGREGO EL CONSECUTIVO NO. 3-1741 DEL TURNO 5', '2017-09-27 12:06:03'),
('8', 'CERRO SESION ', '2017-09-27 12:06:14'),
('19', 'INGRESO AL SISTEMA', '2017-09-27 12:23:18'),
('19', 'AGREGO INFORMACION DE PRODUCCION DEL RPT DIARIO CON ID 20', '2017-09-27 12:28:29'),
('19', 'ACTUALIZO INFORMACION DE PRODUCCION DEL RPT DIARIO CON ID 20', '2017-09-27 12:28:29'),
('19', 'AGREGO INFORMACION DE PRODUCCION DEL RPT DIARIO CON ID 20', '2017-09-27 12:30:01'),
('19', 'ACTUALIZO INFORMACION DE PRODUCCION DEL RPT DIARIO CON ID 20', '2017-09-27 12:30:01'),
('19', 'AGREGO INFORMACION DE PRODUCCION DEL RPT DIARIO CON ID 20', '2017-09-27 12:31:51'),
('19', 'ACTUALIZO INFORMACION DE PRODUCCION DEL RPT DIARIO CON ID 20', '2017-09-27 12:31:51'),
('19', 'AGREGO INFORMACION DE PRODUCCION DEL RPT DIARIO CON ID 20', '2017-09-27 12:33:20'),
('19', 'ACTUALIZO INFORMACION DE PRODUCCION DEL RPT DIARIO CON ID 20', '2017-09-27 12:33:20'),
('19', 'ELIMINO UN REGISTRO DE PRODUCCION DEL RPT CON ID 20', '2017-09-27 12:33:39'),
('19', 'AGREGO INFORMACION DE PRODUCCION DEL RPT DIARIO CON ID 20', '2017-09-27 12:35:01'),
('19', 'ACTUALIZO INFORMACION DE PRODUCCION DEL RPT DIARIO CON ID 20', '2017-09-27 12:35:01'),
('19', 'AGREGO INFORMACION DE PRODUCCION DEL RPT DIARIO CON ID 20', '2017-09-27 12:39:48'),
('19', 'ACTUALIZO INFORMACION DE PRODUCCION DEL RPT DIARIO CON ID 20', '2017-09-27 12:39:48'),
('19', 'AGREGO UN REGISTRO DE INSUMO AL RPT CON ID 20', '2017-09-27 12:48:36'),
('19', 'AGREGO UNA NUEVA CARGA AL REPORTE CON ID 20', '2017-09-27 12:49:41'),
('19', 'AGREGO UNA NUEVA CARGA AL REPORTE CON ID 20', '2017-09-27 12:49:55'),
('19', 'AGREGO UNA NUEVA CARGA AL REPORTE CON ID 20', '2017-09-27 12:50:39'),
('19', 'AGREGO UNA NUEVA CARGA AL REPORTE CON ID 20', '2017-09-27 12:50:50'),
('19', 'AGREGO UNA NUEVA CARGA AL REPORTE CON ID 20', '2017-09-27 12:51:03'),
('19', 'AGREGO UNA NUEVA CARGA AL REPORTE CON ID 20', '2017-09-27 12:51:14'),
('19', 'AGREGO NUEVO TIEMPO MUERTO AL CONSECUTIVO 3-1741 DEL TURNO 06:00AM-02:00PM', '2017-09-27 12:52:57'),
('19', 'ELIMINO UN TIEMPO MUERTO DEL REPORTE CON ID NO. 20', '2017-09-27 12:53:15'),
('19', 'AGREGO NUEVO TIEMPO MUERTO AL CONSECUTIVO 3-1741 DEL TURNO 06:00AM-02:00PM', '2017-09-27 12:54:45'),
('19', 'AGREGO NUEVO TIEMPO MUERTO AL CONSECUTIVO 3-1741 DEL TURNO 06:00AM-02:00PM', '2017-09-27 12:56:51'),
('19', 'AGREGO NUEVO TIEMPO MUERTO AL CONSECUTIVO 3-1741 DEL TURNO 06:00AM-02:00PM', '2017-09-27 12:58:16'),
('19', 'AGREGO NUEVO TIEMPO MUERTO AL CONSECUTIVO 3-1741 DEL TURNO 06:00AM-02:00PM', '2017-09-27 12:59:39'),
('19', 'AGREGO NUEVO TIEMPO MUERTO AL CONSECUTIVO 3-1741 DEL TURNO 06:00AM-02:00PM', '2017-09-27 13:01:39'),
('19', 'AGREGO UN NUEVO REGISTRO DE HORA MOLIENDA AL REPORTE CON ID 20', '2017-09-27 13:02:37'),
('19', 'AGREGO UN NUEVO REGISTRO DE HORA MOLIENDA AL REPORTE CON ID 20', '2017-09-27 13:03:11'),
('19', 'AGREGO UN REGISTRO DE INSUMO AL RPT CON ID 20', '2017-09-27 13:04:46'),
('19', 'CERRO SESION ', '2017-09-27 13:44:39'),
('15', 'GENERO UN REPORTE DEL REPORTE DIARIO CON ID 20', '2017-09-27 15:59:12'),
('15', 'GENERO UN REPORTE DEL REPORTE DIARIO CON ID 21', '2017-09-27 15:59:39'),
('15', 'GENERO UN REPORTE DEL REPORTE DIARIO CON ID 22', '2017-09-27 15:59:49'),
('15', 'GENERO UN REPORTE DEL REPORTE DIARIO CON ID 18', '2017-09-27 16:00:49'),
('18', 'INGRESO AL SISTEMA', '2017-09-27 17:32:19'),
('18', 'CERRO SESION ', '2017-09-27 17:33:20'),
('15', 'INGRESO AL SISTEMA', '2017-09-27 17:55:12'),
('15', 'GENERO UN REPORTE DEL REPORTE DIARIO CON ID 21', '2017-09-27 17:55:23'),
('15', 'GENERO UN REPORTE DEL REPORTE DIARIO CON ID 21', '2017-09-27 17:55:33'),
('15', 'GENERO UN REPORTE DEL REPORTE DIARIO CON ID 20', '2017-09-27 17:55:43'),
('18', 'INGRESO AL SISTEMA', '2017-09-27 19:44:59'),
('18', 'AGREGO NUEVO TIEMPO MUERTO AL CONSECUTIVO 3-1741 DEL TURNO 02:00PM-10:00PM', '2017-09-27 19:46:38'),
('18', 'AGREGO NUEVO TIEMPO MUERTO AL CONSECUTIVO 3-1741 DEL TURNO 02:00PM-10:00PM', '2017-09-27 19:47:44'),
('18', 'AGREGO NUEVO TIEMPO MUERTO AL CONSECUTIVO 3-1741 DEL TURNO 02:00PM-10:00PM', '2017-09-27 19:49:12'),
('18', 'CERRO SESION ', '2017-09-27 19:49:55'),
('18', 'INGRESO AL SISTEMA', '2017-09-27 19:50:47'),
('18', 'CERRO SESION ', '2017-09-27 19:51:24'),
('18', 'INGRESO AL SISTEMA', '2017-09-27 20:51:24'),
('18', 'AGREGO NUEVO TIEMPO MUERTO AL CONSECUTIVO 3-1741 DEL TURNO 02:00PM-10:00PM', '2017-09-27 20:54:02'),
('18', 'AGREGO NUEVO TIEMPO MUERTO AL CONSECUTIVO 3-1741 DEL TURNO 02:00PM-10:00PM', '2017-09-27 20:54:07'),
('18', 'ELIMINO UN TIEMPO MUERTO DEL REPORTE CON ID NO. 21', '2017-09-27 20:54:20'),
('18', 'AGREGO NUEVO TIEMPO MUERTO AL CONSECUTIVO 3-1741 DEL TURNO 02:00PM-10:00PM', '2017-09-27 20:56:03'),
('18', 'AGREGO UN REGISTRO DE INSUMO AL RPT CON ID 21', '2017-09-27 20:57:13'),
('18', 'AGREGO UN REGISTRO DE INSUMO AL RPT CON ID 21', '2017-09-27 20:57:49'),
('18', 'CERRO SESION ', '2017-09-27 21:06:38'),
('18', 'INGRESO AL SISTEMA', '2017-09-27 21:11:17'),
('18', 'AGREGO UNA NUEVA CARGA AL REPORTE CON ID 21', '2017-09-27 21:11:51'),
('18', 'AGREGO UNA NUEVA CARGA AL REPORTE CON ID 21', '2017-09-27 21:12:09'),
('18', 'AGREGO UNA NUEVA CARGA AL REPORTE CON ID 21', '2017-09-27 21:12:19'),
('18', 'AGREGO UN NUEVO REGISTRO DE HORA MOLIENDA AL REPORTE CON ID 21', '2017-09-27 21:13:16'),
('18', 'AGREGO UNA NUEVA CARGA AL REPORTE CON ID 21', '2017-09-27 21:14:19'),
('18', 'AGREGO UNA NUEVA CARGA AL REPORTE CON ID 21', '2017-09-27 21:14:29'),
('18', 'CERRO SESION ', '2017-09-27 21:14:53'),
('18', 'INGRESO AL SISTEMA', '2017-09-27 21:34:49'),
('18', 'AGREGO UN REGISTRO DE INSUMO AL RPT CON ID 21', '2017-09-27 21:36:33'),
('18', 'CERRO SESION ', '2017-09-27 21:39:50'),
('18', 'INGRESO AL SISTEMA', '2017-09-27 21:47:20'),
('18', 'AGREGO INFORMACION DE PRODUCCION DEL RPT DIARIO CON ID 21', '2017-09-27 21:53:09'),
('18', 'ACTUALIZO INFORMACION DE PRODUCCION DEL RPT DIARIO CON ID 21', '2017-09-27 21:53:09'),
('18', 'AGREGO INFORMACION DE PRODUCCION DEL RPT DIARIO CON ID 21', '2017-09-27 21:57:16'),
('18', 'ACTUALIZO INFORMACION DE PRODUCCION DEL RPT DIARIO CON ID 21', '2017-09-27 21:57:16'),
('18', 'CERRO SESION ', '2017-09-27 21:57:40'),
('10', 'INGRESO AL SISTEMA', '2017-09-27 22:58:27'),
('10', 'CERRO SESION ', '2017-09-27 23:23:36'),
('10', 'INGRESO AL SISTEMA', '2017-09-27 23:28:18'),
('10', 'INGRESO AL SISTEMA', '2017-09-27 23:38:37'),
('19', 'INGRESO AL SISTEMA', '2017-09-28 05:54:07'),
('19', 'CERRO SESION ', '2017-09-28 05:54:21'),
('10', 'INGRESO AL SISTEMA', '2017-09-28 05:55:09'),
('10', 'CERRO SESION ', '2017-09-28 05:56:32'),
('15', 'INGRESO AL SISTEMA', '2017-09-28 08:00:39'),
('15', 'GENERO UN REPORTE DEL REPORTE DIARIO CON ID 21', '2017-09-28 08:00:51'),
('15', 'GENERO UN REPORTE DEL REPORTE DIARIO CON ID 22', '2017-09-28 08:01:58'),
('8', 'INGRESO AL SISTEMA', '2017-09-28 09:16:37'),
('8', 'AGREGO EL CONSECUTIVO NO. 4-1741 DEL TURNO 3', '2017-09-28 09:17:32'),
('8', 'AGREGO EL CONSECUTIVO NO. 4-1741 DEL TURNO 4', '2017-09-28 09:17:56'),
('8', 'AGREGO EL CONSECUTIVO NO. 4-1741 DEL TURNO 5', '2017-09-28 09:18:31'),
('19', 'INGRESO AL SISTEMA', '2017-09-28 09:20:14'),
('8', 'GENERO UN REPORTE DEL REPORTE DIARIO CON ID 20', '2017-09-28 09:20:48'),
('19', 'AGREGO INFORMACION DE PRODUCCION DEL RPT DIARIO CON ID 23', '2017-09-28 09:21:29'),
('19', 'ACTUALIZO INFORMACION DE PRODUCCION DEL RPT DIARIO CON ID 23', '2017-09-28 09:21:29'),
('19', 'AGREGO INFORMACION DE PRODUCCION DEL RPT DIARIO CON ID 23', '2017-09-28 09:24:54'),
('19', 'ACTUALIZO INFORMACION DE PRODUCCION DEL RPT DIARIO CON ID 23', '2017-09-28 09:24:54'),
('19', 'AGREGO INFORMACION DE PRODUCCION DEL RPT DIARIO CON ID 23', '2017-09-28 09:40:50'),
('19', 'ACTUALIZO INFORMACION DE PRODUCCION DEL RPT DIARIO CON ID 23', '2017-09-28 09:40:51'),
('19', 'AGREGO INFORMACION DE PRODUCCION DEL RPT DIARIO CON ID 23', '2017-09-28 09:42:28'),
('19', 'ACTUALIZO INFORMACION DE PRODUCCION DEL RPT DIARIO CON ID 23', '2017-09-28 09:42:28'),
('19', 'AGREGO INFORMACION DE PRODUCCION DEL RPT DIARIO CON ID 23', '2017-09-28 10:59:19'),
('19', 'ACTUALIZO INFORMACION DE PRODUCCION DEL RPT DIARIO CON ID 23', '2017-09-28 10:59:19'),
('19', 'AGREGO INFORMACION DE PRODUCCION DEL RPT DIARIO CON ID 23', '2017-09-28 11:01:14'),
('19', 'ACTUALIZO INFORMACION DE PRODUCCION DEL RPT DIARIO CON ID 23', '2017-09-28 11:01:14'),
('19', 'AGREGO INFORMACION DE PRODUCCION DEL RPT DIARIO CON ID 23', '2017-09-28 12:40:37'),
('19', 'ACTUALIZO INFORMACION DE PRODUCCION DEL RPT DIARIO CON ID 23', '2017-09-28 12:40:37'),
('19', 'AGREGO INFORMACION DE PRODUCCION DEL RPT DIARIO CON ID 23', '2017-09-28 12:42:52'),
('19', 'ACTUALIZO INFORMACION DE PRODUCCION DEL RPT DIARIO CON ID 23', '2017-09-28 12:42:52'),
('19', 'AGREGO NUEVO TIEMPO MUERTO AL CONSECUTIVO 4-1741 DEL TURNO 06:00AM-02:00PM', '2017-09-28 13:13:32'),
('19', 'AGREGO NUEVO TIEMPO MUERTO AL CONSECUTIVO 4-1741 DEL TURNO 06:00AM-02:00PM', '2017-09-28 13:15:17'),
('19', 'AGREGO NUEVO TIEMPO MUERTO AL CONSECUTIVO 4-1741 DEL TURNO 06:00AM-02:00PM', '2017-09-28 13:16:06'),
('19', 'AGREGO NUEVO TIEMPO MUERTO AL CONSECUTIVO 4-1741 DEL TURNO 06:00AM-02:00PM', '2017-09-28 13:17:24'),
('19', 'ELIMINO UN TIEMPO MUERTO DEL REPORTE CON ID NO. 23', '2017-09-28 13:18:08'),
('19', 'AGREGO NUEVO TIEMPO MUERTO AL CONSECUTIVO 4-1741 DEL TURNO 06:00AM-02:00PM', '2017-09-28 13:20:50'),
('19', 'AGREGO UN REGISTRO DE INSUMO AL RPT CON ID 23', '2017-09-28 13:21:28'),
('19', 'AGREGO UN REGISTRO DE INSUMO AL RPT CON ID 23', '2017-09-28 13:22:38'),
('19', 'AGREGO UNA NUEVA CARGA AL REPORTE CON ID 23', '2017-09-28 13:23:40'),
('19', 'AGREGO UNA NUEVA CARGA AL REPORTE CON ID 23', '2017-09-28 13:23:54'),
('19', 'AGREGO UNA NUEVA CARGA AL REPORTE CON ID 23', '2017-09-28 13:24:07'),
('19', 'AGREGO UNA NUEVA CARGA AL REPORTE CON ID 23', '2017-09-28 13:24:17'),
('19', 'AGREGO UNA NUEVA CARGA AL REPORTE CON ID 23', '2017-09-28 13:24:25'),
('19', 'AGREGO UNA NUEVA CARGA AL REPORTE CON ID 23', '2017-09-28 13:24:36'),
('19', 'AGREGO UNA NUEVA CARGA AL REPORTE CON ID 23', '2017-09-28 13:26:18'),
('19', 'AGREGO UNA NUEVA CARGA AL REPORTE CON ID 23', '2017-09-28 13:26:30'),
('19', 'AGREGO UNA NUEVA CARGA AL REPORTE CON ID 23', '2017-09-28 13:26:52'),
('19', 'AGREGO UNA NUEVA CARGA AL REPORTE CON ID 23', '2017-09-28 13:27:07'),
('19', 'AGREGO UNA NUEVA CARGA AL REPORTE CON ID 23', '2017-09-28 13:27:17'),
('19', 'AGREGO UNA NUEVA CARGA AL REPORTE CON ID 23', '2017-09-28 13:27:31'),
('19', 'AGREGO UNA NUEVA CARGA AL REPORTE CON ID 23', '2017-09-28 13:27:43'),
('19', 'AGREGO UNA NUEVA CARGA AL REPORTE CON ID 23', '2017-09-28 13:27:52'),
('19', 'AGREGO UNA NUEVA CARGA AL REPORTE CON ID 23', '2017-09-28 13:28:06'),
('19', 'AGREGO UNA NUEVA CARGA AL REPORTE CON ID 23', '2017-09-28 13:28:15'),
('19', 'AGREGO UNA NUEVA CARGA AL REPORTE CON ID 23', '2017-09-28 13:28:24'),
('19', 'AGREGO UNA NUEVA CARGA AL REPORTE CON ID 23', '2017-09-28 13:29:37'),
('19', 'AGREGO UNA NUEVA CARGA AL REPORTE CON ID 23', '2017-09-28 13:29:49'),
('19', 'AGREGO UNA NUEVA CARGA AL REPORTE CON ID 23', '2017-09-28 13:29:59'),
('19', 'AGREGO UNA NUEVA CARGA AL REPORTE CON ID 23', '2017-09-28 13:30:16'),
('19', 'AGREGO UNA NUEVA CARGA AL REPORTE CON ID 23', '2017-09-28 13:30:35'),
('19', 'AGREGO UNA NUEVA CARGA AL REPORTE CON ID 23', '2017-09-28 13:30:49'),
('19', 'AGREGO UNA NUEVA CARGA AL REPORTE CON ID 23', '2017-09-28 13:31:00'),
('19', 'AGREGO UN NUEVO REGISTRO DE HORA MOLIENDA AL REPORTE CON ID 23', '2017-09-28 13:32:12'),
('19', 'AGREGO UN NUEVO REGISTRO DE HORA MOLIENDA AL REPORTE CON ID 23', '2017-09-28 13:32:44'),
('19', 'AGREGO UN NUEVO REGISTRO DE HORA MOLIENDA AL REPORTE CON ID 23', '2017-09-28 13:33:11'),
('19', 'AGREGO UN NUEVO REGISTRO DE HORA MOLIENDA AL REPORTE CON ID 23', '2017-09-28 13:33:34'),
('19', 'AGREGO UN NUEVO REGISTRO DE HORA MOLIENDA AL REPORTE CON ID 23', '2017-09-28 13:33:59'),
('19', 'AGREGO UN NUEVO REGISTRO DE HORA MOLIENDA AL REPORTE CON ID 23', '2017-09-28 13:34:31'),
('19', 'AGREGO UN NUEVO REGISTRO DE HORA MOLIENDA AL REPORTE CON ID 23', '2017-09-28 13:34:58'),
('19', 'AGREGO UN NUEVO REGISTRO DE HORA MOLIENDA AL REPORTE CON ID 23', '2017-09-28 13:35:28'),
('19', 'AGREGO INFORMACION DE PRODUCCION DEL RPT DIARIO CON ID 23', '2017-09-28 13:59:07'),
('19', 'ACTUALIZO INFORMACION DE PRODUCCION DEL RPT DIARIO CON ID 23', '2017-09-28 13:59:07'),
('19', 'AGREGO INFORMACION DE PRODUCCION DEL RPT DIARIO CON ID 23', '2017-09-28 14:01:02'),
('19', 'ACTUALIZO INFORMACION DE PRODUCCION DEL RPT DIARIO CON ID 23', '2017-09-28 14:01:02'),
('19', 'AGREGO INFORMACION DE PRODUCCION DEL RPT DIARIO CON ID 23', '2017-09-28 14:02:48'),
('19', 'ACTUALIZO INFORMACION DE PRODUCCION DEL RPT DIARIO CON ID 23', '2017-09-28 14:02:48'),
('19', 'AGREGO UN REGISTRO DE INSUMO AL RPT CON ID 23', '2017-09-28 14:03:29'),
('19', 'CERRO SESION ', '2017-09-28 14:03:36'),
('15', 'GENERO UN REPORTE DEL REPORTE DIARIO CON ID 23', '2017-09-28 14:11:09'),
('18', 'INGRESO AL SISTEMA', '2017-09-28 15:22:47'),
('18', 'CERRO SESION ', '2017-09-28 15:23:39'),
('16', 'INGRESO AL SISTEMA', '2017-09-28 15:28:06'),
('16', 'GENERO UN REPORTE DEL REPORTE DIARIO CON ID 21', '2017-09-28 15:33:06'),
('16', 'GENERO UN REPORTE DEL REPORTE DIARIO CON ID 22', '2017-09-28 15:33:17'),
('18', 'INGRESO AL SISTEMA', '2017-09-28 17:35:18'),
('18', 'AGREGO INFORMACION DE PRODUCCION DEL RPT DIARIO CON ID 24', '2017-09-28 17:36:56'),
('18', 'ACTUALIZO INFORMACION DE PRODUCCION DEL RPT DIARIO CON ID 24', '2017-09-28 17:36:56'),
('18', 'AGREGO INFORMACION DE PRODUCCION DEL RPT DIARIO CON ID 24', '2017-09-28 17:37:39'),
('18', 'ACTUALIZO INFORMACION DE PRODUCCION DEL RPT DIARIO CON ID 24', '2017-09-28 17:37:39'),
('18', 'AGREGO INFORMACION DE PRODUCCION DEL RPT DIARIO CON ID 24', '2017-09-28 17:39:18'),
('18', 'ACTUALIZO INFORMACION DE PRODUCCION DEL RPT DIARIO CON ID 24', '2017-09-28 17:39:18'),
('18', 'AGREGO INFORMACION DE PRODUCCION DEL RPT DIARIO CON ID 24', '2017-09-28 17:39:59'),
('18', 'ACTUALIZO INFORMACION DE PRODUCCION DEL RPT DIARIO CON ID 24', '2017-09-28 17:39:59'),
('18', 'CERRO SESION ', '2017-09-28 17:40:37'),
('18', 'INGRESO AL SISTEMA', '2017-09-28 17:48:13'),
('18', 'AGREGO UNA NUEVA CARGA AL REPORTE CON ID 24', '2017-09-28 17:48:36'),
('18', 'AGREGO UNA NUEVA CARGA AL REPORTE CON ID 24', '2017-09-28 17:48:48'),
('18', 'AGREGO UNA NUEVA CARGA AL REPORTE CON ID 24', '2017-09-28 17:48:57'),
('18', 'AGREGO UN NUEVO REGISTRO DE HORA MOLIENDA AL REPORTE CON ID 24', '2017-09-28 17:49:33'),
('18', 'AGREGO UNA NUEVA CARGA AL REPORTE CON ID 24', '2017-09-28 17:50:13'),
('18', 'AGREGO UNA NUEVA CARGA AL REPORTE CON ID 24', '2017-09-28 17:50:21'),
('18', 'AGREGO UNA NUEVA CARGA AL REPORTE CON ID 24', '2017-09-28 17:50:28'),
('18', 'AGREGO UN NUEVO REGISTRO DE HORA MOLIENDA AL REPORTE CON ID 24', '2017-09-28 17:50:49'),
('18', 'ACTUALIZO UN REGISTRO DE HORA MOLIENDA DEL RPT CON ID 24', '2017-09-28 17:52:42'),
('18', 'AGREGO UNA NUEVA CARGA AL REPORTE CON ID 24', '2017-09-28 17:53:17'),
('18', 'AGREGO UNA NUEVA CARGA AL REPORTE CON ID 24', '2017-09-28 17:53:24'),
('18', 'AGREGO UNA NUEVA CARGA AL REPORTE CON ID 24', '2017-09-28 17:53:31'),
('18', 'AGREGO UN NUEVO REGISTRO DE HORA MOLIENDA AL REPORTE CON ID 24', '2017-09-28 17:53:58'),
('18', 'AGREGO NUEVO TIEMPO MUERTO AL CONSECUTIVO 4-1741 DEL TURNO 02:00PM-10:00PM', '2017-09-28 17:58:17'),
('18', 'CERRO SESION ', '2017-09-28 17:59:33'),
('15', 'INGRESO AL SISTEMA', '2017-09-28 18:08:45'),
('15', 'GENERO UN REPORTE DEL REPORTE DIARIO CON ID 24', '2017-09-28 18:08:54'),
('15', 'GENERO UN REPORTE DEL REPORTE DIARIO CON ID 25', '2017-09-28 18:09:14'),
('15', 'GENERO UN REPORTE DEL REPORTE DIARIO CON ID 23', '2017-09-28 18:09:20'),
('18', 'INGRESO AL SISTEMA', '2017-09-28 18:19:25'),
('18', 'AGREGO INFORMACION DE PRODUCCION DEL RPT DIARIO CON ID 24', '2017-09-28 18:20:25'),
('18', 'ACTUALIZO INFORMACION DE PRODUCCION DEL RPT DIARIO CON ID 24', '2017-09-28 18:20:25'),
('18', 'CERRO SESION ', '2017-09-28 18:21:21'),
('18', 'INGRESO AL SISTEMA', '2017-09-28 18:23:02'),
('18', 'CERRO SESION ', '2017-09-28 18:23:23'),
('18', 'INGRESO AL SISTEMA', '2017-09-28 18:59:34'),
('18', 'CERRO SESION ', '2017-09-28 19:00:42'),
('18', 'INGRESO AL SISTEMA', '2017-09-28 19:26:04'),
('18', 'AGREGO INFORMACION DE PRODUCCION DEL RPT DIARIO CON ID 24', '2017-09-28 19:28:27'),
('18', 'ACTUALIZO INFORMACION DE PRODUCCION DEL RPT DIARIO CON ID 24', '2017-09-28 19:28:27'),
('18', 'AGREGO INFORMACION DE PRODUCCION DEL RPT DIARIO CON ID 24', '2017-09-28 19:29:29'),
('18', 'ACTUALIZO INFORMACION DE PRODUCCION DEL RPT DIARIO CON ID 24', '2017-09-28 19:29:29'),
('18', 'CERRO SESION ', '2017-09-28 19:31:12'),
('18', 'INGRESO AL SISTEMA', '2017-09-28 20:48:38'),
('18', 'AGREGO UNA NUEVA CARGA AL REPORTE CON ID 24', '2017-09-28 20:50:45'),
('18', 'AGREGO UNA NUEVA CARGA AL REPORTE CON ID 24', '2017-09-28 20:50:51'),
('18', 'AGREGO UNA NUEVA CARGA AL REPORTE CON ID 24', '2017-09-28 20:50:58'),
('18', 'AGREGO UNA NUEVA CARGA AL REPORTE CON ID 24', '2017-09-28 20:51:10'),
('18', 'AGREGO UNA NUEVA CARGA AL REPORTE CON ID 24', '2017-09-28 20:51:33'),
('18', 'AGREGO UNA NUEVA CARGA AL REPORTE CON ID 24', '2017-09-28 20:51:39'),
('18', 'AGREGO UNA NUEVA CARGA AL REPORTE CON ID 24', '2017-09-28 20:51:48'),
('18', 'AGREGO UNA NUEVA CARGA AL REPORTE CON ID 24', '2017-09-28 20:51:57'),
('18', 'AGREGO UNA NUEVA CARGA AL REPORTE CON ID 24', '2017-09-28 20:52:04'),
('18', 'AGREGO UN NUEVO REGISTRO DE HORA MOLIENDA AL REPORTE CON ID 24', '2017-09-28 20:52:47'),
('18', 'AGREGO UN NUEVO REGISTRO DE HORA MOLIENDA AL REPORTE CON ID 24', '2017-09-28 20:53:15'),
('18', 'AGREGO UN NUEVO REGISTRO DE HORA MOLIENDA AL REPORTE CON ID 24', '2017-09-28 20:53:51'),
('18', 'CERRO SESION ', '2017-09-28 20:56:25'),
('18', 'INGRESO AL SISTEMA', '2017-09-28 21:03:32'),
('18', 'AGREGO UN REGISTRO DE INSUMO AL RPT CON ID 24', '2017-09-28 21:04:25'),
('18', 'AGREGO UN REGISTRO DE INSUMO AL RPT CON ID 24', '2017-09-28 21:04:50'),
('18', 'CERRO SESION ', '2017-09-28 21:10:39'),
('18', 'INGRESO AL SISTEMA', '2017-09-28 21:37:07'),
('18', 'AGREGO INFORMACION DE PRODUCCION DEL RPT DIARIO CON ID 24', '2017-09-28 21:39:16'),
('18', 'ACTUALIZO INFORMACION DE PRODUCCION DEL RPT DIARIO CON ID 24', '2017-09-28 21:39:16'),
('18', 'AGREGO INFORMACION DE PRODUCCION DEL RPT DIARIO CON ID 24', '2017-09-28 21:40:08'),
('18', 'ACTUALIZO INFORMACION DE PRODUCCION DEL RPT DIARIO CON ID 24', '2017-09-28 21:40:08'),
('18', 'AGREGO INFORMACION DE PRODUCCION DEL RPT DIARIO CON ID 24', '2017-09-28 21:42:02'),
('18', 'ACTUALIZO INFORMACION DE PRODUCCION DEL RPT DIARIO CON ID 24', '2017-09-28 21:42:02'),
('18', 'AGREGO INFORMACION DE PRODUCCION DEL RPT DIARIO CON ID 24', '2017-09-28 21:43:03'),
('18', 'ACTUALIZO INFORMACION DE PRODUCCION DEL RPT DIARIO CON ID 24', '2017-09-28 21:43:03'),
('18', 'AGREGO UN REGISTRO DE INSUMO AL RPT CON ID 24', '2017-09-28 21:45:37'),
('18', 'AGREGO NUEVO TIEMPO MUERTO AL CONSECUTIVO 4-1741 DEL TURNO 02:00PM-10:00PM', '2017-09-28 21:47:20'),
('18', 'AGREGO UNA NUEVA CARGA AL REPORTE CON ID 24', '2017-09-28 21:47:42'),
('18', 'AGREGO UNA NUEVA CARGA AL REPORTE CON ID 24', '2017-09-28 21:47:50'),
('18', 'AGREGO UNA NUEVA CARGA AL REPORTE CON ID 24', '2017-09-28 21:47:58'),
('18', 'AGREGO UN NUEVO REGISTRO DE HORA MOLIENDA AL REPORTE CON ID 24', '2017-09-28 21:48:30'),
('18', 'CERRO SESION ', '2017-09-28 21:49:46'),
('10', 'INGRESO AL SISTEMA', '2017-09-29 00:46:10'),
('19', 'INGRESO AL SISTEMA', '2017-09-29 00:47:40'),
('10', 'INGRESO AL SISTEMA', '2017-09-29 00:48:31'),
('19', 'INGRESO AL SISTEMA', '2017-09-29 06:02:27'),
('19', 'CERRO SESION ', '2017-09-29 06:03:25'),
('15', 'INGRESO AL SISTEMA', '2017-09-29 08:49:16'),
('15', 'GENERO UN REPORTE DEL REPORTE DIARIO CON ID 23', '2017-09-29 08:51:21'),
('15', 'GENERO UN REPORTE DEL REPORTE DIARIO CON ID 24', '2017-09-29 08:56:52'),
('15', 'GENERO UN REPORTE DEL REPORTE DIARIO CON ID 25', '2017-09-29 08:57:27'),
('15', 'GENERO UN REPORTE DEL REPORTE DIARIO CON ID 22', '2017-09-29 08:57:35'),
('15', 'GENERO UN REPORTE DEL REPORTE DIARIO CON ID 19', '2017-09-29 08:57:44'),
('15', 'GENERO UN REPORTE DEL REPORTE DIARIO CON ID 16', '2017-09-29 08:57:50'),
('8', 'INGRESO AL SISTEMA', '2017-09-29 09:49:05'),
('8', 'AGREGO EL CONSECUTIVO NO. 5-1741 DEL TURNO 3', '2017-09-29 09:50:09'),
('8', 'AGREGO EL CONSECUTIVO NO. 5-1741 DEL TURNO 4', '2017-09-29 09:51:08'),
('8', 'AGREGO EL CONSECUTIVO NO. 5-1741 DEL TURNO 5', '2017-09-29 09:51:56'),
('19', 'INGRESO AL SISTEMA', '2017-09-29 10:50:52'),
('19', 'AGREGO INFORMACION DE PRODUCCION DEL RPT DIARIO CON ID 26', '2017-09-29 10:54:14'),
('19', 'ACTUALIZO INFORMACION DE PRODUCCION DEL RPT DIARIO CON ID 26', '2017-09-29 10:54:14'),
('19', 'AGREGO INFORMACION DE PRODUCCION DEL RPT DIARIO CON ID 26', '2017-09-29 10:55:40'),
('19', 'ACTUALIZO INFORMACION DE PRODUCCION DEL RPT DIARIO CON ID 26', '2017-09-29 10:55:40'),
('19', 'AGREGO INFORMACION DE PRODUCCION DEL RPT DIARIO CON ID 26', '2017-09-29 10:56:53'),
('19', 'ACTUALIZO INFORMACION DE PRODUCCION DEL RPT DIARIO CON ID 26', '2017-09-29 10:56:53'),
('19', 'AGREGO INFORMACION DE PRODUCCION DEL RPT DIARIO CON ID 26', '2017-09-29 10:57:53'),
('19', 'ACTUALIZO INFORMACION DE PRODUCCION DEL RPT DIARIO CON ID 26', '2017-09-29 10:57:53'),
('19', 'AGREGO INFORMACION DE PRODUCCION DEL RPT DIARIO CON ID 26', '2017-09-29 10:59:33'),
('19', 'ACTUALIZO INFORMACION DE PRODUCCION DEL RPT DIARIO CON ID 26', '2017-09-29 10:59:33'),
('19', 'AGREGO INFORMACION DE PRODUCCION DEL RPT DIARIO CON ID 26', '2017-09-29 11:00:54'),
('19', 'ACTUALIZO INFORMACION DE PRODUCCION DEL RPT DIARIO CON ID 26', '2017-09-29 11:00:55'),
('19', 'AGREGO INFORMACION DE PRODUCCION DEL RPT DIARIO CON ID 26', '2017-09-29 11:02:09'),
('19', 'ACTUALIZO INFORMACION DE PRODUCCION DEL RPT DIARIO CON ID 26', '2017-09-29 11:02:09'),
('19', 'AGREGO INFORMACION DE PRODUCCION DEL RPT DIARIO CON ID 26', '2017-09-29 11:04:32'),
('19', 'ACTUALIZO INFORMACION DE PRODUCCION DEL RPT DIARIO CON ID 26', '2017-09-29 11:04:32'),
('15', 'GENERO UN REPORTE DEL REPORTE DIARIO CON ID 26', '2017-09-29 11:49:09'),
('19', 'AGREGO INFORMACION DE PRODUCCION DEL RPT DIARIO CON ID 26', '2017-09-29 12:48:29'),
('19', 'ACTUALIZO INFORMACION DE PRODUCCION DEL RPT DIARIO CON ID 26', '2017-09-29 12:48:29'),
('19', 'AGREGO INFORMACION DE PRODUCCION DEL RPT DIARIO CON ID 26', '2017-09-29 12:50:15'),
('19', 'ACTUALIZO INFORMACION DE PRODUCCION DEL RPT DIARIO CON ID 26', '2017-09-29 12:50:15'),
('19', 'CERRO SESION ', '2017-09-29 13:54:28'),
('18', 'INGRESO AL SISTEMA', '2017-09-29 14:32:03'),
('18', 'CERRO SESION ', '2017-09-29 14:32:15'),
('15', 'GENERO UN REPORTE DEL REPORTE DIARIO CON ID 26', '2017-09-29 17:17:27'),
('15', 'GENERO UN REPORTE DEL REPORTE DIARIO CON ID 27', '2017-09-29 17:17:38'),
('15', 'GENERO UN REPORTE DEL REPORTE DIARIO CON ID 26', '2017-09-29 17:26:19'),
('15', 'GENERO UN REPORTE DEL REPORTE DIARIO CON ID 26', '2017-09-29 17:26:32'),
('15', 'GENERO UN REPORTE DEL REPORTE DIARIO CON ID 27', '2017-09-29 17:26:42'),
('15', 'GENERO UN REPORTE DEL REPORTE DIARIO CON ID 26', '2017-09-29 17:54:06'),
('18', 'INGRESO AL SISTEMA', '2017-09-29 18:07:10'),
('18', 'AGREGO INFORMACION DE PRODUCCION DEL RPT DIARIO CON ID 27', '2017-09-29 18:09:21'),
('18', 'ACTUALIZO INFORMACION DE PRODUCCION DEL RPT DIARIO CON ID 27', '2017-09-29 18:09:21'),
('18', 'AGREGO INFORMACION DE PRODUCCION DEL RPT DIARIO CON ID 27', '2017-09-29 18:10:00'),
('18', 'ACTUALIZO INFORMACION DE PRODUCCION DEL RPT DIARIO CON ID 27', '2017-09-29 18:10:00'),
('18', 'AGREGO INFORMACION DE PRODUCCION DEL RPT DIARIO CON ID 27', '2017-09-29 18:10:40'),
('18', 'ACTUALIZO INFORMACION DE PRODUCCION DEL RPT DIARIO CON ID 27', '2017-09-29 18:10:40'),
('18', 'AGREGO INFORMACION DE PRODUCCION DEL RPT DIARIO CON ID 27', '2017-09-29 18:11:22'),
('18', 'ACTUALIZO INFORMACION DE PRODUCCION DEL RPT DIARIO CON ID 27', '2017-09-29 18:11:22'),
('18', 'CERRO SESION ', '2017-09-29 18:12:29'),
('18', 'INGRESO AL SISTEMA', '2017-09-29 18:24:46'),
('18', 'AGREGO INFORMACION DE PRODUCCION DEL RPT DIARIO CON ID 27', '2017-09-29 18:26:07'),
('18', 'ACTUALIZO INFORMACION DE PRODUCCION DEL RPT DIARIO CON ID 27', '2017-09-29 18:26:07'),
('18', 'AGREGO INFORMACION DE PRODUCCION DEL RPT DIARIO CON ID 27', '2017-09-29 18:28:03'),
('18', 'ACTUALIZO INFORMACION DE PRODUCCION DEL RPT DIARIO CON ID 27', '2017-09-29 18:28:03'),
('18', 'CERRO SESION ', '2017-09-29 18:32:46'),
('18', 'INGRESO AL SISTEMA', '2017-09-29 19:01:36'),
('18', 'CERRO SESION ', '2017-09-29 19:01:50'),
('18', 'INGRESO AL SISTEMA', '2017-09-29 19:52:03'),
('18', 'AGREGO INFORMACION DE PRODUCCION DEL RPT DIARIO CON ID 27', '2017-09-29 19:53:26'),
('18', 'ACTUALIZO INFORMACION DE PRODUCCION DEL RPT DIARIO CON ID 27', '2017-09-29 19:53:27'),
('18', 'AGREGO INFORMACION DE PRODUCCION DEL RPT DIARIO CON ID 27', '2017-09-29 19:54:18'),
('18', 'ACTUALIZO INFORMACION DE PRODUCCION DEL RPT DIARIO CON ID 27', '2017-09-29 19:54:18'),
('18', 'AGREGO UNA NUEVA CARGA AL REPORTE CON ID 27', '2017-09-29 19:57:24'),
('18', 'AGREGO UNA NUEVA CARGA AL REPORTE CON ID 27', '2017-09-29 19:57:34'),
('18', 'AGREGO UNA NUEVA CARGA AL REPORTE CON ID 27', '2017-09-29 19:57:41'),
('18', 'AGREGO UNA NUEVA CARGA AL REPORTE CON ID 27', '2017-09-29 19:57:49'),
('18', 'AGREGO UNA NUEVA CARGA AL REPORTE CON ID 27', '2017-09-29 19:57:56'),
('18', 'AGREGO UNA NUEVA CARGA AL REPORTE CON ID 27', '2017-09-29 19:58:03'),
('18', 'AGREGO UNA NUEVA CARGA AL REPORTE CON ID 27', '2017-09-29 19:58:09'),
('18', 'AGREGO UNA NUEVA CARGA AL REPORTE CON ID 27', '2017-09-29 19:58:14'),
('18', 'AGREGO UNA NUEVA CARGA AL REPORTE CON ID 27', '2017-09-29 19:58:21'),
('18', 'AGREGO UNA NUEVA CARGA AL REPORTE CON ID 27', '2017-09-29 19:58:28'),
('18', 'AGREGO UNA NUEVA CARGA AL REPORTE CON ID 27', '2017-09-29 19:58:34'),
('18', 'AGREGO UNA NUEVA CARGA AL REPORTE CON ID 27', '2017-09-29 19:58:40'),
('18', 'AGREGO UNA NUEVA CARGA AL REPORTE CON ID 27', '2017-09-29 19:58:46'),
('18', 'AGREGO UNA NUEVA CARGA AL REPORTE CON ID 27', '2017-09-29 19:58:52'),
('18', 'AGREGO UNA NUEVA CARGA AL REPORTE CON ID 27', '2017-09-29 19:58:57'),
('18', 'AGREGO UNA NUEVA CARGA AL REPORTE CON ID 27', '2017-09-29 20:00:20'),
('18', 'AGREGO UNA NUEVA CARGA AL REPORTE CON ID 27', '2017-09-29 20:00:24'),
('18', 'AGREGO UNA NUEVA CARGA AL REPORTE CON ID 27', '2017-09-29 20:00:30'),
('18', 'AGREGO UNA NUEVA CARGA AL REPORTE CON ID 27', '2017-09-29 20:00:33'),
('18', 'AGREGO UNA NUEVA CARGA AL REPORTE CON ID 27', '2017-09-29 20:00:37'),
('18', 'AGREGO UNA NUEVA CARGA AL REPORTE CON ID 27', '2017-09-29 20:00:52'),
('18', 'AGREGO UNA NUEVA CARGA AL REPORTE CON ID 27', '2017-09-29 20:00:56'),
('18', 'AGREGO UNA NUEVA CARGA AL REPORTE CON ID 27', '2017-09-29 20:00:59'),
('18', 'AGREGO UNA NUEVA CARGA AL REPORTE CON ID 27', '2017-09-29 20:01:00'),
('18', 'AGREGO UNA NUEVA CARGA AL REPORTE CON ID 27', '2017-09-29 20:01:01'),
('18', 'AGREGO UN NUEVO REGISTRO DE HORA MOLIENDA AL REPORTE CON ID 27', '2017-09-29 20:02:24'),
('18', 'AGREGO UN NUEVO REGISTRO DE HORA MOLIENDA AL REPORTE CON ID 27', '2017-09-29 20:02:45'),
('18', 'AGREGO UN NUEVO REGISTRO DE HORA MOLIENDA AL REPORTE CON ID 27', '2017-09-29 20:03:00'),
('18', 'AGREGO UN NUEVO REGISTRO DE HORA MOLIENDA AL REPORTE CON ID 27', '2017-09-29 20:04:04'),
('18', 'AGREGO UN NUEVO REGISTRO DE HORA MOLIENDA AL REPORTE CON ID 27', '2017-09-29 20:05:30'),
('18', 'AGREGO INFORMACION DE PRODUCCION DEL RPT DIARIO CON ID 27', '2017-09-29 21:09:32'),
('18', 'ACTUALIZO INFORMACION DE PRODUCCION DEL RPT DIARIO CON ID 27', '2017-09-29 21:09:32'),
('18', 'AGREGO INFORMACION DE PRODUCCION DEL RPT DIARIO CON ID 27', '2017-09-29 21:12:00'),
('18', 'ACTUALIZO INFORMACION DE PRODUCCION DEL RPT DIARIO CON ID 27', '2017-09-29 21:12:00'),
('18', 'AGREGO UNA NUEVA CARGA AL REPORTE CON ID 27', '2017-09-29 21:19:08'),
('18', 'AGREGO UNA NUEVA CARGA AL REPORTE CON ID 27', '2017-09-29 21:20:06'),
('18', 'AGREGO UNA NUEVA CARGA AL REPORTE CON ID 27', '2017-09-29 21:20:29'),
('18', 'AGREGO UNA NUEVA CARGA AL REPORTE CON ID 27', '2017-09-29 21:20:58'),
('18', 'AGREGO UNA NUEVA CARGA AL REPORTE CON ID 27', '2017-09-29 21:21:05');
INSERT INTO `log` (`IdUser`, `Accion`, `Fecha`) VALUES
('18', 'AGREGO UN NUEVO REGISTRO DE HORA MOLIENDA AL REPORTE CON ID 27', '2017-09-29 21:21:41'),
('18', 'AGREGO NUEVO TIEMPO MUERTO AL CONSECUTIVO 5-1741 DEL TURNO 02:00PM-10:00PM', '2017-09-29 21:23:25'),
('18', 'AGREGO NUEVO TIEMPO MUERTO AL CONSECUTIVO 5-1741 DEL TURNO 02:00PM-10:00PM', '2017-09-29 21:24:01'),
('18', 'AGREGO NUEVO TIEMPO MUERTO AL CONSECUTIVO 5-1741 DEL TURNO 02:00PM-10:00PM', '2017-09-29 21:24:51'),
('18', 'AGREGO UN REGISTRO DE INSUMO AL RPT CON ID 27', '2017-09-29 21:26:12'),
('18', 'AGREGO UN REGISTRO DE INSUMO AL RPT CON ID 27', '2017-09-29 21:26:28'),
('18', 'AGREGO UN REGISTRO DE INSUMO AL RPT CON ID 27', '2017-09-29 21:31:54'),
('18', 'AGREGO INFORMACION DE PRODUCCION DEL RPT DIARIO CON ID 27', '2017-09-29 21:55:39'),
('18', 'ACTUALIZO INFORMACION DE PRODUCCION DEL RPT DIARIO CON ID 27', '2017-09-29 21:55:39'),
('18', 'AGREGO INFORMACION DE PRODUCCION DEL RPT DIARIO CON ID 27', '2017-09-29 21:57:50'),
('18', 'ACTUALIZO INFORMACION DE PRODUCCION DEL RPT DIARIO CON ID 27', '2017-09-29 21:57:51'),
('18', 'CERRO SESION ', '2017-09-29 21:58:30'),
('10', 'INGRESO AL SISTEMA', '2017-09-29 23:08:20'),
('19', 'INGRESO AL SISTEMA', '2017-09-30 07:34:52'),
('19', 'AGREGO INFORMACION DE PRODUCCION DEL RPT DIARIO CON ID 26', '2017-09-30 07:36:27'),
('19', 'ACTUALIZO INFORMACION DE PRODUCCION DEL RPT DIARIO CON ID 26', '2017-09-30 07:36:27'),
('19', 'AGREGO INFORMACION DE PRODUCCION DEL RPT DIARIO CON ID 26', '2017-09-30 07:38:24'),
('19', 'ACTUALIZO INFORMACION DE PRODUCCION DEL RPT DIARIO CON ID 26', '2017-09-30 07:38:24'),
('19', 'AGREGO INFORMACION DE PRODUCCION DEL RPT DIARIO CON ID 26', '2017-09-30 07:39:44'),
('19', 'ACTUALIZO INFORMACION DE PRODUCCION DEL RPT DIARIO CON ID 26', '2017-09-30 07:39:44'),
('19', 'AGREGO UN REGISTRO DE INSUMO AL RPT CON ID 26', '2017-09-30 07:47:46'),
('19', 'AGREGO UN REGISTRO DE INSUMO AL RPT CON ID 26', '2017-09-30 07:48:11'),
('19', 'INGRESO AL SISTEMA', '2017-09-30 07:56:55'),
('19', 'AGREGO UN REGISTRO DE INSUMO AL RPT CON ID 26', '2017-09-30 07:57:21'),
('19', 'AGREGO UNA NUEVA CARGA AL REPORTE CON ID 26', '2017-09-30 07:57:54'),
('19', 'AGREGO UNA NUEVA CARGA AL REPORTE CON ID 26', '2017-09-30 07:58:15'),
('19', 'AGREGO UNA NUEVA CARGA AL REPORTE CON ID 26', '2017-09-30 07:58:30'),
('19', 'AGREGO UNA NUEVA CARGA AL REPORTE CON ID 26', '2017-09-30 07:58:41'),
('19', 'AGREGO UNA NUEVA CARGA AL REPORTE CON ID 26', '2017-09-30 07:58:53'),
('19', 'AGREGO UNA NUEVA CARGA AL REPORTE CON ID 26', '2017-09-30 07:59:03'),
('19', 'AGREGO UNA NUEVA CARGA AL REPORTE CON ID 26', '2017-09-30 07:59:20'),
('19', 'AGREGO UNA NUEVA CARGA AL REPORTE CON ID 26', '2017-09-30 07:59:37'),
('19', 'AGREGO UNA NUEVA CARGA AL REPORTE CON ID 26', '2017-09-30 07:59:52'),
('19', 'AGREGO UNA NUEVA CARGA AL REPORTE CON ID 26', '2017-09-30 08:00:13'),
('19', 'AGREGO UNA NUEVA CARGA AL REPORTE CON ID 26', '2017-09-30 08:00:25'),
('19', 'AGREGO UNA NUEVA CARGA AL REPORTE CON ID 26', '2017-09-30 08:00:38'),
('19', 'AGREGO UNA NUEVA CARGA AL REPORTE CON ID 26', '2017-09-30 08:00:51'),
('19', 'AGREGO UNA NUEVA CARGA AL REPORTE CON ID 26', '2017-09-30 08:01:02'),
('19', 'AGREGO UNA NUEVA CARGA AL REPORTE CON ID 26', '2017-09-30 08:01:12'),
('19', 'AGREGO UNA NUEVA CARGA AL REPORTE CON ID 26', '2017-09-30 08:01:27'),
('19', 'AGREGO UNA NUEVA CARGA AL REPORTE CON ID 26', '2017-09-30 08:01:38'),
('19', 'AGREGO UNA NUEVA CARGA AL REPORTE CON ID 26', '2017-09-30 08:01:55'),
('19', 'AGREGO UNA NUEVA CARGA AL REPORTE CON ID 26', '2017-09-30 08:02:43'),
('19', 'AGREGO UNA NUEVA CARGA AL REPORTE CON ID 26', '2017-09-30 08:02:55'),
('19', 'AGREGO UNA NUEVA CARGA AL REPORTE CON ID 26', '2017-09-30 08:03:14'),
('19', 'AGREGO UN NUEVO REGISTRO DE HORA MOLIENDA AL REPORTE CON ID 26', '2017-09-30 08:05:33'),
('19', 'AGREGO UN NUEVO REGISTRO DE HORA MOLIENDA AL REPORTE CON ID 26', '2017-09-30 08:05:59'),
('19', 'AGREGO UN NUEVO REGISTRO DE HORA MOLIENDA AL REPORTE CON ID 26', '2017-09-30 08:06:24'),
('19', 'AGREGO UN NUEVO REGISTRO DE HORA MOLIENDA AL REPORTE CON ID 26', '2017-09-30 08:06:46'),
('19', 'AGREGO UN NUEVO REGISTRO DE HORA MOLIENDA AL REPORTE CON ID 26', '2017-09-30 08:07:27'),
('19', 'AGREGO UN NUEVO REGISTRO DE HORA MOLIENDA AL REPORTE CON ID 26', '2017-09-30 08:08:28'),
('19', 'ACTUALIZO UN REGISTRO DE HORA MOLIENDA DEL RPT CON ID 26', '2017-09-30 08:09:53'),
('19', 'ACTUALIZO UN REGISTRO DE HORA MOLIENDA DEL RPT CON ID 26', '2017-09-30 08:20:37'),
('19', 'ACTUALIZO UN REGISTRO DE HORA MOLIENDA DEL RPT CON ID 26', '2017-09-30 08:21:54'),
('19', 'ACTUALIZO UN REGISTRO DE HORA MOLIENDA DEL RPT CON ID 26', '2017-09-30 08:23:02'),
('19', 'ACTUALIZO UN REGISTRO DE HORA MOLIENDA DEL RPT CON ID 26', '2017-09-30 08:24:59'),
('19', 'ACTUALIZO UN REGISTRO DE HORA MOLIENDA DEL RPT CON ID 26', '2017-09-30 08:28:32'),
('19', 'ACTUALIZO UN REGISTRO DE HORA MOLIENDA DEL RPT CON ID 26', '2017-09-30 08:29:02'),
('19', 'ACTUALIZO UN REGISTRO DE HORA MOLIENDA DEL RPT CON ID 26', '2017-09-30 08:29:36'),
('19', 'ACTUALIZO UN REGISTRO DE HORA MOLIENDA DEL RPT CON ID 26', '2017-09-30 08:29:59'),
('19', 'ACTUALIZO UN REGISTRO DE HORA MOLIENDA DEL RPT CON ID 26', '2017-09-30 08:33:21'),
('19', 'AGREGO UN NUEVO REGISTRO DE HORA MOLIENDA AL REPORTE CON ID 26', '2017-09-30 08:35:10'),
('19', 'AGREGO UN NUEVO REGISTRO DE HORA MOLIENDA AL REPORTE CON ID 26', '2017-09-30 08:35:44'),
('19', 'ACTUALIZO UN REGISTRO DE HORA MOLIENDA DEL RPT CON ID 26', '2017-09-30 08:36:27'),
('19', 'ACTUALIZO UN REGISTRO DE HORA MOLIENDA DEL RPT CON ID 26', '2017-09-30 08:36:49'),
('19', 'CERRO SESION ', '2017-09-30 08:38:45'),
('19', 'INGRESO AL SISTEMA', '2017-09-30 09:34:34'),
('19', 'AGREGO NUEVO TIEMPO MUERTO AL CONSECUTIVO 5-1741 DEL TURNO 06:00AM-02:00PM', '2017-09-30 09:36:30'),
('19', 'ELIMINO UN TIEMPO MUERTO DEL REPORTE CON ID NO. 26', '2017-09-30 09:36:59'),
('19', 'AGREGO NUEVO TIEMPO MUERTO AL CONSECUTIVO 5-1741 DEL TURNO 06:00AM-02:00PM', '2017-09-30 09:38:30'),
('19', 'AGREGO NUEVO TIEMPO MUERTO AL CONSECUTIVO 5-1741 DEL TURNO 06:00AM-02:00PM', '2017-09-30 09:39:23'),
('19', 'AGREGO NUEVO TIEMPO MUERTO AL CONSECUTIVO 5-1741 DEL TURNO 06:00AM-02:00PM', '2017-09-30 09:41:31'),
('19', 'AGREGO NUEVO TIEMPO MUERTO AL CONSECUTIVO 5-1741 DEL TURNO 06:00AM-02:00PM', '2017-09-30 09:42:48'),
('19', 'AGREGO NUEVO TIEMPO MUERTO AL CONSECUTIVO 5-1741 DEL TURNO 06:00AM-02:00PM', '2017-09-30 09:44:07'),
('19', 'CERRO SESION ', '2017-09-30 09:44:14'),
('19', 'INGRESO AL SISTEMA', '2017-09-30 13:29:08'),
('19', 'CERRO SESION ', '2017-09-30 13:29:14'),
('18', 'INGRESO AL SISTEMA', '2017-09-30 15:30:05'),
('18', 'CERRO SESION ', '2017-09-30 15:30:13'),
('15', 'INGRESO AL SISTEMA', '2017-10-02 08:18:37'),
('15', 'GENERO UN REPORTE DEL REPORTE DIARIO CON ID 26', '2017-10-02 08:18:54'),
('15', 'GENERO UN REPORTE DEL REPORTE DIARIO CON ID 27', '2017-10-02 08:19:14'),
('15', 'GENERO UN REPORTE DEL REPORTE DIARIO CON ID 28', '2017-10-02 08:19:21'),
('15', 'GENERO UN REPORTE DE CONTROL PISO DEL CONSECUTIVO 1-1741', '2017-10-02 08:48:04'),
('15', 'GENERO UN REPORTE DEL REPORTE DIARIO CON ID 14', '2017-10-02 08:48:11'),
('8', 'INGRESO AL SISTEMA', '2017-10-02 10:29:26'),
('8', 'INSERTO ORDEN DE PRODUCCION NUMERO 1747', '2017-10-02 10:31:43'),
('8', 'AGREGO EL CONSECUTIVO NO. 1-1747 DEL TURNO 3', '2017-10-02 10:32:23'),
('8', 'AGREGO EL CONSECUTIVO NO. 1-1747 DEL TURNO 4', '2017-10-02 10:32:51'),
('8', 'AGREGO EL CONSECUTIVO NO. 1-1747 DEL TURNO 5', '2017-10-02 10:33:17'),
('8', 'CERRO SESION ', '2017-10-02 10:33:23'),
('18', 'INGRESO AL SISTEMA', '2017-10-02 11:00:48'),
('18', 'CERRO SESION ', '2017-10-02 11:01:09'),
('18', 'INGRESO AL SISTEMA', '2017-10-02 12:31:38'),
('18', 'AGREGO NUEVO TIEMPO MUERTO AL CONSECUTIVO 1-1747 DEL TURNO 06:00AM-02:00PM', '2017-10-02 12:33:16'),
('18', 'AGREGO NUEVO TIEMPO MUERTO AL CONSECUTIVO 1-1747 DEL TURNO 06:00AM-02:00PM', '2017-10-02 12:34:42'),
('18', 'CERRO SESION ', '2017-10-02 12:35:17'),
('15', 'INGRESO AL SISTEMA', '2017-10-02 13:50:22'),
('15', 'GENERO UN REPORTE DEL REPORTE DIARIO CON ID 29', '2017-10-02 13:50:53'),
('15', 'GENERO UN REPORTE DEL REPORTE DIARIO CON ID 29', '2017-10-02 14:51:27'),
('15', 'GENERO UN REPORTE DEL REPORTE DIARIO CON ID 30', '2017-10-02 14:51:37'),
('15', 'GENERO UN REPORTE DEL REPORTE DIARIO CON ID 29', '2017-10-02 15:59:13'),
('15', 'GENERO UN REPORTE DEL REPORTE DIARIO CON ID 30', '2017-10-02 15:59:20'),
('15', 'GENERO UN REPORTE DEL REPORTE DIARIO CON ID 31', '2017-10-02 15:59:26'),
('15', 'GENERO UN REPORTE DEL REPORTE DIARIO CON ID 29', '2017-10-02 18:00:56'),
('15', 'GENERO UN REPORTE DEL REPORTE DIARIO CON ID 30', '2017-10-02 18:02:29'),
('15', 'CERRO SESION ', '2017-10-02 18:17:31'),
('10', 'INGRESO AL SISTEMA', '2017-10-02 21:05:01'),
('19', 'INGRESO AL SISTEMA', '2017-10-02 21:15:02'),
('10', 'INGRESO AL SISTEMA', '2017-10-02 21:15:28'),
('19', 'INGRESO AL SISTEMA', '2017-10-02 21:50:30'),
('19', 'INGRESO AL SISTEMA', '2017-10-03 01:48:30'),
('19', 'CERRO SESION ', '2017-10-03 01:49:00'),
('18', 'INGRESO AL SISTEMA', '2017-10-03 08:39:29'),
('18', 'CERRO SESION ', '2017-10-03 08:39:47'),
('15', 'INGRESO AL SISTEMA', '2017-10-03 09:04:55'),
('15', 'GENERO UN REPORTE DEL REPORTE DIARIO CON ID 30', '2017-10-03 09:05:03'),
('15', 'GENERO UN REPORTE DEL REPORTE DIARIO CON ID 31', '2017-10-03 09:05:16'),
('15', 'GENERO UN REPORTE DEL REPORTE DIARIO CON ID 29', '2017-10-03 09:05:28'),
('15', 'CERRO SESION ', '2017-10-03 09:10:59'),
('13', 'INGRESO AL SISTEMA', '2017-10-03 09:11:08'),
('13', 'CERRO SESION ', '2017-10-03 09:11:15'),
('18', 'INGRESO AL SISTEMA', '2017-10-03 09:12:39'),
('18', 'CERRO SESION ', '2017-10-03 09:12:44'),
('13', 'INGRESO AL SISTEMA', '2017-10-03 09:13:02'),
('13', 'CERRO SESION ', '2017-10-03 09:13:31'),
('8', 'INGRESO AL SISTEMA', '2017-10-03 09:15:23'),
('8', 'AGREGO EL CONSECUTIVO NO. 2-1747 DEL TURNO 3', '2017-10-03 09:17:11'),
('8', 'AGREGO EL CONSECUTIVO NO. 2-1747 DEL TURNO 4', '2017-10-03 09:17:52'),
('8', 'AGREGO EL CONSECUTIVO NO. 2-1747 DEL TURNO 5', '2017-10-03 09:18:14'),
('15', 'INGRESO AL SISTEMA', '2017-10-03 09:23:12'),
('18', 'INGRESO AL SISTEMA', '2017-10-03 09:23:55'),
('18', 'CERRO SESION ', '2017-10-03 09:25:24'),
('15', 'CERRO SESION ', '2017-10-03 09:25:35'),
('19', 'INGRESO AL SISTEMA', '2017-10-03 09:28:23'),
('19', 'CERRO SESION ', '2017-10-03 09:29:30'),
('15', 'INGRESO AL SISTEMA', '2017-10-03 09:29:40'),
('15', 'GENERO UN REPORTE DEL REPORTE DIARIO CON ID 31', '2017-10-03 09:29:48'),
('18', 'INGRESO AL SISTEMA', '2017-10-03 09:29:56'),
('18', 'CERRO SESION ', '2017-10-03 09:31:07'),
('18', 'INGRESO AL SISTEMA', '2017-10-03 11:07:25'),
('18', 'AGREGO INFORMACION DE PRODUCCION DEL RPT DIARIO CON ID 32', '2017-10-03 11:08:18'),
('18', 'ACTUALIZO INFORMACION DE PRODUCCION DEL RPT DIARIO CON ID 32', '2017-10-03 11:08:19'),
('18', 'AGREGO INFORMACION DE PRODUCCION DEL RPT DIARIO CON ID 32', '2017-10-03 11:09:12'),
('18', 'ACTUALIZO INFORMACION DE PRODUCCION DEL RPT DIARIO CON ID 32', '2017-10-03 11:09:12'),
('18', 'AGREGO INFORMACION DE PRODUCCION DEL RPT DIARIO CON ID 32', '2017-10-03 11:10:17'),
('18', 'ACTUALIZO INFORMACION DE PRODUCCION DEL RPT DIARIO CON ID 32', '2017-10-03 11:10:17'),
('18', 'AGREGO INFORMACION DE PRODUCCION DEL RPT DIARIO CON ID 32', '2017-10-03 11:11:39'),
('18', 'ACTUALIZO INFORMACION DE PRODUCCION DEL RPT DIARIO CON ID 32', '2017-10-03 11:11:39'),
('18', 'CERRO SESION ', '2017-10-03 11:12:16'),
('15', 'GENERO UN REPORTE DEL REPORTE DIARIO CON ID 32', '2017-10-03 11:13:45'),
('18', 'INGRESO AL SISTEMA', '2017-10-03 11:28:00'),
('18', 'AGREGO UNA NUEVA CARGA AL REPORTE CON ID 32', '2017-10-03 11:35:18'),
('18', 'AGREGO UNA NUEVA CARGA AL REPORTE CON ID 32', '2017-10-03 11:35:26'),
('18', 'AGREGO UNA NUEVA CARGA AL REPORTE CON ID 32', '2017-10-03 11:35:37'),
('18', 'AGREGO UNA NUEVA CARGA AL REPORTE CON ID 32', '2017-10-03 11:35:45'),
('18', 'AGREGO UNA NUEVA CARGA AL REPORTE CON ID 32', '2017-10-03 11:35:49'),
('18', 'AGREGO UNA NUEVA CARGA AL REPORTE CON ID 32', '2017-10-03 11:35:51'),
('18', 'AGREGO UNA NUEVA CARGA AL REPORTE CON ID 32', '2017-10-03 11:36:14'),
('18', 'AGREGO UNA NUEVA CARGA AL REPORTE CON ID 32', '2017-10-03 11:36:18'),
('18', 'AGREGO UNA NUEVA CARGA AL REPORTE CON ID 32', '2017-10-03 11:36:20'),
('18', 'AGREGO UNA NUEVA CARGA AL REPORTE CON ID 32', '2017-10-03 11:36:22'),
('18', 'AGREGO UN NUEVO REGISTRO DE HORA MOLIENDA AL REPORTE CON ID 32', '2017-10-03 11:36:55'),
('18', 'AGREGO UN NUEVO REGISTRO DE HORA MOLIENDA AL REPORTE CON ID 32', '2017-10-03 11:37:32'),
('18', 'AGREGO UN NUEVO REGISTRO DE HORA MOLIENDA AL REPORTE CON ID 32', '2017-10-03 11:38:17'),
('18', 'AGREGO UN NUEVO REGISTRO DE HORA MOLIENDA AL REPORTE CON ID 32', '2017-10-03 11:38:38'),
('18', 'AGREGO UN NUEVO REGISTRO DE HORA MOLIENDA AL REPORTE CON ID 32', '2017-10-03 11:39:14'),
('18', 'AGREGO UN NUEVO REGISTRO DE HORA MOLIENDA AL REPORTE CON ID 32', '2017-10-03 11:39:37'),
('18', 'ACTUALIZO UN REGISTRO DE HORA MOLIENDA DEL RPT CON ID 32', '2017-10-03 11:40:21'),
('18', 'CERRO SESION ', '2017-10-03 11:41:43'),
('18', 'INGRESO AL SISTEMA', '2017-10-03 13:05:43'),
('18', 'AGREGO INFORMACION DE PRODUCCION DEL RPT DIARIO CON ID 32', '2017-10-03 13:07:10'),
('18', 'ACTUALIZO INFORMACION DE PRODUCCION DEL RPT DIARIO CON ID 32', '2017-10-03 13:07:10'),
('18', 'AGREGO INFORMACION DE PRODUCCION DEL RPT DIARIO CON ID 32', '2017-10-03 13:08:12'),
('18', 'ACTUALIZO INFORMACION DE PRODUCCION DEL RPT DIARIO CON ID 32', '2017-10-03 13:08:12'),
('18', 'AGREGO UNA NUEVA CARGA AL REPORTE CON ID 32', '2017-10-03 13:08:50'),
('18', 'AGREGO UNA NUEVA CARGA AL REPORTE CON ID 32', '2017-10-03 13:08:59'),
('18', 'ACTUALIZO UN REGISTRO DE HORA MOLIENDA DEL RPT CON ID 32', '2017-10-03 13:09:35'),
('18', 'AGREGO UN REGISTRO DE INSUMO AL RPT CON ID 32', '2017-10-03 13:29:02'),
('18', 'AGREGO UN REGISTRO DE INSUMO AL RPT CON ID 32', '2017-10-03 13:29:16'),
('18', 'AGREGO NUEVO TIEMPO MUERTO AL CONSECUTIVO 2-1747 DEL TURNO 06:00AM-02:00PM', '2017-10-03 13:31:08'),
('18', 'AGREGO NUEVO TIEMPO MUERTO AL CONSECUTIVO 2-1747 DEL TURNO 06:00AM-02:00PM', '2017-10-03 13:31:49'),
('18', 'AGREGO NUEVO TIEMPO MUERTO AL CONSECUTIVO 2-1747 DEL TURNO 06:00AM-02:00PM', '2017-10-03 13:32:29'),
('18', 'AGREGO NUEVO TIEMPO MUERTO AL CONSECUTIVO 2-1747 DEL TURNO 06:00AM-02:00PM', '2017-10-03 13:34:02'),
('18', 'AGREGO UN REGISTRO DE INSUMO AL RPT CON ID 32', '2017-10-03 13:48:27'),
('18', 'CERRO SESION ', '2017-10-03 13:52:42'),
('18', 'INGRESO AL SISTEMA', '2017-10-03 13:53:12'),
('18', 'INGRESO AL SISTEMA', '2017-10-03 13:53:37'),
('10', 'INGRESO AL SISTEMA', '2017-10-03 13:59:54'),
('10', 'INGRESO AL SISTEMA', '2017-10-03 14:02:13'),
('18', 'INGRESO AL SISTEMA', '2017-10-03 14:02:49'),
('18', 'AGREGO INFORMACION DE PRODUCCION DEL RPT DIARIO CON ID 32', '2017-10-03 14:04:51'),
('18', 'ACTUALIZO INFORMACION DE PRODUCCION DEL RPT DIARIO CON ID 32', '2017-10-03 14:04:51'),
('18', 'AGREGO INFORMACION DE PRODUCCION DEL RPT DIARIO CON ID 32', '2017-10-03 14:05:37'),
('18', 'ACTUALIZO INFORMACION DE PRODUCCION DEL RPT DIARIO CON ID 32', '2017-10-03 14:05:37'),
('18', 'CERRO SESION ', '2017-10-03 14:06:01'),
('10', 'INGRESO AL SISTEMA', '2017-10-03 16:10:41'),
('15', 'GENERO UN REPORTE DEL REPORTE DIARIO CON ID 32', '2017-10-03 16:11:43'),
('10', 'AGREGO INFORMACION DE PRODUCCION DEL RPT DIARIO CON ID 33', '2017-10-03 16:13:05'),
('10', 'ACTUALIZO INFORMACION DE PRODUCCION DEL RPT DIARIO CON ID 33', '2017-10-03 16:13:06'),
('10', 'AGREGO INFORMACION DE PRODUCCION DEL RPT DIARIO CON ID 33', '2017-10-03 16:14:51'),
('10', 'ACTUALIZO INFORMACION DE PRODUCCION DEL RPT DIARIO CON ID 33', '2017-10-03 16:14:51'),
('10', 'CERRO SESION ', '2017-10-03 16:15:29'),
('10', 'INGRESO AL SISTEMA', '2017-10-03 17:46:35'),
('10', 'AGREGO INFORMACION DE PRODUCCION DEL RPT DIARIO CON ID 33', '2017-10-03 17:48:17'),
('10', 'ACTUALIZO INFORMACION DE PRODUCCION DEL RPT DIARIO CON ID 33', '2017-10-03 17:48:17'),
('10', 'AGREGO INFORMACION DE PRODUCCION DEL RPT DIARIO CON ID 33', '2017-10-03 18:18:26'),
('10', 'ACTUALIZO INFORMACION DE PRODUCCION DEL RPT DIARIO CON ID 33', '2017-10-03 18:18:26'),
('10', 'AGREGO INFORMACION DE PRODUCCION DEL RPT DIARIO CON ID 33', '2017-10-03 20:00:02'),
('10', 'ACTUALIZO INFORMACION DE PRODUCCION DEL RPT DIARIO CON ID 33', '2017-10-03 20:00:03'),
('10', 'AGREGO UNA NUEVA CARGA AL REPORTE CON ID 33', '2017-10-03 20:06:11'),
('10', 'AGREGO UNA NUEVA CARGA AL REPORTE CON ID 33', '2017-10-03 20:06:28'),
('10', 'AGREGO UNA NUEVA CARGA AL REPORTE CON ID 33', '2017-10-03 20:06:41'),
('10', 'AGREGO UNA NUEVA CARGA AL REPORTE CON ID 33', '2017-10-03 20:06:50'),
('10', 'AGREGO UNA NUEVA CARGA AL REPORTE CON ID 33', '2017-10-03 20:07:02'),
('10', 'AGREGO UNA NUEVA CARGA AL REPORTE CON ID 33', '2017-10-03 20:07:08'),
('10', 'AGREGO UNA NUEVA CARGA AL REPORTE CON ID 33', '2017-10-03 20:07:14'),
('10', 'AGREGO UNA NUEVA CARGA AL REPORTE CON ID 33', '2017-10-03 20:07:21'),
('10', 'AGREGO UN NUEVO REGISTRO DE HORA MOLIENDA AL REPORTE CON ID 33', '2017-10-03 20:08:09'),
('10', 'AGREGO UN NUEVO REGISTRO DE HORA MOLIENDA AL REPORTE CON ID 33', '2017-10-03 20:09:14'),
('10', 'AGREGO UN NUEVO REGISTRO DE HORA MOLIENDA AL REPORTE CON ID 33', '2017-10-03 20:16:27'),
('10', 'AGREGO UN NUEVO REGISTRO DE HORA MOLIENDA AL REPORTE CON ID 33', '2017-10-03 20:19:47'),
('10', 'ACTUALIZO UN REGISTRO DE HORA MOLIENDA DEL RPT CON ID 33', '2017-10-03 20:22:17'),
('10', 'ACTUALIZO UN REGISTRO DE HORA MOLIENDA DEL RPT CON ID 33', '2017-10-03 20:27:37'),
('10', 'ACTUALIZO UN REGISTRO DE HORA MOLIENDA DEL RPT CON ID 33', '2017-10-03 20:28:44'),
('10', 'ACTUALIZO UN REGISTRO DE HORA MOLIENDA DEL RPT CON ID 33', '2017-10-03 20:29:52'),
('10', 'ACTUALIZO UN REGISTRO DE HORA MOLIENDA DEL RPT CON ID 33', '2017-10-03 20:40:26'),
('10', 'AGREGO UN NUEVO REGISTRO DE HORA MOLIENDA AL REPORTE CON ID 33', '2017-10-03 20:42:04'),
('10', 'AGREGO INFORMACION DE PRODUCCION DEL RPT DIARIO CON ID 33', '2017-10-03 21:02:37'),
('10', 'ACTUALIZO INFORMACION DE PRODUCCION DEL RPT DIARIO CON ID 33', '2017-10-03 21:02:37'),
('10', 'ELIMINO UN REGISTRO DE PRODUCCION DEL RPT CON ID 33', '2017-10-03 21:43:14'),
('10', 'ELIMINO UN REGISTRO DE PRODUCCION DEL RPT CON ID 33', '2017-10-03 21:43:20'),
('10', 'ELIMINO UN REGISTRO DE PRODUCCION DEL RPT CON ID 33', '2017-10-03 21:43:27'),
('10', 'ELIMINO UN REGISTRO DE PRODUCCION DEL RPT CON ID 33', '2017-10-03 21:43:31'),
('10', 'ELIMINO UN REGISTRO DE PRODUCCION DEL RPT CON ID 33', '2017-10-03 21:43:36'),
('10', 'ELIMINO UN REGISTRO DE PRODUCCION DEL RPT CON ID 33', '2017-10-03 21:43:42'),
('10', 'AGREGO INFORMACION DE PRODUCCION DEL RPT DIARIO CON ID 33', '2017-10-03 21:45:24'),
('10', 'ACTUALIZO INFORMACION DE PRODUCCION DEL RPT DIARIO CON ID 33', '2017-10-03 21:45:25'),
('10', 'AGREGO INFORMACION DE PRODUCCION DEL RPT DIARIO CON ID 33', '2017-10-03 21:46:21'),
('10', 'ACTUALIZO INFORMACION DE PRODUCCION DEL RPT DIARIO CON ID 33', '2017-10-03 21:46:21'),
('10', 'AGREGO INFORMACION DE PRODUCCION DEL RPT DIARIO CON ID 33', '2017-10-03 21:47:30'),
('10', 'ACTUALIZO INFORMACION DE PRODUCCION DEL RPT DIARIO CON ID 33', '2017-10-03 21:47:30'),
('10', 'AGREGO INFORMACION DE PRODUCCION DEL RPT DIARIO CON ID 33', '2017-10-03 21:48:33'),
('10', 'ACTUALIZO INFORMACION DE PRODUCCION DEL RPT DIARIO CON ID 33', '2017-10-03 21:48:33'),
('10', 'AGREGO INFORMACION DE PRODUCCION DEL RPT DIARIO CON ID 33', '2017-10-03 21:49:56'),
('10', 'ACTUALIZO INFORMACION DE PRODUCCION DEL RPT DIARIO CON ID 33', '2017-10-03 21:49:56'),
('10', 'AGREGO INFORMACION DE PRODUCCION DEL RPT DIARIO CON ID 33', '2017-10-03 21:50:46'),
('10', 'ACTUALIZO INFORMACION DE PRODUCCION DEL RPT DIARIO CON ID 33', '2017-10-03 21:50:46'),
('10', 'AGREGO INFORMACION DE PRODUCCION DEL RPT DIARIO CON ID 33', '2017-10-03 21:51:48'),
('10', 'ACTUALIZO INFORMACION DE PRODUCCION DEL RPT DIARIO CON ID 33', '2017-10-03 21:51:48'),
('10', 'AGREGO UNA NUEVA CARGA AL REPORTE CON ID 33', '2017-10-03 21:54:49'),
('10', 'AGREGO UNA NUEVA CARGA AL REPORTE CON ID 33', '2017-10-03 21:55:19'),
('10', 'AGREGO UNA NUEVA CARGA AL REPORTE CON ID 33', '2017-10-03 21:55:30'),
('10', 'AGREGO UNA NUEVA CARGA AL REPORTE CON ID 33', '2017-10-03 21:55:36'),
('10', 'AGREGO UN NUEVO REGISTRO DE HORA MOLIENDA AL REPORTE CON ID 33', '2017-10-03 21:56:16'),
('10', 'AGREGO UN NUEVO REGISTRO DE HORA MOLIENDA AL REPORTE CON ID 33', '2017-10-03 21:57:48'),
('10', 'AGREGO UN NUEVO REGISTRO DE HORA MOLIENDA AL REPORTE CON ID 33', '2017-10-03 21:58:30'),
('10', 'AGREGO INFORMACION DE PRODUCCION DEL RPT DIARIO CON ID 33', '2017-10-03 22:01:32'),
('10', 'ACTUALIZO INFORMACION DE PRODUCCION DEL RPT DIARIO CON ID 33', '2017-10-03 22:01:32'),
('10', 'AGREGO UN REGISTRO DE INSUMO AL RPT CON ID 33', '2017-10-03 22:03:43'),
('10', 'AGREGO UN REGISTRO DE INSUMO AL RPT CON ID 33', '2017-10-03 22:05:43'),
('10', 'AGREGO UN REGISTRO DE INSUMO AL RPT CON ID 33', '2017-10-03 22:06:39'),
('10', 'INGRESO AL SISTEMA', '2017-10-03 22:09:19'),
('10', 'AGREGO UNA NUEVA CARGA AL REPORTE CON ID 33', '2017-10-03 22:10:50'),
('10', 'AGREGO UNA NUEVA CARGA AL REPORTE CON ID 33', '2017-10-03 22:11:06'),
('10', 'ACTUALIZO EL REGISTRO DE LA MERMA DEL RPT CON ID 33 DE LA MAQUINA 1', '2017-10-03 22:12:55'),
('10', 'AGREGO NUEVO TIEMPO MUERTO AL CONSECUTIVO 2-1747 DEL TURNO 02:00PM-10:00PM', '2017-10-04 05:14:29'),
('10', 'AGREGO NUEVO TIEMPO MUERTO AL CONSECUTIVO 2-1747 DEL TURNO 02:00PM-10:00PM', '2017-10-04 05:15:18'),
('10', 'AGREGO NUEVO TIEMPO MUERTO AL CONSECUTIVO 2-1747 DEL TURNO 02:00PM-10:00PM', '2017-10-04 05:17:30'),
('10', 'AGREGO NUEVO TIEMPO MUERTO AL CONSECUTIVO 2-1747 DEL TURNO 02:00PM-10:00PM', '2017-10-04 05:18:38'),
('10', 'ACTUALIZO UN REGISTRO DE HORA MOLIENDA DEL RPT CON ID 33', '2017-10-04 05:19:11'),
('10', 'AGREGO UNA NUEVA CARGA AL REPORTE CON ID 33', '2017-10-04 05:20:17'),
('10', 'AGREGO UNA NUEVA CARGA AL REPORTE CON ID 33', '2017-10-04 05:20:50'),
('10', 'ELIMINO UN REGISTRO DE UNA CARGA DEL REPORTE CON ID 33', '2017-10-04 05:21:15'),
('10', 'AGREGO UNA NUEVA CARGA AL REPORTE CON ID 33', '2017-10-04 05:21:41'),
('10', 'ACTUALIZO REGISTRO DE UNA CARGA DEL REPORTE CON ID 33', '2017-10-04 05:22:00'),
('10', 'AGREGO UN REGISTRO DE PASTA DEL TANQUE CON ID 4 AL RPT CON ID 33', '2017-10-04 05:22:37'),
('10', 'AGREGO UN REGISTRO DE PASTA DEL TANQUE CON ID 5 AL RPT CON ID 33', '2017-10-04 05:22:52'),
('10', 'AGREGO UN REGISTRO DE PASTA DEL TANQUE CON ID 6 AL RPT CON ID 33', '2017-10-04 05:23:28'),
('10', 'CERRO SESION ', '2017-10-04 05:23:50'),
('19', 'INGRESO AL SISTEMA', '2017-10-04 05:24:04'),
('19', 'AGREGO INFORMACION DE PRODUCCION DEL RPT DIARIO CON ID 34', '2017-10-04 05:26:55'),
('19', 'ACTUALIZO INFORMACION DE PRODUCCION DEL RPT DIARIO CON ID 34', '2017-10-04 05:26:55'),
('19', 'ELIMINO UN REGISTRO DE PRODUCCION DEL RPT CON ID 34', '2017-10-04 05:27:11'),
('19', 'AGREGO INFORMACION DE PRODUCCION DEL RPT DIARIO CON ID 34', '2017-10-04 05:28:18'),
('19', 'ACTUALIZO INFORMACION DE PRODUCCION DEL RPT DIARIO CON ID 34', '2017-10-04 05:28:18'),
('19', 'AGREGO INFORMACION DE PRODUCCION DEL RPT DIARIO CON ID 34', '2017-10-04 05:29:35'),
('19', 'ACTUALIZO INFORMACION DE PRODUCCION DEL RPT DIARIO CON ID 34', '2017-10-04 05:29:35'),
('19', 'AGREGO INFORMACION DE PRODUCCION DEL RPT DIARIO CON ID 34', '2017-10-04 05:30:41'),
('19', 'ACTUALIZO INFORMACION DE PRODUCCION DEL RPT DIARIO CON ID 34', '2017-10-04 05:30:41'),
('19', 'AGREGO INFORMACION DE PRODUCCION DEL RPT DIARIO CON ID 34', '2017-10-04 05:32:10'),
('19', 'ACTUALIZO INFORMACION DE PRODUCCION DEL RPT DIARIO CON ID 34', '2017-10-04 05:32:10'),
('19', 'AGREGO INFORMACION DE PRODUCCION DEL RPT DIARIO CON ID 34', '2017-10-04 05:33:15'),
('19', 'ACTUALIZO INFORMACION DE PRODUCCION DEL RPT DIARIO CON ID 34', '2017-10-04 05:33:15'),
('19', 'AGREGO INFORMACION DE PRODUCCION DEL RPT DIARIO CON ID 34', '2017-10-04 05:34:30'),
('19', 'ACTUALIZO INFORMACION DE PRODUCCION DEL RPT DIARIO CON ID 34', '2017-10-04 05:34:30'),
('19', 'AGREGO NUEVO TIEMPO MUERTO AL CONSECUTIVO 2-1747 DEL TURNO 10:00PM-06:00AM', '2017-10-04 05:35:39'),
('19', 'AGREGO NUEVO TIEMPO MUERTO AL CONSECUTIVO 2-1747 DEL TURNO 10:00PM-06:00AM', '2017-10-04 05:36:45'),
('19', 'AGREGO NUEVO TIEMPO MUERTO AL CONSECUTIVO 2-1747 DEL TURNO 10:00PM-06:00AM', '2017-10-04 05:37:55'),
('19', 'AGREGO NUEVO TIEMPO MUERTO AL CONSECUTIVO 2-1747 DEL TURNO 10:00PM-06:00AM', '2017-10-04 05:38:45'),
('19', 'AGREGO UNA NUEVA CARGA AL REPORTE CON ID 34', '2017-10-04 05:39:15'),
('19', 'AGREGO UNA NUEVA CARGA AL REPORTE CON ID 34', '2017-10-04 05:39:28'),
('19', 'AGREGO UNA NUEVA CARGA AL REPORTE CON ID 34', '2017-10-04 05:40:17'),
('19', 'AGREGO UNA NUEVA CARGA AL REPORTE CON ID 34', '2017-10-04 05:40:32'),
('19', 'AGREGO UNA NUEVA CARGA AL REPORTE CON ID 34', '2017-10-04 05:40:58'),
('19', 'AGREGO UNA NUEVA CARGA AL REPORTE CON ID 34', '2017-10-04 05:41:10'),
('19', 'AGREGO UNA NUEVA CARGA AL REPORTE CON ID 34', '2017-10-04 05:41:29'),
('19', 'AGREGO UNA NUEVA CARGA AL REPORTE CON ID 34', '2017-10-04 05:41:40'),
('19', 'AGREGO UNA NUEVA CARGA AL REPORTE CON ID 34', '2017-10-04 05:41:54'),
('19', 'AGREGO UNA NUEVA CARGA AL REPORTE CON ID 34', '2017-10-04 05:42:05'),
('19', 'ELIMINO UN REGISTRO DE UNA CARGA DEL REPORTE CON ID 34', '2017-10-04 05:42:30'),
('19', 'AGREGO UNA NUEVA CARGA AL REPORTE CON ID 34', '2017-10-04 05:42:56'),
('19', 'ELIMINO UN REGISTRO DE UNA CARGA DEL REPORTE CON ID 34', '2017-10-04 05:43:03'),
('19', 'AGREGO UN REGISTRO DE INSUMO AL RPT CON ID 34', '2017-10-04 05:43:40'),
('19', 'AGREGO UN REGISTRO DE INSUMO AL RPT CON ID 34', '2017-10-04 05:44:14'),
('19', 'AGREGO INFORMACION DE PRODUCCION DEL RPT DIARIO CON ID 34', '2017-10-04 06:00:48'),
('19', 'ACTUALIZO INFORMACION DE PRODUCCION DEL RPT DIARIO CON ID 34', '2017-10-04 06:00:48'),
('19', 'AGREGO INFORMACION DE PRODUCCION DEL RPT DIARIO CON ID 34', '2017-10-04 06:04:17'),
('19', 'ACTUALIZO INFORMACION DE PRODUCCION DEL RPT DIARIO CON ID 34', '2017-10-04 06:04:17'),
('19', 'AGREGO UN REGISTRO DE PASTA DEL TANQUE CON ID 4 AL RPT CON ID 34', '2017-10-04 06:04:37'),
('19', 'AGREGO UN REGISTRO DE PASTA DEL TANQUE CON ID 5 AL RPT CON ID 34', '2017-10-04 06:04:51'),
('19', 'AGREGO UN REGISTRO DE PASTA DEL TANQUE CON ID 6 AL RPT CON ID 34', '2017-10-04 06:05:05'),
('19', 'CERRO SESION ', '2017-10-04 06:06:39'),
('15', 'INGRESO AL SISTEMA', '2017-10-04 08:08:20'),
('15', 'GENERO UN REPORTE DEL REPORTE DIARIO CON ID 32', '2017-10-04 08:08:28'),
('15', 'GENERO UN REPORTE DEL REPORTE DIARIO CON ID 33', '2017-10-04 08:08:37'),
('15', 'GENERO UN REPORTE DEL REPORTE DIARIO CON ID 34', '2017-10-04 08:09:09'),
('8', 'INGRESO AL SISTEMA', '2017-10-04 08:34:51'),
('8', 'AGREGO EL CONSECUTIVO NO. 3-1747 DEL TURNO 3', '2017-10-04 08:35:33'),
('8', 'AGREGO EL CONSECUTIVO NO. 3-1747 DEL TURNO 4', '2017-10-04 08:36:08'),
('18', 'INGRESO AL SISTEMA', '2017-10-04 08:39:00'),
('8', 'AGREGO EL CONSECUTIVO NO. 3-1747 DEL TURNO 5', '2017-10-04 08:40:21'),
('18', 'CERRO SESION ', '2017-10-04 08:40:49'),
('8', 'CERRO SESION ', '2017-10-04 08:41:32'),
('18', 'INGRESO AL SISTEMA', '2017-10-04 10:34:56'),
('18', 'INGRESO AL SISTEMA', '2017-10-04 10:34:57'),
('18', 'AGREGO INFORMACION DE PRODUCCION DEL RPT DIARIO CON ID 35', '2017-10-04 10:36:42'),
('18', 'ACTUALIZO INFORMACION DE PRODUCCION DEL RPT DIARIO CON ID 35', '2017-10-04 10:36:42'),
('18', 'AGREGO INFORMACION DE PRODUCCION DEL RPT DIARIO CON ID 35', '2017-10-04 10:37:47'),
('18', 'ACTUALIZO INFORMACION DE PRODUCCION DEL RPT DIARIO CON ID 35', '2017-10-04 10:37:47'),
('18', 'AGREGO INFORMACION DE PRODUCCION DEL RPT DIARIO CON ID 35', '2017-10-04 10:39:11'),
('18', 'ACTUALIZO INFORMACION DE PRODUCCION DEL RPT DIARIO CON ID 35', '2017-10-04 10:39:11'),
('18', 'AGREGO INFORMACION DE PRODUCCION DEL RPT DIARIO CON ID 35', '2017-10-04 10:40:14'),
('18', 'ACTUALIZO INFORMACION DE PRODUCCION DEL RPT DIARIO CON ID 35', '2017-10-04 10:40:14'),
('18', 'CERRO SESION ', '2017-10-04 10:41:24'),
('18', 'INGRESO AL SISTEMA', '2017-10-04 12:56:20'),
('18', 'AGREGO UNA NUEVA CARGA AL REPORTE CON ID 35', '2017-10-04 12:57:21'),
('18', 'AGREGO UNA NUEVA CARGA AL REPORTE CON ID 35', '2017-10-04 12:57:31'),
('18', 'AGREGO UNA NUEVA CARGA AL REPORTE CON ID 35', '2017-10-04 12:57:45'),
('18', 'AGREGO UNA NUEVA CARGA AL REPORTE CON ID 35', '2017-10-04 12:57:58'),
('18', 'AGREGO UNA NUEVA CARGA AL REPORTE CON ID 35', '2017-10-04 12:58:08'),
('18', 'AGREGO UNA NUEVA CARGA AL REPORTE CON ID 35', '2017-10-04 12:58:16'),
('18', 'AGREGO UN NUEVO REGISTRO DE HORA MOLIENDA AL REPORTE CON ID 35', '2017-10-04 12:58:47'),
('18', 'AGREGO UN NUEVO REGISTRO DE HORA MOLIENDA AL REPORTE CON ID 35', '2017-10-04 12:59:08'),
('18', 'AGREGO NUEVO TIEMPO MUERTO AL CONSECUTIVO 3-1747 DEL TURNO 06:00AM-02:00PM', '2017-10-04 13:00:27'),
('18', 'AGREGO NUEVO TIEMPO MUERTO AL CONSECUTIVO 3-1747 DEL TURNO 06:00AM-02:00PM', '2017-10-04 13:01:25'),
('18', 'AGREGO NUEVO TIEMPO MUERTO AL CONSECUTIVO 3-1747 DEL TURNO 06:00AM-02:00PM', '2017-10-04 13:02:11'),
('18', 'CERRO SESION ', '2017-10-04 13:17:13'),
('18', 'INGRESO AL SISTEMA', '2017-10-04 13:42:00'),
('18', 'AGREGO UN REGISTRO DE INSUMO AL RPT CON ID 35', '2017-10-04 13:42:21'),
('18', 'AGREGO UN REGISTRO DE INSUMO AL RPT CON ID 35', '2017-10-04 13:42:34'),
('18', 'AGREGO UNA NUEVA CARGA AL REPORTE CON ID 35', '2017-10-04 13:46:14'),
('18', 'AGREGO UNA NUEVA CARGA AL REPORTE CON ID 35', '2017-10-04 13:46:29'),
('18', 'AGREGO UNA NUEVA CARGA AL REPORTE CON ID 35', '2017-10-04 13:46:36'),
('18', 'AGREGO UNA NUEVA CARGA AL REPORTE CON ID 35', '2017-10-04 13:46:39'),
('18', 'AGREGO UNA NUEVA CARGA AL REPORTE CON ID 35', '2017-10-04 13:46:49'),
('18', 'AGREGO UNA NUEVA CARGA AL REPORTE CON ID 35', '2017-10-04 13:46:53'),
('18', 'AGREGO UNA NUEVA CARGA AL REPORTE CON ID 35', '2017-10-04 13:47:12'),
('18', 'AGREGO UNA NUEVA CARGA AL REPORTE CON ID 35', '2017-10-04 13:47:15'),
('18', 'AGREGO UNA NUEVA CARGA AL REPORTE CON ID 35', '2017-10-04 13:47:16'),
('18', 'AGREGO UNA NUEVA CARGA AL REPORTE CON ID 35', '2017-10-04 13:47:16'),
('18', 'AGREGO UNA NUEVA CARGA AL REPORTE CON ID 35', '2017-10-04 13:47:24'),
('18', 'AGREGO UNA NUEVA CARGA AL REPORTE CON ID 35', '2017-10-04 13:47:25'),
('18', 'AGREGO UNA NUEVA CARGA AL REPORTE CON ID 35', '2017-10-04 13:47:26'),
('18', 'AGREGO UNA NUEVA CARGA AL REPORTE CON ID 35', '2017-10-04 13:47:27'),
('18', 'AGREGO UN NUEVO REGISTRO DE HORA MOLIENDA AL REPORTE CON ID 35', '2017-10-04 13:48:23'),
('18', 'AGREGO UN NUEVO REGISTRO DE HORA MOLIENDA AL REPORTE CON ID 35', '2017-10-04 13:48:37'),
('18', 'AGREGO UN REGISTRO DE INSUMO AL RPT CON ID 35', '2017-10-04 13:49:06'),
('18', 'AGREGO INFORMACION DE PRODUCCION DEL RPT DIARIO CON ID 35', '2017-10-04 13:50:33'),
('18', 'ACTUALIZO INFORMACION DE PRODUCCION DEL RPT DIARIO CON ID 35', '2017-10-04 13:50:33'),
('18', 'AGREGO INFORMACION DE PRODUCCION DEL RPT DIARIO CON ID 35', '2017-10-04 13:51:16'),
('18', 'ACTUALIZO INFORMACION DE PRODUCCION DEL RPT DIARIO CON ID 35', '2017-10-04 13:51:16'),
('18', 'AGREGO INFORMACION DE PRODUCCION DEL RPT DIARIO CON ID 35', '2017-10-04 13:55:01'),
('18', 'ACTUALIZO INFORMACION DE PRODUCCION DEL RPT DIARIO CON ID 35', '2017-10-04 13:55:01'),
('18', 'AGREGO INFORMACION DE PRODUCCION DEL RPT DIARIO CON ID 35', '2017-10-04 14:01:19'),
('18', 'ACTUALIZO INFORMACION DE PRODUCCION DEL RPT DIARIO CON ID 35', '2017-10-04 14:01:19'),
('18', 'CERRO SESION ', '2017-10-04 14:02:42'),
('15', 'INGRESO AL SISTEMA', '2017-10-04 14:13:02'),
('15', 'GENERO UN REPORTE DEL REPORTE DIARIO CON ID 35', '2017-10-04 14:13:10'),
('10', 'INGRESO AL SISTEMA', '2017-10-04 14:40:59'),
('10', 'CERRO SESION ', '2017-10-04 14:42:57'),
('15', 'GENERO UN REPORTE DEL REPORTE DIARIO CON ID 35', '2017-10-04 15:41:36'),
('10', 'INGRESO AL SISTEMA', '2017-10-04 16:21:27'),
('10', 'AGREGO INFORMACION DE PRODUCCION DEL RPT DIARIO CON ID 36', '2017-10-04 16:23:05'),
('10', 'ACTUALIZO INFORMACION DE PRODUCCION DEL RPT DIARIO CON ID 36', '2017-10-04 16:23:05'),
('10', 'AGREGO INFORMACION DE PRODUCCION DEL RPT DIARIO CON ID 36', '2017-10-04 16:24:00'),
('10', 'ACTUALIZO INFORMACION DE PRODUCCION DEL RPT DIARIO CON ID 36', '2017-10-04 16:24:01'),
('10', 'AGREGO UNA NUEVA CARGA AL REPORTE CON ID 36', '2017-10-04 17:18:53'),
('10', 'AGREGO UNA NUEVA CARGA AL REPORTE CON ID 36', '2017-10-04 17:19:01'),
('10', 'AGREGO UNA NUEVA CARGA AL REPORTE CON ID 36', '2017-10-04 17:19:14'),
('10', 'AGREGO UNA NUEVA CARGA AL REPORTE CON ID 36', '2017-10-04 17:19:49'),
('10', 'AGREGO UNA NUEVA CARGA AL REPORTE CON ID 36', '2017-10-04 17:19:53'),
('10', 'AGREGO UNA NUEVA CARGA AL REPORTE CON ID 36', '2017-10-04 17:19:57'),
('10', 'AGREGO UNA NUEVA CARGA AL REPORTE CON ID 36', '2017-10-04 17:45:17'),
('10', 'AGREGO UNA NUEVA CARGA AL REPORTE CON ID 36', '2017-10-04 17:45:21'),
('10', 'AGREGO UNA NUEVA CARGA AL REPORTE CON ID 36', '2017-10-04 17:45:28'),
('10', 'AGREGO UN NUEVO REGISTRO DE HORA MOLIENDA AL REPORTE CON ID 36', '2017-10-04 17:46:47'),
('10', 'ACTUALIZO UN REGISTRO DE HORA MOLIENDA DEL RPT CON ID 36', '2017-10-04 17:48:18'),
('10', 'AGREGO UN NUEVO REGISTRO DE HORA MOLIENDA AL REPORTE CON ID 36', '2017-10-04 18:45:20'),
('10', 'AGREGO UN NUEVO REGISTRO DE HORA MOLIENDA AL REPORTE CON ID 36', '2017-10-04 18:45:51'),
('10', 'AGREGO INFORMACION DE PRODUCCION DEL RPT DIARIO CON ID 36', '2017-10-04 18:49:09'),
('10', 'ACTUALIZO INFORMACION DE PRODUCCION DEL RPT DIARIO CON ID 36', '2017-10-04 18:49:09'),
('10', 'AGREGO INFORMACION DE PRODUCCION DEL RPT DIARIO CON ID 36', '2017-10-04 18:50:20'),
('10', 'ACTUALIZO INFORMACION DE PRODUCCION DEL RPT DIARIO CON ID 36', '2017-10-04 18:50:20'),
('10', 'AGREGO UNA NUEVA CARGA AL REPORTE CON ID 36', '2017-10-04 18:56:24'),
('10', 'AGREGO UNA NUEVA CARGA AL REPORTE CON ID 36', '2017-10-04 18:56:33'),
('10', 'AGREGO UNA NUEVA CARGA AL REPORTE CON ID 36', '2017-10-04 18:56:51'),
('10', 'AGREGO UNA NUEVA CARGA AL REPORTE CON ID 36', '2017-10-04 18:56:56'),
('10', 'AGREGO UNA NUEVA CARGA AL REPORTE CON ID 36', '2017-10-04 18:57:16'),
('10', 'AGREGO UNA NUEVA CARGA AL REPORTE CON ID 36', '2017-10-04 18:57:21'),
('10', 'AGREGO UN NUEVO REGISTRO DE HORA MOLIENDA AL REPORTE CON ID 36', '2017-10-04 18:58:01'),
('10', 'AGREGO UN NUEVO REGISTRO DE HORA MOLIENDA AL REPORTE CON ID 36', '2017-10-04 18:58:21'),
('10', 'AGREGO INFORMACION DE PRODUCCION DEL RPT DIARIO CON ID 36', '2017-10-04 20:24:59'),
('10', 'ACTUALIZO INFORMACION DE PRODUCCION DEL RPT DIARIO CON ID 36', '2017-10-04 20:25:00'),
('10', 'AGREGO INFORMACION DE PRODUCCION DEL RPT DIARIO CON ID 36', '2017-10-04 20:26:05'),
('10', 'ACTUALIZO INFORMACION DE PRODUCCION DEL RPT DIARIO CON ID 36', '2017-10-04 20:26:05'),
('10', 'AGREGO UNA NUEVA CARGA AL REPORTE CON ID 36', '2017-10-04 21:40:42'),
('10', 'AGREGO UNA NUEVA CARGA AL REPORTE CON ID 36', '2017-10-04 21:40:49'),
('10', 'AGREGO UNA NUEVA CARGA AL REPORTE CON ID 36', '2017-10-04 21:41:34'),
('10', 'AGREGO UNA NUEVA CARGA AL REPORTE CON ID 36', '2017-10-04 21:42:19'),
('10', 'AGREGO UNA NUEVA CARGA AL REPORTE CON ID 36', '2017-10-04 21:42:28'),
('10', 'AGREGO UNA NUEVA CARGA AL REPORTE CON ID 36', '2017-10-04 21:42:47'),
('10', 'AGREGO UNA NUEVA CARGA AL REPORTE CON ID 36', '2017-10-04 21:43:51'),
('10', 'AGREGO UNA NUEVA CARGA AL REPORTE CON ID 36', '2017-10-04 21:44:00'),
('10', 'AGREGO UNA NUEVA CARGA AL REPORTE CON ID 36', '2017-10-04 21:44:08'),
('10', 'AGREGO UNA NUEVA CARGA AL REPORTE CON ID 36', '2017-10-04 21:44:15'),
('10', 'AGREGO UNA NUEVA CARGA AL REPORTE CON ID 36', '2017-10-04 21:44:24'),
('10', 'ELIMINO UN REGISTRO DE UNA CARGA DEL REPORTE CON ID 36', '2017-10-04 21:45:02'),
('10', 'ELIMINO UN REGISTRO DE UNA CARGA DEL REPORTE CON ID 36', '2017-10-04 21:45:14'),
('10', 'ELIMINO UN REGISTRO DE UNA CARGA DEL REPORTE CON ID 36', '2017-10-04 21:45:23'),
('10', 'AGREGO UN NUEVO REGISTRO DE HORA MOLIENDA AL REPORTE CON ID 36', '2017-10-04 21:46:16'),
('10', 'AGREGO UN NUEVO REGISTRO DE HORA MOLIENDA AL REPORTE CON ID 36', '2017-10-04 21:46:36'),
('10', 'AGREGO UN NUEVO REGISTRO DE HORA MOLIENDA AL REPORTE CON ID 36', '2017-10-04 21:51:46'),
('10', 'AGREGO NUEVO TIEMPO MUERTO AL CONSECUTIVO 3-1747 DEL TURNO 02:00PM-10:00PM', '2017-10-04 21:55:25'),
('10', 'AGREGO NUEVO TIEMPO MUERTO AL CONSECUTIVO 3-1747 DEL TURNO 02:00PM-10:00PM', '2017-10-04 21:57:10'),
('10', 'AGREGO NUEVO TIEMPO MUERTO AL CONSECUTIVO 3-1747 DEL TURNO 02:00PM-10:00PM', '2017-10-04 21:58:05'),
('10', 'AGREGO NUEVO TIEMPO MUERTO AL CONSECUTIVO 3-1747 DEL TURNO 02:00PM-10:00PM', '2017-10-04 21:59:53'),
('10', 'AGREGO UN REGISTRO DE PASTA DEL TANQUE CON ID 1 AL RPT CON ID 36', '2017-10-04 22:00:40'),
('10', 'AGREGO UN REGISTRO DE PASTA DEL TANQUE CON ID 1 AL RPT CON ID 36', '2017-10-04 22:00:52'),
('10', 'AGREGO UN REGISTRO DE PASTA DEL TANQUE CON ID 2 AL RPT CON ID 36', '2017-10-04 22:02:25'),
('10', 'AGREGO UN REGISTRO DE PASTA DEL TANQUE CON ID 2 AL RPT CON ID 36', '2017-10-04 22:02:36'),
('10', 'AGREGO UN REGISTRO DE PASTA DEL TANQUE CON ID 2 AL RPT CON ID 36', '2017-10-04 22:02:38'),
('10', 'AGREGO UN REGISTRO DE PASTA DEL TANQUE CON ID 2 AL RPT CON ID 36', '2017-10-04 22:02:38'),
('10', 'ELIMINO UN REGISTRO DE PASTA DEL RPT CON ID 36', '2017-10-04 22:02:53'),
('10', 'ELIMINO UN REGISTRO DE PASTA DEL RPT CON ID 36', '2017-10-04 22:02:59'),
('10', 'ELIMINO UN REGISTRO DE PASTA DEL RPT CON ID 36', '2017-10-04 22:03:05'),
('10', 'ELIMINO UN REGISTRO DE PASTA DEL RPT CON ID 36', '2017-10-04 22:03:13'),
('10', 'AGREGO INFORMACION DE PRODUCCION DEL RPT DIARIO CON ID 36', '2017-10-04 22:05:06'),
('10', 'ACTUALIZO INFORMACION DE PRODUCCION DEL RPT DIARIO CON ID 36', '2017-10-04 22:05:06'),
('10', 'AGREGO INFORMACION DE PRODUCCION DEL RPT DIARIO CON ID 36', '2017-10-04 22:06:30'),
('10', 'ACTUALIZO INFORMACION DE PRODUCCION DEL RPT DIARIO CON ID 36', '2017-10-04 22:06:30'),
('10', 'AGREGO UN REGISTRO DE PASTA DEL TANQUE CON ID 5 AL RPT CON ID 36', '2017-10-04 22:07:23'),
('10', 'AGREGO UN REGISTRO DE PASTA DEL TANQUE CON ID 5 AL RPT CON ID 36', '2017-10-04 22:07:52'),
('10', 'AGREGO UNA NUEVA CARGA AL REPORTE CON ID 36', '2017-10-04 22:08:49'),
('10', 'AGREGO UNA NUEVA CARGA AL REPORTE CON ID 36', '2017-10-04 22:09:02'),
('10', 'AGREGO UN REGISTRO DE INSUMO AL RPT CON ID 36', '2017-10-04 22:11:07'),
('10', 'AGREGO UN REGISTRO DE INSUMO AL RPT CON ID 36', '2017-10-04 22:12:16'),
('10', 'AGREGO UN REGISTRO DE INSUMO AL RPT CON ID 36', '2017-10-04 22:13:13'),
('10', 'CERRO SESION ', '2017-10-04 22:13:19'),
('19', 'INGRESO AL SISTEMA', '2017-10-05 05:02:03'),
('19', 'CERRO SESION ', '2017-10-05 05:03:26'),
('15', 'INGRESO AL SISTEMA', '2017-10-05 09:02:09'),
('15', 'GENERO UN REPORTE DEL REPORTE DIARIO CON ID 36', '2017-10-05 09:02:21'),
('15', 'GENERO UN REPORTE DEL REPORTE DIARIO CON ID 37', '2017-10-05 09:02:43'),
('15', 'GENERO UN REPORTE DEL REPORTE DIARIO CON ID 35', '2017-10-05 09:02:51'),
('18', 'INGRESO AL SISTEMA', '2017-10-05 11:31:18'),
('8', 'INGRESO AL SISTEMA', '2017-10-05 11:39:14'),
('8', 'AGREGO EL CONSECUTIVO NO. 4-1747 DEL TURNO 3', '2017-10-05 11:39:42'),
('8', 'AGREGO EL CONSECUTIVO NO. 4-1747 DEL TURNO 4', '2017-10-05 11:40:05'),
('18', 'INGRESO AL SISTEMA', '2017-10-05 11:40:10'),
('8', 'AGREGO EL CONSECUTIVO NO. 4-1747 DEL TURNO 5', '2017-10-05 11:40:27'),
('18', 'AGREGO INFORMACION DE PRODUCCION DEL RPT DIARIO CON ID 38', '2017-10-05 11:41:08'),
('18', 'ACTUALIZO INFORMACION DE PRODUCCION DEL RPT DIARIO CON ID 38', '2017-10-05 11:41:08'),
('18', 'AGREGO INFORMACION DE PRODUCCION DEL RPT DIARIO CON ID 38', '2017-10-05 11:42:30'),
('18', 'ACTUALIZO INFORMACION DE PRODUCCION DEL RPT DIARIO CON ID 38', '2017-10-05 11:42:30'),
('18', 'AGREGO INFORMACION DE PRODUCCION DEL RPT DIARIO CON ID 38', '2017-10-05 11:43:25'),
('18', 'ACTUALIZO INFORMACION DE PRODUCCION DEL RPT DIARIO CON ID 38', '2017-10-05 11:43:25'),
('18', 'AGREGO INFORMACION DE PRODUCCION DEL RPT DIARIO CON ID 38', '2017-10-05 11:44:52'),
('18', 'ACTUALIZO INFORMACION DE PRODUCCION DEL RPT DIARIO CON ID 38', '2017-10-05 11:44:52'),
('18', 'CERRO SESION ', '2017-10-05 11:46:13'),
('18', 'INGRESO AL SISTEMA', '2017-10-05 11:47:54'),
('18', 'AGREGO NUEVO TIEMPO MUERTO AL CONSECUTIVO 4-1747 DEL TURNO 06:00AM-02:00PM', '2017-10-05 11:48:40'),
('18', 'AGREGO NUEVO TIEMPO MUERTO AL CONSECUTIVO 4-1747 DEL TURNO 06:00AM-02:00PM', '2017-10-05 11:49:18'),
('18', 'CERRO SESION ', '2017-10-05 11:49:27'),
('18', 'INGRESO AL SISTEMA', '2017-10-05 12:48:55'),
('18', 'AGREGO INFORMACION DE PRODUCCION DEL RPT DIARIO CON ID 38', '2017-10-05 12:50:55'),
('18', 'ACTUALIZO INFORMACION DE PRODUCCION DEL RPT DIARIO CON ID 38', '2017-10-05 12:50:55'),
('18', 'AGREGO INFORMACION DE PRODUCCION DEL RPT DIARIO CON ID 38', '2017-10-05 12:53:24'),
('18', 'ACTUALIZO INFORMACION DE PRODUCCION DEL RPT DIARIO CON ID 38', '2017-10-05 12:53:24'),
('18', 'ELIMINO UN REGISTRO DE PRODUCCION DEL RPT CON ID 38', '2017-10-05 12:54:37'),
('18', 'AGREGO INFORMACION DE PRODUCCION DEL RPT DIARIO CON ID 38', '2017-10-05 12:56:54'),
('18', 'ACTUALIZO INFORMACION DE PRODUCCION DEL RPT DIARIO CON ID 38', '2017-10-05 12:56:54'),
('18', 'CERRO SESION ', '2017-10-05 12:57:31'),
('18', 'INGRESO AL SISTEMA', '2017-10-05 13:01:59'),
('18', 'AGREGO UNA NUEVA CARGA AL REPORTE CON ID 38', '2017-10-05 13:02:30'),
('18', 'AGREGO UNA NUEVA CARGA AL REPORTE CON ID 38', '2017-10-05 13:02:32'),
('18', 'AGREGO UNA NUEVA CARGA AL REPORTE CON ID 38', '2017-10-05 13:02:34'),
('18', 'AGREGO UNA NUEVA CARGA AL REPORTE CON ID 38', '2017-10-05 13:02:35'),
('18', 'ACTUALIZO REGISTRO DE UNA CARGA DEL REPORTE CON ID 38', '2017-10-05 13:02:51'),
('18', 'AGREGO UNA NUEVA CARGA AL REPORTE CON ID 38', '2017-10-05 13:03:11'),
('18', 'AGREGO UNA NUEVA CARGA AL REPORTE CON ID 38', '2017-10-05 13:03:14'),
('18', 'AGREGO UNA NUEVA CARGA AL REPORTE CON ID 38', '2017-10-05 13:03:18'),
('18', 'AGREGO UNA NUEVA CARGA AL REPORTE CON ID 38', '2017-10-05 13:03:20'),
('18', 'AGREGO UNA NUEVA CARGA AL REPORTE CON ID 38', '2017-10-05 13:03:44'),
('18', 'AGREGO UNA NUEVA CARGA AL REPORTE CON ID 38', '2017-10-05 13:03:56'),
('18', 'AGREGO UNA NUEVA CARGA AL REPORTE CON ID 38', '2017-10-05 13:04:41'),
('18', 'AGREGO UNA NUEVA CARGA AL REPORTE CON ID 38', '2017-10-05 13:04:42'),
('18', 'AGREGO UNA NUEVA CARGA AL REPORTE CON ID 38', '2017-10-05 13:04:43'),
('18', 'AGREGO UNA NUEVA CARGA AL REPORTE CON ID 38', '2017-10-05 13:04:44'),
('18', 'AGREGO UNA NUEVA CARGA AL REPORTE CON ID 38', '2017-10-05 13:04:44'),
('18', 'AGREGO UNA NUEVA CARGA AL REPORTE CON ID 38', '2017-10-05 13:04:45'),
('18', 'AGREGO UNA NUEVA CARGA AL REPORTE CON ID 38', '2017-10-05 13:04:55'),
('18', 'AGREGO UNA NUEVA CARGA AL REPORTE CON ID 38', '2017-10-05 13:04:57'),
('18', 'AGREGO UNA NUEVA CARGA AL REPORTE CON ID 38', '2017-10-05 13:04:58'),
('18', 'AGREGO UNA NUEVA CARGA AL REPORTE CON ID 38', '2017-10-05 13:04:59'),
('18', 'AGREGO UNA NUEVA CARGA AL REPORTE CON ID 38', '2017-10-05 13:05:01'),
('18', 'AGREGO UNA NUEVA CARGA AL REPORTE CON ID 38', '2017-10-05 13:05:02'),
('18', 'AGREGO UN NUEVO REGISTRO DE HORA MOLIENDA AL REPORTE CON ID 38', '2017-10-05 13:06:15'),
('18', 'AGREGO UN NUEVO REGISTRO DE HORA MOLIENDA AL REPORTE CON ID 38', '2017-10-05 13:06:30'),
('18', 'AGREGO UN NUEVO REGISTRO DE HORA MOLIENDA AL REPORTE CON ID 38', '2017-10-05 13:06:46'),
('18', 'AGREGO UN NUEVO REGISTRO DE HORA MOLIENDA AL REPORTE CON ID 38', '2017-10-05 13:07:17'),
('18', 'AGREGO UN NUEVO REGISTRO DE HORA MOLIENDA AL REPORTE CON ID 38', '2017-10-05 13:08:00'),
('18', 'CERRO SESION ', '2017-10-05 13:08:37'),
('18', 'INGRESO AL SISTEMA', '2017-10-05 13:22:28'),
('18', 'AGREGO UN REGISTRO DE INSUMO AL RPT CON ID 38', '2017-10-05 13:22:46'),
('18', 'AGREGO UN REGISTRO DE INSUMO AL RPT CON ID 38', '2017-10-05 13:22:59'),
('18', 'CERRO SESION ', '2017-10-05 13:23:14'),
('18', 'INGRESO AL SISTEMA', '2017-10-05 13:24:01'),
('18', 'AGREGO NUEVO TIEMPO MUERTO AL CONSECUTIVO 4-1747 DEL TURNO 06:00AM-02:00PM', '2017-10-05 13:24:51'),
('18', 'AGREGO NUEVO TIEMPO MUERTO AL CONSECUTIVO 4-1747 DEL TURNO 06:00AM-02:00PM', '2017-10-05 13:25:43'),
('18', 'AGREGO UNA NUEVA CARGA AL REPORTE CON ID 38', '2017-10-05 13:42:40'),
('18', 'CERRO SESION ', '2017-10-05 13:44:38'),
('18', 'INGRESO AL SISTEMA', '2017-10-05 13:51:01'),
('18', 'AGREGO UNA NUEVA CARGA AL REPORTE CON ID 38', '2017-10-05 13:57:42'),
('18', 'AGREGO UNA NUEVA CARGA AL REPORTE CON ID 38', '2017-10-05 13:59:41'),
('18', 'AGREGO UNA NUEVA CARGA AL REPORTE CON ID 38', '2017-10-05 13:59:59'),
('18', 'AGREGO UNA NUEVA CARGA AL REPORTE CON ID 38', '2017-10-05 14:00:46'),
('18', 'AGREGO UNA NUEVA CARGA AL REPORTE CON ID 38', '2017-10-05 14:00:52'),
('18', 'AGREGO UN NUEVO REGISTRO DE HORA MOLIENDA AL REPORTE CON ID 38', '2017-10-05 14:03:09'),
('18', 'AGREGO UN NUEVO REGISTRO DE HORA MOLIENDA AL REPORTE CON ID 38', '2017-10-05 14:03:32'),
('18', 'AGREGO INFORMACION DE PRODUCCION DEL RPT DIARIO CON ID 38', '2017-10-05 14:05:15'),
('18', 'ACTUALIZO INFORMACION DE PRODUCCION DEL RPT DIARIO CON ID 38', '2017-10-05 14:05:15'),
('18', 'AGREGO INFORMACION DE PRODUCCION DEL RPT DIARIO CON ID 38', '2017-10-05 14:06:10'),
('18', 'ACTUALIZO INFORMACION DE PRODUCCION DEL RPT DIARIO CON ID 38', '2017-10-05 14:06:10'),
('18', 'CERRO SESION ', '2017-10-05 14:06:56'),
('10', 'INGRESO AL SISTEMA', '2017-10-05 17:09:49'),
('10', 'AGREGO INFORMACION DE PRODUCCION DEL RPT DIARIO CON ID 39', '2017-10-05 17:12:19'),
('10', 'ACTUALIZO INFORMACION DE PRODUCCION DEL RPT DIARIO CON ID 39', '2017-10-05 17:12:19'),
('10', 'AGREGO INFORMACION DE PRODUCCION DEL RPT DIARIO CON ID 39', '2017-10-05 17:15:28'),
('10', 'ACTUALIZO INFORMACION DE PRODUCCION DEL RPT DIARIO CON ID 39', '2017-10-05 17:15:28'),
('10', 'AGREGO UNA NUEVA CARGA AL REPORTE CON ID 39', '2017-10-05 17:16:10'),
('10', 'AGREGO UNA NUEVA CARGA AL REPORTE CON ID 39', '2017-10-05 17:16:20'),
('10', 'AGREGO UNA NUEVA CARGA AL REPORTE CON ID 39', '2017-10-05 17:16:28'),
('10', 'AGREGO UNA NUEVA CARGA AL REPORTE CON ID 39', '2017-10-05 17:17:36'),
('10', 'AGREGO UNA NUEVA CARGA AL REPORTE CON ID 39', '2017-10-05 17:17:51'),
('10', 'AGREGO UNA NUEVA CARGA AL REPORTE CON ID 39', '2017-10-05 17:18:02'),
('10', 'AGREGO UNA NUEVA CARGA AL REPORTE CON ID 39', '2017-10-05 17:18:13'),
('10', 'ACTUALIZO REGISTRO DE UNA CARGA DEL REPORTE CON ID 39', '2017-10-05 17:18:38'),
('10', 'AGREGO UNA NUEVA CARGA AL REPORTE CON ID 39', '2017-10-05 17:19:04'),
('10', 'AGREGO UNA NUEVA CARGA AL REPORTE CON ID 39', '2017-10-05 17:19:20'),
('10', 'AGREGO UNA NUEVA CARGA AL REPORTE CON ID 39', '2017-10-05 17:21:15'),
('10', 'AGREGO UNA NUEVA CARGA AL REPORTE CON ID 39', '2017-10-05 17:21:27'),
('10', 'AGREGO UNA NUEVA CARGA AL REPORTE CON ID 39', '2017-10-05 17:22:00'),
('10', 'AGREGO UN NUEVO REGISTRO DE HORA MOLIENDA AL REPORTE CON ID 39', '2017-10-05 17:22:57'),
('10', 'AGREGO UN NUEVO REGISTRO DE HORA MOLIENDA AL REPORTE CON ID 39', '2017-10-05 17:23:46'),
('10', 'ACTUALIZO UN REGISTRO DE HORA MOLIENDA DEL RPT CON ID 39', '2017-10-05 17:25:13'),
('10', 'AGREGO UN NUEVO REGISTRO DE HORA MOLIENDA AL REPORTE CON ID 39', '2017-10-05 17:25:55'),
('10', 'AGREGO INFORMACION DE PRODUCCION DEL RPT DIARIO CON ID 39', '2017-10-05 18:43:33'),
('10', 'ACTUALIZO INFORMACION DE PRODUCCION DEL RPT DIARIO CON ID 39', '2017-10-05 18:43:33'),
('10', 'AGREGO INFORMACION DE PRODUCCION DEL RPT DIARIO CON ID 39', '2017-10-05 18:45:48'),
('10', 'ACTUALIZO INFORMACION DE PRODUCCION DEL RPT DIARIO CON ID 39', '2017-10-05 18:45:48'),
('10', 'AGREGO INFORMACION DE PRODUCCION DEL RPT DIARIO CON ID 39', '2017-10-05 18:46:12'),
('10', 'ACTUALIZO INFORMACION DE PRODUCCION DEL RPT DIARIO CON ID 39', '2017-10-05 18:46:12'),
('10', 'ELIMINO UN REGISTRO DE PRODUCCION DEL RPT CON ID 39', '2017-10-05 18:46:43'),
('10', 'ELIMINO UN REGISTRO DE PRODUCCION DEL RPT CON ID 39', '2017-10-05 18:46:50'),
('10', 'AGREGO INFORMACION DE PRODUCCION DEL RPT DIARIO CON ID 39', '2017-10-05 18:48:25'),
('10', 'ACTUALIZO INFORMACION DE PRODUCCION DEL RPT DIARIO CON ID 39', '2017-10-05 18:48:25'),
('10', 'AGREGO INFORMACION DE PRODUCCION DEL RPT DIARIO CON ID 39', '2017-10-05 18:49:49'),
('10', 'ACTUALIZO INFORMACION DE PRODUCCION DEL RPT DIARIO CON ID 39', '2017-10-05 18:49:49'),
('10', 'AGREGO UN NUEVO REGISTRO DE HORA MOLIENDA AL REPORTE CON ID 39', '2017-10-05 18:58:10'),
('10', 'INGRESO AL SISTEMA', '2017-10-05 20:28:59'),
('10', 'AGREGO INFORMACION DE PRODUCCION DEL RPT DIARIO CON ID 39', '2017-10-05 20:30:11'),
('10', 'ACTUALIZO INFORMACION DE PRODUCCION DEL RPT DIARIO CON ID 39', '2017-10-05 20:30:11'),
('10', 'AGREGO INFORMACION DE PRODUCCION DEL RPT DIARIO CON ID 39', '2017-10-05 20:31:45'),
('10', 'ACTUALIZO INFORMACION DE PRODUCCION DEL RPT DIARIO CON ID 39', '2017-10-05 20:31:45'),
('10', 'AGREGO UNA NUEVA CARGA AL REPORTE CON ID 39', '2017-10-05 20:32:22'),
('10', 'AGREGO UNA NUEVA CARGA AL REPORTE CON ID 39', '2017-10-05 20:32:30'),
('10', 'AGREGO UNA NUEVA CARGA AL REPORTE CON ID 39', '2017-10-05 20:32:38'),
('10', 'AGREGO UN NUEVO REGISTRO DE HORA MOLIENDA AL REPORTE CON ID 39', '2017-10-05 20:33:15'),
('10', 'AGREGO NUEVO TIEMPO MUERTO AL CONSECUTIVO 4-1747 DEL TURNO 02:00PM-10:00PM', '2017-10-05 21:07:42'),
('10', 'AGREGO NUEVO TIEMPO MUERTO AL CONSECUTIVO 4-1747 DEL TURNO 02:00PM-10:00PM', '2017-10-05 21:10:16'),
('10', 'AGREGO NUEVO TIEMPO MUERTO AL CONSECUTIVO 4-1747 DEL TURNO 02:00PM-10:00PM', '2017-10-05 21:11:55'),
('10', 'AGREGO NUEVO TIEMPO MUERTO AL CONSECUTIVO 4-1747 DEL TURNO 02:00PM-10:00PM', '2017-10-05 21:15:25'),
('10', 'AGREGO NUEVO TIEMPO MUERTO AL CONSECUTIVO 4-1747 DEL TURNO 02:00PM-10:00PM', '2017-10-05 21:16:29'),
('10', 'AGREGO NUEVO TIEMPO MUERTO AL CONSECUTIVO 4-1747 DEL TURNO 02:00PM-10:00PM', '2017-10-05 21:19:00'),
('10', 'AGREGO UNA NUEVA CARGA AL REPORTE CON ID 39', '2017-10-05 21:24:26'),
('10', 'AGREGO UNA NUEVA CARGA AL REPORTE CON ID 39', '2017-10-05 21:24:34'),
('10', 'AGREGO UNA NUEVA CARGA AL REPORTE CON ID 39', '2017-10-05 21:24:47'),
('10', 'AGREGO UN NUEVO REGISTRO DE HORA MOLIENDA AL REPORTE CON ID 39', '2017-10-05 21:25:15'),
('10', 'AGREGO UNA NUEVA CARGA AL REPORTE CON ID 39', '2017-10-05 21:25:49'),
('10', 'AGREGO UNA NUEVA CARGA AL REPORTE CON ID 39', '2017-10-05 21:25:58'),
('10', 'AGREGO UN REGISTRO DE INSUMO AL RPT CON ID 39', '2017-10-05 21:29:49'),
('10', 'AGREGO UN REGISTRO DE INSUMO AL RPT CON ID 39', '2017-10-05 21:31:34'),
('10', 'ELIMINO UN REGISTRO DE INSUMO DEL RPT CON ID 39', '2017-10-05 21:32:30'),
('10', 'AGREGO UN REGISTRO DE INSUMO AL RPT CON ID 39', '2017-10-05 21:35:04'),
('10', 'AGREGO INFORMACION DE PRODUCCION DEL RPT DIARIO CON ID 39', '2017-10-05 21:54:38'),
('10', 'ACTUALIZO INFORMACION DE PRODUCCION DEL RPT DIARIO CON ID 39', '2017-10-05 21:54:38'),
('10', 'AGREGO INFORMACION DE PRODUCCION DEL RPT DIARIO CON ID 39', '2017-10-05 21:56:20'),
('10', 'ACTUALIZO INFORMACION DE PRODUCCION DEL RPT DIARIO CON ID 39', '2017-10-05 21:56:21'),
('10', 'AGREGO UN REGISTRO DE PASTA DEL TANQUE CON ID 1 AL RPT CON ID 39', '2017-10-05 21:57:07'),
('10', 'AGREGO UN REGISTRO DE PASTA DEL TANQUE CON ID 2 AL RPT CON ID 39', '2017-10-05 21:57:34'),
('10', 'AGREGO UN REGISTRO DE PASTA DEL TANQUE CON ID 4 AL RPT CON ID 39', '2017-10-05 21:57:59');
INSERT INTO `log` (`IdUser`, `Accion`, `Fecha`) VALUES
('10', 'AGREGO UN REGISTRO DE PASTA DEL TANQUE CON ID 5 AL RPT CON ID 39', '2017-10-05 21:58:18'),
('10', 'AGREGO INFORMACION DE PRODUCCION DEL RPT DIARIO CON ID 39', '2017-10-05 22:01:19'),
('10', 'ACTUALIZO INFORMACION DE PRODUCCION DEL RPT DIARIO CON ID 39', '2017-10-05 22:01:19'),
('10', 'CERRO SESION ', '2017-10-05 22:01:56'),
('18', 'INGRESO AL SISTEMA', '2017-10-06 06:41:48'),
('18', 'CERRO SESION ', '2017-10-06 06:42:08'),
('15', 'INGRESO AL SISTEMA', '2017-10-06 09:04:13'),
('15', 'GENERO UN REPORTE DEL REPORTE DIARIO CON ID 38', '2017-10-06 09:04:29'),
('15', 'GENERO UN REPORTE DEL REPORTE DIARIO CON ID 39', '2017-10-06 09:04:43'),
('15', 'GENERO UN REPORTE DEL REPORTE DIARIO CON ID 40', '2017-10-06 09:06:45'),
('18', 'INGRESO AL SISTEMA', '2017-10-06 10:17:06'),
('18', 'CERRO SESION ', '2017-10-06 10:19:20'),
('18', 'INGRESO AL SISTEMA', '2017-10-06 10:39:29'),
('18', 'CERRO SESION ', '2017-10-06 10:39:33'),
('8', 'INGRESO AL SISTEMA', '2017-10-06 10:40:30'),
('8', 'GENERO UN REPORTE DEL REPORTE DIARIO CON ID 29', '2017-10-06 10:40:53'),
('8', 'GENERO UN REPORTE DEL REPORTE DIARIO CON ID 33', '2017-10-06 10:41:17'),
('8', 'INGRESO AL SISTEMA', '2017-10-06 10:41:40'),
('8', 'AGREGO EL CONSECUTIVO NO. 5-1747 DEL TURNO 3', '2017-10-06 10:42:04'),
('8', 'AGREGO EL CONSECUTIVO NO. 5-1747 DEL TURNO 4', '2017-10-06 10:42:28'),
('8', 'AGREGO EL CONSECUTIVO NO. 5-1747 DEL TURNO 5', '2017-10-06 10:42:48'),
('18', 'INGRESO AL SISTEMA', '2017-10-06 11:03:32'),
('18', 'AGREGO INFORMACION DE PRODUCCION DEL RPT DIARIO CON ID 41', '2017-10-06 11:04:15'),
('18', 'ACTUALIZO INFORMACION DE PRODUCCION DEL RPT DIARIO CON ID 41', '2017-10-06 11:04:15'),
('18', 'AGREGO INFORMACION DE PRODUCCION DEL RPT DIARIO CON ID 41', '2017-10-06 11:05:00'),
('18', 'ACTUALIZO INFORMACION DE PRODUCCION DEL RPT DIARIO CON ID 41', '2017-10-06 11:05:00'),
('18', 'AGREGO UN REGISTRO DE INSUMO AL RPT CON ID 41', '2017-10-06 11:05:33'),
('18', 'AGREGO UN REGISTRO DE INSUMO AL RPT CON ID 41', '2017-10-06 11:05:51'),
('18', 'AGREGO UN REGISTRO DE INSUMO AL RPT CON ID 41', '2017-10-06 11:06:09'),
('18', 'AGREGO UNA NUEVA CARGA AL REPORTE CON ID 41', '2017-10-06 11:06:34'),
('18', 'AGREGO UNA NUEVA CARGA AL REPORTE CON ID 41', '2017-10-06 11:06:38'),
('18', 'AGREGO UNA NUEVA CARGA AL REPORTE CON ID 41', '2017-10-06 11:06:46'),
('18', 'AGREGO UNA NUEVA CARGA AL REPORTE CON ID 41', '2017-10-06 11:06:48'),
('18', 'AGREGO UN NUEVO REGISTRO DE HORA MOLIENDA AL REPORTE CON ID 41', '2017-10-06 11:07:22'),
('18', 'AGREGO UN NUEVO REGISTRO DE HORA MOLIENDA AL REPORTE CON ID 41', '2017-10-06 11:07:49'),
('18', 'AGREGO NUEVO TIEMPO MUERTO AL CONSECUTIVO 5-1747 DEL TURNO 06:00AM-02:00PM', '2017-10-06 11:08:41'),
('18', 'AGREGO NUEVO TIEMPO MUERTO AL CONSECUTIVO 5-1747 DEL TURNO 06:00AM-02:00PM', '2017-10-06 11:09:16'),
('18', 'CERRO SESION ', '2017-10-06 11:09:30'),
('17', 'INGRESO AL SISTEMA', '2017-10-06 11:25:05'),
('17', 'INGRESO AL SISTEMA', '2017-10-06 11:25:48'),
('17', 'GENERO UN REPORTE DE CONTROL PISO DEL CONSECUTIVO 1-1747', '2017-10-06 11:30:38'),
('17', 'INGRESO AL SISTEMA', '2017-10-06 11:31:05'),
('15', 'GENERO UN REPORTE DEL REPORTE DIARIO CON ID 1', '2017-10-06 13:36:49'),
('15', 'GENERO UN REPORTE DEL REPORTE DIARIO CON ID 5', '2017-10-06 13:37:02'),
('15', 'GENERO UN REPORTE DEL REPORTE DIARIO CON ID 1', '2017-10-06 14:12:33'),
('15', 'GENERO UN REPORTE DEL REPORTE DIARIO CON ID 8', '2017-10-06 14:13:20'),
('15', 'GENERO UN REPORTE DEL REPORTE DIARIO CON ID 5', '2017-10-06 14:14:16'),
('15', 'GENERO UN REPORTE DEL REPORTE DIARIO CON ID 9', '2017-10-06 14:30:04'),
('15', 'GENERO UN REPORTE DEL REPORTE DIARIO CON ID 10', '2017-10-06 14:30:16'),
('15', 'GENERO UN REPORTE DEL REPORTE DIARIO CON ID 11', '2017-10-06 14:30:23'),
('15', 'GENERO UN REPORTE DEL REPORTE DIARIO CON ID 14', '2017-10-06 14:36:20'),
('15', 'GENERO UN REPORTE DEL REPORTE DIARIO CON ID 15', '2017-10-06 14:36:45'),
('15', 'GENERO UN REPORTE DEL REPORTE DIARIO CON ID 16', '2017-10-06 14:37:00'),
('15', 'GENERO UN REPORTE DEL REPORTE DIARIO CON ID 17', '2017-10-06 14:37:37'),
('15', 'GENERO UN REPORTE DEL REPORTE DIARIO CON ID 18', '2017-10-06 14:37:55'),
('15', 'GENERO UN REPORTE DEL REPORTE DIARIO CON ID 19', '2017-10-06 14:38:13'),
('15', 'GENERO UN REPORTE DEL REPORTE DIARIO CON ID 20', '2017-10-06 14:38:50'),
('15', 'GENERO UN REPORTE DEL REPORTE DIARIO CON ID 21', '2017-10-06 14:39:07'),
('15', 'GENERO UN REPORTE DEL REPORTE DIARIO CON ID 22', '2017-10-06 14:39:22'),
('15', 'GENERO UN REPORTE DEL REPORTE DIARIO CON ID 23', '2017-10-06 14:39:37'),
('15', 'GENERO UN REPORTE DEL REPORTE DIARIO CON ID 24', '2017-10-06 14:39:51'),
('15', 'GENERO UN REPORTE DEL REPORTE DIARIO CON ID 25', '2017-10-06 14:40:03'),
('15', 'GENERO UN REPORTE DEL REPORTE DIARIO CON ID 26', '2017-10-06 14:40:19'),
('15', 'GENERO UN REPORTE DEL REPORTE DIARIO CON ID 27', '2017-10-06 14:40:32'),
('15', 'GENERO UN REPORTE DEL REPORTE DIARIO CON ID 28', '2017-10-06 14:40:41'),
('15', 'GENERO UN REPORTE DEL REPORTE DIARIO CON ID 29', '2017-10-06 14:48:45'),
('15', 'GENERO UN REPORTE DEL REPORTE DIARIO CON ID 30', '2017-10-06 14:49:08'),
('15', 'GENERO UN REPORTE DEL REPORTE DIARIO CON ID 31', '2017-10-06 14:49:26'),
('15', 'GENERO UN REPORTE DEL REPORTE DIARIO CON ID 32', '2017-10-06 14:49:44'),
('15', 'GENERO UN REPORTE DEL REPORTE DIARIO CON ID 33', '2017-10-06 14:50:00'),
('15', 'GENERO UN REPORTE DEL REPORTE DIARIO CON ID 34', '2017-10-06 14:50:14'),
('15', 'GENERO UN REPORTE DEL REPORTE DIARIO CON ID 35', '2017-10-06 14:51:12'),
('15', 'GENERO UN REPORTE DEL REPORTE DIARIO CON ID 36', '2017-10-06 14:51:25'),
('15', 'GENERO UN REPORTE DEL REPORTE DIARIO CON ID 37', '2017-10-06 14:51:39'),
('15', 'GENERO UN REPORTE DEL REPORTE DIARIO CON ID 38', '2017-10-06 14:51:54'),
('15', 'GENERO UN REPORTE DEL REPORTE DIARIO CON ID 39', '2017-10-06 14:52:20'),
('15', 'GENERO UN REPORTE DEL REPORTE DIARIO CON ID 40', '2017-10-06 14:52:29'),
('15', 'GENERO UN REPORTE DEL REPORTE DIARIO CON ID 41', '2017-10-06 14:52:42'),
('15', 'GENERO UN REPORTE DEL REPORTE DIARIO CON ID 42', '2017-10-06 14:52:59'),
('15', 'GENERO UN REPORTE DEL REPORTE DIARIO CON ID 42', '2017-10-06 14:53:33'),
('15', 'INGRESO AL SISTEMA', '2017-10-06 16:37:30'),
('15', 'GENERO UN REPORTE DEL REPORTE DIARIO CON ID 41', '2017-10-06 16:59:18'),
('15', 'GENERO UN REPORTE DEL REPORTE DIARIO CON ID 42', '2017-10-06 16:59:38'),
('15', 'GENERO UN REPORTE DEL REPORTE DIARIO CON ID 38', '2017-10-06 16:59:46'),
('15', 'CERRO SESION ', '2017-10-06 18:07:01'),
('18', 'INGRESO AL SISTEMA', '2017-10-07 07:57:20'),
('18', 'CERRO SESION ', '2017-10-07 08:14:02'),
('8', 'INGRESO AL SISTEMA', '2017-10-07 12:44:37'),
('8', 'AGREGO EL CONSECUTIVO NO. 6-1747 DEL TURNO 3', '2017-10-07 12:45:11'),
('8', 'AGREGO EL CONSECUTIVO NO. 6-1747 DEL TURNO 4', '2017-10-07 12:45:32'),
('8', 'AGREGO EL CONSECUTIVO NO. 6-1747 DEL TURNO 5', '2017-10-07 12:45:58'),
('18', 'INGRESO AL SISTEMA', '2017-10-07 13:11:11'),
('18', 'AGREGO INFORMACION DE PRODUCCION DEL RPT DIARIO CON ID 44', '2017-10-07 13:14:02'),
('18', 'ACTUALIZO INFORMACION DE PRODUCCION DEL RPT DIARIO CON ID 44', '2017-10-07 13:14:02'),
('18', 'AGREGO INFORMACION DE PRODUCCION DEL RPT DIARIO CON ID 44', '2017-10-07 13:20:31'),
('18', 'ACTUALIZO INFORMACION DE PRODUCCION DEL RPT DIARIO CON ID 44', '2017-10-07 13:20:31'),
('18', 'AGREGO INFORMACION DE PRODUCCION DEL RPT DIARIO CON ID 44', '2017-10-07 13:21:18'),
('18', 'ACTUALIZO INFORMACION DE PRODUCCION DEL RPT DIARIO CON ID 44', '2017-10-07 13:21:18'),
('18', 'AGREGO INFORMACION DE PRODUCCION DEL RPT DIARIO CON ID 44', '2017-10-07 13:23:13'),
('18', 'ACTUALIZO INFORMACION DE PRODUCCION DEL RPT DIARIO CON ID 44', '2017-10-07 13:23:13'),
('18', 'AGREGO INFORMACION DE PRODUCCION DEL RPT DIARIO CON ID 44', '2017-10-07 13:24:06'),
('18', 'ACTUALIZO INFORMACION DE PRODUCCION DEL RPT DIARIO CON ID 44', '2017-10-07 13:24:06'),
('18', 'AGREGO INFORMACION DE PRODUCCION DEL RPT DIARIO CON ID 44', '2017-10-07 13:27:55'),
('18', 'ACTUALIZO INFORMACION DE PRODUCCION DEL RPT DIARIO CON ID 44', '2017-10-07 13:27:55'),
('18', 'AGREGO NUEVO TIEMPO MUERTO AL CONSECUTIVO 6-1747 DEL TURNO 06:00AM-02:00PM', '2017-10-07 13:29:36'),
('18', 'AGREGO NUEVO TIEMPO MUERTO AL CONSECUTIVO 6-1747 DEL TURNO 06:00AM-02:00PM', '2017-10-07 13:30:30'),
('18', 'AGREGO NUEVO TIEMPO MUERTO AL CONSECUTIVO 6-1747 DEL TURNO 06:00AM-02:00PM', '2017-10-07 13:31:21'),
('18', 'AGREGO UNA NUEVA CARGA AL REPORTE CON ID 44', '2017-10-07 13:42:24'),
('18', 'AGREGO UNA NUEVA CARGA AL REPORTE CON ID 44', '2017-10-07 13:42:28'),
('18', 'AGREGO UNA NUEVA CARGA AL REPORTE CON ID 44', '2017-10-07 13:42:31'),
('18', 'AGREGO UNA NUEVA CARGA AL REPORTE CON ID 44', '2017-10-07 13:42:34'),
('18', 'AGREGO UNA NUEVA CARGA AL REPORTE CON ID 44', '2017-10-07 13:42:38'),
('18', 'AGREGO UNA NUEVA CARGA AL REPORTE CON ID 44', '2017-10-07 13:42:42'),
('18', 'AGREGO UNA NUEVA CARGA AL REPORTE CON ID 44', '2017-10-07 13:42:54'),
('18', 'AGREGO UNA NUEVA CARGA AL REPORTE CON ID 44', '2017-10-07 13:43:00'),
('18', 'AGREGO UNA NUEVA CARGA AL REPORTE CON ID 44', '2017-10-07 13:43:02'),
('18', 'AGREGO UNA NUEVA CARGA AL REPORTE CON ID 44', '2017-10-07 13:43:12'),
('18', 'AGREGO UNA NUEVA CARGA AL REPORTE CON ID 44', '2017-10-07 13:43:14'),
('18', 'AGREGO UNA NUEVA CARGA AL REPORTE CON ID 44', '2017-10-07 13:43:18'),
('18', 'AGREGO UNA NUEVA CARGA AL REPORTE CON ID 44', '2017-10-07 13:43:27'),
('18', 'AGREGO UNA NUEVA CARGA AL REPORTE CON ID 44', '2017-10-07 13:43:30'),
('18', 'AGREGO UNA NUEVA CARGA AL REPORTE CON ID 44', '2017-10-07 13:43:33'),
('18', 'AGREGO UNA NUEVA CARGA AL REPORTE CON ID 44', '2017-10-07 13:43:56'),
('18', 'AGREGO UNA NUEVA CARGA AL REPORTE CON ID 44', '2017-10-07 13:43:58'),
('18', 'AGREGO UNA NUEVA CARGA AL REPORTE CON ID 44', '2017-10-07 13:43:58'),
('18', 'AGREGO UNA NUEVA CARGA AL REPORTE CON ID 44', '2017-10-07 13:43:59'),
('18', 'AGREGO UNA NUEVA CARGA AL REPORTE CON ID 44', '2017-10-07 13:44:00'),
('18', 'AGREGO UNA NUEVA CARGA AL REPORTE CON ID 44', '2017-10-07 13:44:01'),
('18', 'AGREGO UNA NUEVA CARGA AL REPORTE CON ID 44', '2017-10-07 13:44:34'),
('18', 'AGREGO UNA NUEVA CARGA AL REPORTE CON ID 44', '2017-10-07 13:44:36'),
('18', 'AGREGO UNA NUEVA CARGA AL REPORTE CON ID 44', '2017-10-07 13:44:37'),
('18', 'AGREGO UNA NUEVA CARGA AL REPORTE CON ID 44', '2017-10-07 13:44:38'),
('18', 'AGREGO UNA NUEVA CARGA AL REPORTE CON ID 44', '2017-10-07 13:44:39'),
('18', 'AGREGO UNA NUEVA CARGA AL REPORTE CON ID 44', '2017-10-07 13:44:41'),
('18', 'AGREGO UN REGISTRO DE INSUMO AL RPT CON ID 44', '2017-10-07 13:46:04'),
('18', 'AGREGO UN REGISTRO DE INSUMO AL RPT CON ID 44', '2017-10-07 13:46:22'),
('18', 'CERRO SESION ', '2017-10-07 13:46:37'),
('18', 'INGRESO AL SISTEMA', '2017-10-07 13:47:41'),
('18', 'AGREGO INFORMACION DE PRODUCCION DEL RPT DIARIO CON ID 44', '2017-10-07 13:48:59'),
('18', 'ACTUALIZO INFORMACION DE PRODUCCION DEL RPT DIARIO CON ID 44', '2017-10-07 13:48:59'),
('18', 'AGREGO INFORMACION DE PRODUCCION DEL RPT DIARIO CON ID 44', '2017-10-07 13:49:52'),
('18', 'ACTUALIZO INFORMACION DE PRODUCCION DEL RPT DIARIO CON ID 44', '2017-10-07 13:49:52'),
('18', 'CERRO SESION ', '2017-10-07 13:50:07'),
('18', 'INGRESO AL SISTEMA', '2017-10-07 13:54:41'),
('18', 'AGREGO UN REGISTRO DE INSUMO AL RPT CON ID 44', '2017-10-07 13:55:10'),
('18', 'CERRO SESION ', '2017-10-07 13:55:13'),
('10', 'INGRESO AL SISTEMA', '2017-10-07 18:52:03'),
('10', 'AGREGO INFORMACION DE PRODUCCION DEL RPT DIARIO CON ID 45', '2017-10-07 18:56:18'),
('10', 'ACTUALIZO INFORMACION DE PRODUCCION DEL RPT DIARIO CON ID 45', '2017-10-07 18:56:18'),
('10', 'AGREGO INFORMACION DE PRODUCCION DEL RPT DIARIO CON ID 45', '2017-10-07 18:57:17'),
('10', 'ACTUALIZO INFORMACION DE PRODUCCION DEL RPT DIARIO CON ID 45', '2017-10-07 18:57:17'),
('10', 'AGREGO INFORMACION DE PRODUCCION DEL RPT DIARIO CON ID 45', '2017-10-07 19:04:07'),
('10', 'ACTUALIZO INFORMACION DE PRODUCCION DEL RPT DIARIO CON ID 45', '2017-10-07 19:04:07'),
('10', 'CERRO SESION ', '2017-10-07 21:18:51'),
('15', 'INGRESO AL SISTEMA', '2017-10-09 08:02:43'),
('15', 'GENERO UN REPORTE DEL REPORTE DIARIO CON ID 44', '2017-10-09 08:02:56'),
('15', 'GENERO UN REPORTE DEL REPORTE DIARIO CON ID 45', '2017-10-09 08:03:11'),
('15', 'GENERO UN REPORTE DEL REPORTE DIARIO CON ID 46', '2017-10-09 08:03:15'),
('15', 'GENERO UN REPORTE DEL REPORTE DIARIO CON ID 20', '2017-10-09 08:05:14'),
('10', 'INGRESO AL SISTEMA', '2017-10-09 09:32:59'),
('8', 'INGRESO AL SISTEMA', '2017-10-09 11:30:16'),
('8', 'INSERTO ORDEN DE PRODUCCION NUMERO 1755', '2017-10-09 11:31:23'),
('10', 'INGRESO AL SISTEMA', '2017-10-09 11:31:37'),
('8', 'INGRESO AL SISTEMA', '2017-10-09 11:32:28'),
('8', 'AGREGO EL CONSECUTIVO NO. 1-1755 DEL TURNO 3', '2017-10-09 11:33:01'),
('8', 'AGREGO EL CONSECUTIVO NO. 1-1755 DEL TURNO 4', '2017-10-09 11:33:26'),
('8', 'AGREGO EL CONSECUTIVO NO. 1-1755 DEL TURNO 5', '2017-10-09 11:33:47'),
('19', 'INGRESO AL SISTEMA', '2017-10-09 21:52:24'),
('19', 'INGRESO AL SISTEMA', '2017-10-09 21:52:58'),
('19', 'CERRO SESION ', '2017-10-09 21:53:19'),
('18', 'INGRESO AL SISTEMA', '2017-10-09 23:06:17'),
('18', 'CERRO SESION ', '2017-10-09 23:06:37'),
('18', 'INGRESO AL SISTEMA', '2017-10-10 00:15:30'),
('18', 'AGREGO INFORMACION DE PRODUCCION DEL RPT DIARIO CON ID 49', '2017-10-10 00:16:41'),
('18', 'ACTUALIZO INFORMACION DE PRODUCCION DEL RPT DIARIO CON ID 49', '2017-10-10 00:16:41'),
('18', 'AGREGO INFORMACION DE PRODUCCION DEL RPT DIARIO CON ID 49', '2017-10-10 00:17:24'),
('18', 'ACTUALIZO INFORMACION DE PRODUCCION DEL RPT DIARIO CON ID 49', '2017-10-10 00:17:24'),
('18', 'CERRO SESION ', '2017-10-10 00:18:06'),
('18', 'INGRESO AL SISTEMA', '2017-10-10 02:12:26'),
('18', 'AGREGO INFORMACION DE PRODUCCION DEL RPT DIARIO CON ID 49', '2017-10-10 02:13:36'),
('18', 'ACTUALIZO INFORMACION DE PRODUCCION DEL RPT DIARIO CON ID 49', '2017-10-10 02:13:36'),
('18', 'AGREGO INFORMACION DE PRODUCCION DEL RPT DIARIO CON ID 49', '2017-10-10 02:14:33'),
('18', 'ACTUALIZO INFORMACION DE PRODUCCION DEL RPT DIARIO CON ID 49', '2017-10-10 02:14:33'),
('18', 'CERRO SESION ', '2017-10-10 02:15:14'),
('18', 'INGRESO AL SISTEMA', '2017-10-10 02:15:39'),
('18', 'AGREGO UNA NUEVA CARGA AL REPORTE CON ID 49', '2017-10-10 02:16:00'),
('18', 'AGREGO UNA NUEVA CARGA AL REPORTE CON ID 49', '2017-10-10 02:16:05'),
('18', 'AGREGO UNA NUEVA CARGA AL REPORTE CON ID 49', '2017-10-10 02:16:11'),
('18', 'AGREGO UNA NUEVA CARGA AL REPORTE CON ID 49', '2017-10-10 02:16:29'),
('18', 'AGREGO UNA NUEVA CARGA AL REPORTE CON ID 49', '2017-10-10 02:16:31'),
('18', 'AGREGO UNA NUEVA CARGA AL REPORTE CON ID 49', '2017-10-10 02:16:34'),
('18', 'AGREGO UN NUEVO REGISTRO DE HORA MOLIENDA AL REPORTE CON ID 49', '2017-10-10 02:17:11'),
('18', 'AGREGO UN NUEVO REGISTRO DE HORA MOLIENDA AL REPORTE CON ID 49', '2017-10-10 02:17:33'),
('18', 'AGREGO UN NUEVO REGISTRO DE HORA MOLIENDA AL REPORTE CON ID 49', '2017-10-10 02:17:48'),
('18', 'AGREGO UNA NUEVA CARGA AL REPORTE CON ID 49', '2017-10-10 02:18:44'),
('18', 'AGREGO UNA NUEVA CARGA AL REPORTE CON ID 49', '2017-10-10 02:18:46'),
('18', 'AGREGO UNA NUEVA CARGA AL REPORTE CON ID 49', '2017-10-10 02:18:47'),
('18', 'AGREGO UNA NUEVA CARGA AL REPORTE CON ID 49', '2017-10-10 02:18:52'),
('18', 'AGREGO UNA NUEVA CARGA AL REPORTE CON ID 49', '2017-10-10 02:18:53'),
('18', 'AGREGO UNA NUEVA CARGA AL REPORTE CON ID 49', '2017-10-10 02:18:54'),
('18', 'AGREGO INFORMACION DE PRODUCCION DEL RPT DIARIO CON ID 49', '2017-10-10 04:39:36'),
('18', 'ACTUALIZO INFORMACION DE PRODUCCION DEL RPT DIARIO CON ID 49', '2017-10-10 04:39:36'),
('18', 'AGREGO INFORMACION DE PRODUCCION DEL RPT DIARIO CON ID 49', '2017-10-10 04:40:20'),
('18', 'ACTUALIZO INFORMACION DE PRODUCCION DEL RPT DIARIO CON ID 49', '2017-10-10 04:40:20'),
('18', 'AGREGO NUEVO TIEMPO MUERTO AL CONSECUTIVO 1-1755 DEL TURNO 10:00PM-06:00AM', '2017-10-10 04:41:42'),
('18', 'AGREGO NUEVO TIEMPO MUERTO AL CONSECUTIVO 1-1755 DEL TURNO 10:00PM-06:00AM', '2017-10-10 04:42:19'),
('18', 'AGREGO NUEVO TIEMPO MUERTO AL CONSECUTIVO 1-1755 DEL TURNO 10:00PM-06:00AM', '2017-10-10 04:43:26'),
('18', 'AGREGO NUEVO TIEMPO MUERTO AL CONSECUTIVO 1-1755 DEL TURNO 10:00PM-06:00AM', '2017-10-10 04:44:20'),
('18', 'AGREGO NUEVO TIEMPO MUERTO AL CONSECUTIVO 1-1755 DEL TURNO 10:00PM-06:00AM', '2017-10-10 04:45:08'),
('18', 'AGREGO NUEVO TIEMPO MUERTO AL CONSECUTIVO 1-1755 DEL TURNO 10:00PM-06:00AM', '2017-10-10 04:45:46'),
('18', 'AGREGO NUEVO TIEMPO MUERTO AL CONSECUTIVO 1-1755 DEL TURNO 10:00PM-06:00AM', '2017-10-10 04:46:20'),
('18', 'INGRESO AL SISTEMA', '2017-10-10 04:50:24'),
('18', 'AGREGO UNA NUEVA CARGA AL REPORTE CON ID 49', '2017-10-10 05:27:22'),
('18', 'AGREGO UNA NUEVA CARGA AL REPORTE CON ID 49', '2017-10-10 05:27:29'),
('18', 'AGREGO UNA NUEVA CARGA AL REPORTE CON ID 49', '2017-10-10 05:27:36'),
('18', 'AGREGO UNA NUEVA CARGA AL REPORTE CON ID 49', '2017-10-10 05:27:48'),
('18', 'AGREGO UNA NUEVA CARGA AL REPORTE CON ID 49', '2017-10-10 05:27:50'),
('18', 'AGREGO UNA NUEVA CARGA AL REPORTE CON ID 49', '2017-10-10 05:27:53'),
('18', 'AGREGO UNA NUEVA CARGA AL REPORTE CON ID 49', '2017-10-10 05:28:02'),
('18', 'AGREGO UNA NUEVA CARGA AL REPORTE CON ID 49', '2017-10-10 05:28:03'),
('18', 'AGREGO UNA NUEVA CARGA AL REPORTE CON ID 49', '2017-10-10 05:28:04'),
('18', 'AGREGO UNA NUEVA CARGA AL REPORTE CON ID 49', '2017-10-10 05:28:13'),
('18', 'AGREGO UNA NUEVA CARGA AL REPORTE CON ID 49', '2017-10-10 05:28:14'),
('18', 'AGREGO UNA NUEVA CARGA AL REPORTE CON ID 49', '2017-10-10 05:28:15'),
('18', 'AGREGO UN NUEVO REGISTRO DE HORA MOLIENDA AL REPORTE CON ID 49', '2017-10-10 05:28:42'),
('18', 'AGREGO UN NUEVO REGISTRO DE HORA MOLIENDA AL REPORTE CON ID 49', '2017-10-10 05:29:02'),
('18', 'AGREGO UN NUEVO REGISTRO DE HORA MOLIENDA AL REPORTE CON ID 49', '2017-10-10 05:29:16'),
('18', 'AGREGO UN REGISTRO DE PASTA DEL TANQUE CON ID 1 AL RPT CON ID 49', '2017-10-10 05:30:25'),
('18', 'AGREGO UN REGISTRO DE PASTA DEL TANQUE CON ID 2 AL RPT CON ID 49', '2017-10-10 05:30:54'),
('18', 'AGREGO UN REGISTRO DE PASTA DEL TANQUE CON ID 3 AL RPT CON ID 49', '2017-10-10 05:31:05'),
('18', 'AGREGO UN REGISTRO DE PASTA DEL TANQUE CON ID 4 AL RPT CON ID 49', '2017-10-10 05:31:23'),
('18', 'AGREGO UN REGISTRO DE PASTA DEL TANQUE CON ID 5 AL RPT CON ID 49', '2017-10-10 05:31:27'),
('18', 'AGREGO UN REGISTRO DE PASTA DEL TANQUE CON ID 6 AL RPT CON ID 49', '2017-10-10 05:31:30'),
('18', 'AGREGO UN REGISTRO DE INSUMO AL RPT CON ID 49', '2017-10-10 05:32:22'),
('18', 'AGREGO UN REGISTRO DE INSUMO AL RPT CON ID 49', '2017-10-10 05:32:35'),
('18', 'AGREGO UN REGISTRO DE INSUMO AL RPT CON ID 49', '2017-10-10 05:40:50'),
('18', 'AGREGO INFORMACION DE PRODUCCION DEL RPT DIARIO CON ID 49', '2017-10-10 05:48:01'),
('18', 'ACTUALIZO INFORMACION DE PRODUCCION DEL RPT DIARIO CON ID 49', '2017-10-10 05:48:01'),
('18', 'AGREGO INFORMACION DE PRODUCCION DEL RPT DIARIO CON ID 49', '2017-10-10 05:52:35'),
('18', 'ACTUALIZO INFORMACION DE PRODUCCION DEL RPT DIARIO CON ID 49', '2017-10-10 05:52:35'),
('18', 'CERRO SESION ', '2017-10-10 05:52:50'),
('10', 'INGRESO AL SISTEMA', '2017-10-10 08:35:31'),
('15', 'INGRESO AL SISTEMA', '2017-10-10 08:56:36'),
('15', 'GENERO UN REPORTE DEL REPORTE DIARIO CON ID 47', '2017-10-10 08:56:51'),
('15', 'GENERO UN REPORTE DEL REPORTE DIARIO CON ID 48', '2017-10-10 08:56:57'),
('15', 'GENERO UN REPORTE DEL REPORTE DIARIO CON ID 49', '2017-10-10 08:57:01'),
('10', 'CERRO SESION ', '2017-10-10 10:52:49'),
('10', 'INGRESO AL SISTEMA', '2017-10-10 10:54:29'),
('10', 'INGRESO AL SISTEMA', '2017-10-10 11:07:19'),
('10', 'CERRO SESION ', '2017-10-10 12:09:41'),
('10', 'INGRESO AL SISTEMA', '2017-10-10 13:00:33'),
('10', 'INGRESO AL SISTEMA', '2017-10-10 13:01:12'),
('10', 'CERRO SESION ', '2017-10-10 13:01:14'),
('10', 'INGRESO AL SISTEMA', '2017-10-10 13:40:38'),
('8', 'INGRESO AL SISTEMA', '2017-10-10 15:01:42'),
('8', 'AGREGO EL CONSECUTIVO NO. 2-1755 DEL TURNO 3', '2017-10-10 15:02:06'),
('8', 'AGREGO EL CONSECUTIVO NO. 2-1755 DEL TURNO 4', '2017-10-10 15:02:26'),
('8', 'INSERTO ORDEN DE PRODUCCION NUMERO 1762', '2017-10-10 15:03:05'),
('8', 'AGREGO EL CONSECUTIVO NO. 1-1762 DEL TURNO 3', '2017-10-10 15:05:54'),
('8', 'AGREGO EL CONSECUTIVO NO. 1-1762 DEL TURNO 4', '2017-10-10 15:06:14'),
('8', 'AGREGO EL CONSECUTIVO NO. 1-1762 DEL TURNO 5', '2017-10-10 15:06:35'),
('18', 'INGRESO AL SISTEMA', '2017-10-11 01:17:30'),
('18', 'CERRO SESION ', '2017-10-11 01:17:41'),
('18', 'INGRESO AL SISTEMA', '2017-10-11 01:18:58'),
('8', 'INGRESO AL SISTEMA', '2017-10-11 06:49:08'),
('8', 'INSERTO ORDEN DE PRODUCCION NUMERO 1767', '2017-10-11 06:49:58'),
('8', 'CAMBIO ESTADO DE LA ORDEN DE PRODUCCION ID64', '2017-10-11 06:50:32'),
('8', 'AGREGO EL CONSECUTIVO NO. 1-1767 DEL TURNO 3', '2017-10-11 06:51:19'),
('8', 'AGREGO EL CONSECUTIVO NO. 1-1767 DEL TURNO 4', '2017-10-11 06:51:40'),
('8', 'AGREGO EL CONSECUTIVO NO. 1-1767 DEL TURNO 5', '2017-10-11 06:52:11'),
('10', 'INGRESO AL SISTEMA', '2017-10-11 07:17:18'),
('10', 'CERRO SESION ', '2017-10-11 07:18:59'),
('10', 'INGRESO AL SISTEMA', '2017-10-11 08:47:11'),
('10', 'AGREGO INFORMACION DE PRODUCCION DEL RPT DIARIO CON ID 55', '2017-10-11 08:48:42'),
('10', 'ACTUALIZO INFORMACION DE PRODUCCION DEL RPT DIARIO CON ID 55', '2017-10-11 08:48:42'),
('10', 'AGREGO INFORMACION DE PRODUCCION DEL RPT DIARIO CON ID 55', '2017-10-11 08:49:40'),
('10', 'ACTUALIZO INFORMACION DE PRODUCCION DEL RPT DIARIO CON ID 55', '2017-10-11 08:49:40'),
('10', 'AGREGO UNA NUEVA CARGA AL REPORTE CON ID 55', '2017-10-11 10:10:06'),
('10', 'AGREGO UNA NUEVA CARGA AL REPORTE CON ID 55', '2017-10-11 10:10:12'),
('10', 'AGREGO UNA NUEVA CARGA AL REPORTE CON ID 55', '2017-10-11 10:10:25'),
('10', 'AGREGO UNA NUEVA CARGA AL REPORTE CON ID 55', '2017-10-11 10:10:58'),
('15', 'INGRESO AL SISTEMA', '2017-10-11 10:35:00'),
('10', 'AGREGO UNA NUEVA CARGA AL REPORTE CON ID 55', '2017-10-11 11:48:06'),
('10', 'AGREGO UNA NUEVA CARGA AL REPORTE CON ID 55', '2017-10-11 11:48:12'),
('10', 'AGREGO UNA NUEVA CARGA AL REPORTE CON ID 55', '2017-10-11 11:48:27'),
('10', 'AGREGO UNA NUEVA CARGA AL REPORTE CON ID 55', '2017-10-11 11:48:51'),
('10', 'AGREGO UNA NUEVA CARGA AL REPORTE CON ID 55', '2017-10-11 11:49:00'),
('10', 'AGREGO UN NUEVO REGISTRO DE HORA MOLIENDA AL REPORTE CON ID 55', '2017-10-11 11:49:34'),
('10', 'AGREGO UN NUEVO REGISTRO DE HORA MOLIENDA AL REPORTE CON ID 55', '2017-10-11 11:50:09'),
('10', 'AGREGO UN NUEVO REGISTRO DE HORA MOLIENDA AL REPORTE CON ID 55', '2017-10-11 11:50:33'),
('10', 'AGREGO UNA NUEVA CARGA AL REPORTE CON ID 55', '2017-10-11 11:50:57'),
('10', 'AGREGO UNA NUEVA CARGA AL REPORTE CON ID 55', '2017-10-11 11:51:07'),
('10', 'AGREGO INFORMACION DE PRODUCCION DEL RPT DIARIO CON ID 55', '2017-10-11 11:53:42'),
('10', 'ACTUALIZO INFORMACION DE PRODUCCION DEL RPT DIARIO CON ID 55', '2017-10-11 11:53:42'),
('10', 'AGREGO INFORMACION DE PRODUCCION DEL RPT DIARIO CON ID 55', '2017-10-11 11:55:05'),
('10', 'ACTUALIZO INFORMACION DE PRODUCCION DEL RPT DIARIO CON ID 55', '2017-10-11 11:55:05'),
('10', 'AGREGO INFORMACION DE PRODUCCION DEL RPT DIARIO CON ID 55', '2017-10-11 11:57:09'),
('10', 'ACTUALIZO INFORMACION DE PRODUCCION DEL RPT DIARIO CON ID 55', '2017-10-11 11:57:09'),
('10', 'AGREGO INFORMACION DE PRODUCCION DEL RPT DIARIO CON ID 55', '2017-10-11 11:58:04'),
('10', 'ACTUALIZO INFORMACION DE PRODUCCION DEL RPT DIARIO CON ID 55', '2017-10-11 11:58:04'),
('10', 'ELIMINO UN REGISTRO DE PRODUCCION DEL RPT CON ID 55', '2017-10-11 11:58:56'),
('10', 'ELIMINO UN REGISTRO DE PRODUCCION DEL RPT CON ID 55', '2017-10-11 11:59:08'),
('10', 'ELIMINO UN REGISTRO DE PRODUCCION DEL RPT CON ID 55', '2017-10-11 11:59:36'),
('10', 'AGREGO INFORMACION DE PRODUCCION DEL RPT DIARIO CON ID 55', '2017-10-11 12:01:32'),
('10', 'ACTUALIZO INFORMACION DE PRODUCCION DEL RPT DIARIO CON ID 55', '2017-10-11 12:01:32'),
('10', 'AGREGO INFORMACION DE PRODUCCION DEL RPT DIARIO CON ID 55', '2017-10-11 12:16:53'),
('10', 'ACTUALIZO INFORMACION DE PRODUCCION DEL RPT DIARIO CON ID 55', '2017-10-11 12:16:53'),
('10', 'AGREGO INFORMACION DE PRODUCCION DEL RPT DIARIO CON ID 55', '2017-10-11 13:29:15'),
('10', 'ACTUALIZO INFORMACION DE PRODUCCION DEL RPT DIARIO CON ID 55', '2017-10-11 13:29:15'),
('10', 'AGREGO NUEVO TIEMPO MUERTO AL CONSECUTIVO 1-1767 DEL TURNO 06:00AM-02:00PM', '2017-10-11 13:36:25'),
('10', 'AGREGO NUEVO TIEMPO MUERTO AL CONSECUTIVO 1-1767 DEL TURNO 06:00AM-02:00PM', '2017-10-11 13:38:41'),
('10', 'AGREGO NUEVO TIEMPO MUERTO AL CONSECUTIVO 1-1767 DEL TURNO 06:00AM-02:00PM', '2017-10-11 13:40:29'),
('10', 'AGREGO UN REGISTRO DE INSUMO AL RPT CON ID 55', '2017-10-11 13:53:42'),
('10', 'AGREGO UN REGISTRO DE INSUMO AL RPT CON ID 55', '2017-10-11 13:54:35'),
('10', 'AGREGO UN REGISTRO DE INSUMO AL RPT CON ID 55', '2017-10-11 13:55:08'),
('10', 'AGREGO UN REGISTRO DE PASTA DEL TANQUE CON ID 2 AL RPT CON ID 55', '2017-10-11 14:10:22'),
('10', 'AGREGO UN REGISTRO DE PASTA DEL TANQUE CON ID 4 AL RPT CON ID 55', '2017-10-11 14:10:59'),
('10', 'AGREGO UN REGISTRO DE PASTA DEL TANQUE CON ID 5 AL RPT CON ID 55', '2017-10-11 14:11:12'),
('10', 'AGREGO UN REGISTRO DE PASTA DEL TANQUE CON ID 6 AL RPT CON ID 55', '2017-10-11 14:11:24'),
('10', 'AGREGO INFORMACION DE PRODUCCION DEL RPT DIARIO CON ID 55', '2017-10-11 14:13:53'),
('10', 'ACTUALIZO INFORMACION DE PRODUCCION DEL RPT DIARIO CON ID 55', '2017-10-11 14:13:53'),
('10', 'AGREGO INFORMACION DE PRODUCCION DEL RPT DIARIO CON ID 55', '2017-10-11 14:15:53'),
('10', 'ACTUALIZO INFORMACION DE PRODUCCION DEL RPT DIARIO CON ID 55', '2017-10-11 14:15:53'),
('10', 'CERRO SESION ', '2017-10-11 14:16:11'),
('18', 'INGRESO AL SISTEMA', '2017-10-11 23:48:35'),
('18', 'CERRO SESION ', '2017-10-11 23:48:46'),
('15', 'INGRESO AL SISTEMA', '2017-10-12 15:22:25'),
('15', 'GENERO UN REPORTE DEL REPORTE DIARIO CON ID 55', '2017-10-12 15:23:13'),
('15', 'GENERO UN REPORTE DEL REPORTE DIARIO CON ID 56', '2017-10-12 15:23:20'),
('15', 'GENERO UN REPORTE DEL REPORTE DIARIO CON ID 57', '2017-10-12 15:23:25'),
('15', 'CERRO SESION ', '2017-10-12 15:23:30'),
('8', 'INGRESO AL SISTEMA', '2017-10-13 08:36:18'),
('8', 'GENERO UN REPORTE DEL REPORTE DIARIO CON ID 55', '2017-10-13 08:39:42'),
('8', 'INGRESO AL SISTEMA', '2017-10-13 11:14:41'),
('8', 'CERRO SESION ', '2017-10-13 11:16:05'),
('15', 'INGRESO AL SISTEMA', '2017-10-17 11:29:56'),
('15', 'GENERO UN REPORTE DEL REPORTE DIARIO CON ID 57', '2017-10-17 11:30:23'),
('8', 'INGRESO AL SISTEMA', '2017-10-18 08:55:12'),
('8', 'INSERTO ORDEN DE PRODUCCION NUMERO 1800', '2017-10-18 08:56:55'),
('8', 'CERRO SESION ', '2017-10-18 08:58:40'),
('8', 'INGRESO AL SISTEMA', '2017-10-18 08:58:58'),
('8', 'AGREGO EL CONSECUTIVO NO. 1-1800 DEL TURNO 3', '2017-10-18 08:59:50'),
('8', 'AGREGO EL CONSECUTIVO NO. 1-1800 DEL TURNO 4', '2017-10-18 09:00:15'),
('8', 'AGREGO EL CONSECUTIVO NO. 1-1800 DEL TURNO 5', '2017-10-18 09:00:43'),
('8', 'INGRESO AL SISTEMA', '2017-10-19 11:30:07'),
('8', 'INSERTO ORDEN DE PRODUCCION NUMERO 1805', '2017-10-19 11:30:38'),
('8', 'AGREGO EL CONSECUTIVO NO. 1-1805 DEL TURNO 3', '2017-10-19 11:32:19'),
('8', 'AGREGO EL CONSECUTIVO NO. 1-1805 DEL TURNO 4', '2017-10-19 11:32:40'),
('8', 'AGREGO EL CONSECUTIVO NO. 1-1805 DEL TURNO 5', '2017-10-19 11:33:01'),
('18', 'INGRESO AL SISTEMA', '2017-10-19 14:58:14'),
('18', 'CERRO SESION ', '2017-10-19 16:37:40'),
('18', 'INGRESO AL SISTEMA', '2017-10-19 16:48:00'),
('18', 'CERRO SESION ', '2017-10-19 16:49:52'),
('18', 'INGRESO AL SISTEMA', '2017-10-19 16:54:26'),
('18', 'AGREGO UNA NUEVA CARGA AL REPORTE CON ID 62', '2017-10-19 16:55:58'),
('18', 'AGREGO UNA NUEVA CARGA AL REPORTE CON ID 62', '2017-10-19 16:56:09'),
('18', 'AGREGO UNA NUEVA CARGA AL REPORTE CON ID 62', '2017-10-19 16:56:14'),
('18', 'AGREGO UNA NUEVA CARGA AL REPORTE CON ID 62', '2017-10-19 16:56:34'),
('18', 'AGREGO UNA NUEVA CARGA AL REPORTE CON ID 62', '2017-10-19 16:56:37'),
('18', 'AGREGO UNA NUEVA CARGA AL REPORTE CON ID 62', '2017-10-19 16:56:46'),
('18', 'AGREGO UNA NUEVA CARGA AL REPORTE CON ID 62', '2017-10-19 16:56:49'),
('18', 'AGREGO UNA NUEVA CARGA AL REPORTE CON ID 62', '2017-10-19 16:56:52'),
('18', 'AGREGO UNA NUEVA CARGA AL REPORTE CON ID 62', '2017-10-19 16:57:02'),
('18', 'AGREGO UNA NUEVA CARGA AL REPORTE CON ID 62', '2017-10-19 16:57:03'),
('18', 'AGREGO UNA NUEVA CARGA AL REPORTE CON ID 62', '2017-10-19 16:57:04'),
('18', 'AGREGO UNA NUEVA CARGA AL REPORTE CON ID 62', '2017-10-19 16:57:10'),
('18', 'AGREGO UNA NUEVA CARGA AL REPORTE CON ID 62', '2017-10-19 16:57:12'),
('18', 'AGREGO UNA NUEVA CARGA AL REPORTE CON ID 62', '2017-10-19 16:57:13'),
('18', 'AGREGO UN NUEVO REGISTRO DE HORA MOLIENDA AL REPORTE CON ID 62', '2017-10-19 16:57:41'),
('18', 'AGREGO UN NUEVO REGISTRO DE HORA MOLIENDA AL REPORTE CON ID 62', '2017-10-19 16:57:53'),
('18', 'AGREGO UN NUEVO REGISTRO DE HORA MOLIENDA AL REPORTE CON ID 62', '2017-10-19 16:58:07'),
('18', 'AGREGO INFORMACION DE PRODUCCION DEL RPT DIARIO CON ID 62', '2017-10-19 16:59:39'),
('18', 'ACTUALIZO INFORMACION DE PRODUCCION DEL RPT DIARIO CON ID 62', '2017-10-19 16:59:39'),
('18', 'AGREGO NUEVO TIEMPO MUERTO AL CONSECUTIVO 1-1805 DEL TURNO 02:00PM-10:00PM', '2017-10-19 17:00:41'),
('18', 'CERRO SESION ', '2017-10-19 17:00:54'),
('18', 'INGRESO AL SISTEMA', '2017-10-19 19:08:36'),
('18', 'AGREGO INFORMACION DE PRODUCCION DEL RPT DIARIO CON ID 62', '2017-10-19 19:09:42'),
('18', 'ACTUALIZO INFORMACION DE PRODUCCION DEL RPT DIARIO CON ID 62', '2017-10-19 19:09:42'),
('18', 'AGREGO INFORMACION DE PRODUCCION DEL RPT DIARIO CON ID 62', '2017-10-19 19:12:34'),
('18', 'ACTUALIZO INFORMACION DE PRODUCCION DEL RPT DIARIO CON ID 62', '2017-10-19 19:12:34'),
('18', 'AGREGO INFORMACION DE PRODUCCION DEL RPT DIARIO CON ID 62', '2017-10-19 19:14:12'),
('18', 'ACTUALIZO INFORMACION DE PRODUCCION DEL RPT DIARIO CON ID 62', '2017-10-19 19:14:12'),
('18', 'AGREGO NUEVO TIEMPO MUERTO AL CONSECUTIVO 1-1805 DEL TURNO 02:00PM-10:00PM', '2017-10-19 19:15:35'),
('18', 'AGREGO NUEVO TIEMPO MUERTO AL CONSECUTIVO 1-1805 DEL TURNO 02:00PM-10:00PM', '2017-10-19 19:16:05'),
('18', 'AGREGO NUEVO TIEMPO MUERTO AL CONSECUTIVO 1-1805 DEL TURNO 02:00PM-10:00PM', '2017-10-19 19:16:56'),
('18', 'AGREGO NUEVO TIEMPO MUERTO AL CONSECUTIVO 1-1805 DEL TURNO 02:00PM-10:00PM', '2017-10-19 19:17:31'),
('18', 'AGREGO NUEVO TIEMPO MUERTO AL CONSECUTIVO 1-1805 DEL TURNO 02:00PM-10:00PM', '2017-10-19 19:18:11'),
('18', 'CERRO SESION ', '2017-10-19 19:18:41'),
('18', 'INGRESO AL SISTEMA', '2017-10-19 20:02:30'),
('18', 'AGREGO UNA NUEVA CARGA AL REPORTE CON ID 62', '2017-10-19 20:03:09'),
('18', 'AGREGO UNA NUEVA CARGA AL REPORTE CON ID 62', '2017-10-19 20:03:14'),
('18', 'AGREGO UNA NUEVA CARGA AL REPORTE CON ID 62', '2017-10-19 20:03:26'),
('18', 'AGREGO UNA NUEVA CARGA AL REPORTE CON ID 62', '2017-10-19 20:03:29'),
('18', 'AGREGO UNA NUEVA CARGA AL REPORTE CON ID 62', '2017-10-19 20:03:38'),
('18', 'AGREGO UNA NUEVA CARGA AL REPORTE CON ID 62', '2017-10-19 20:03:41'),
('18', 'AGREGO UNA NUEVA CARGA AL REPORTE CON ID 62', '2017-10-19 20:03:48'),
('18', 'AGREGO UNA NUEVA CARGA AL REPORTE CON ID 62', '2017-10-19 20:03:51'),
('18', 'AGREGO UNA NUEVA CARGA AL REPORTE CON ID 62', '2017-10-19 20:03:58'),
('18', 'AGREGO UNA NUEVA CARGA AL REPORTE CON ID 62', '2017-10-19 20:04:01'),
('18', 'AGREGO UN NUEVO REGISTRO DE HORA MOLIENDA AL REPORTE CON ID 62', '2017-10-19 20:04:24'),
('18', 'AGREGO UN NUEVO REGISTRO DE HORA MOLIENDA AL REPORTE CON ID 62', '2017-10-19 20:04:34'),
('18', 'CERRO SESION ', '2017-10-19 20:15:51'),
('18', 'INGRESO AL SISTEMA', '2017-10-19 20:17:05'),
('18', 'AGREGO UNA NUEVA CARGA AL REPORTE CON ID 62', '2017-10-19 20:17:25'),
('18', 'AGREGO UNA NUEVA CARGA AL REPORTE CON ID 62', '2017-10-19 20:17:32'),
('18', 'AGREGO UNA NUEVA CARGA AL REPORTE CON ID 62', '2017-10-19 20:17:40'),
('18', 'AGREGO UNA NUEVA CARGA AL REPORTE CON ID 62', '2017-10-19 20:17:46'),
('18', 'AGREGO UNA NUEVA CARGA AL REPORTE CON ID 62', '2017-10-19 20:17:53'),
('18', 'AGREGO UN NUEVO REGISTRO DE HORA MOLIENDA AL REPORTE CON ID 62', '2017-10-19 20:18:39'),
('18', 'CERRO SESION ', '2017-10-19 20:18:59'),
('18', 'INGRESO AL SISTEMA', '2017-10-19 20:48:36'),
('18', 'AGREGO UN REGISTRO DE INSUMO AL RPT CON ID 62', '2017-10-19 20:49:16'),
('18', 'AGREGO UN REGISTRO DE INSUMO AL RPT CON ID 62', '2017-10-19 20:49:48'),
('18', 'AGREGO INFORMACION DE PRODUCCION DEL RPT DIARIO CON ID 62', '2017-10-19 21:14:16'),
('18', 'ACTUALIZO INFORMACION DE PRODUCCION DEL RPT DIARIO CON ID 62', '2017-10-19 21:14:16'),
('18', 'AGREGO INFORMACION DE PRODUCCION DEL RPT DIARIO CON ID 62', '2017-10-19 21:15:04'),
('18', 'ACTUALIZO INFORMACION DE PRODUCCION DEL RPT DIARIO CON ID 62', '2017-10-19 21:15:04'),
('18', 'AGREGO NUEVO TIEMPO MUERTO AL CONSECUTIVO 1-1805 DEL TURNO 02:00PM-10:00PM', '2017-10-19 21:18:04'),
('18', 'AGREGO UNA NUEVA CARGA AL REPORTE CON ID 62', '2017-10-19 21:42:39'),
('18', 'AGREGO UNA NUEVA CARGA AL REPORTE CON ID 62', '2017-10-19 21:43:06'),
('18', 'AGREGO UNA NUEVA CARGA AL REPORTE CON ID 62', '2017-10-19 21:43:14'),
('18', 'AGREGO UNA NUEVA CARGA AL REPORTE CON ID 62', '2017-10-19 21:43:19'),
('18', 'AGREGO UNA NUEVA CARGA AL REPORTE CON ID 62', '2017-10-19 21:43:24'),
('18', 'AGREGO UNA NUEVA CARGA AL REPORTE CON ID 62', '2017-10-19 21:43:54'),
('18', 'AGREGO UN NUEVO REGISTRO DE HORA MOLIENDA AL REPORTE CON ID 62', '2017-10-19 21:44:36'),
('18', 'AGREGO UN REGISTRO DE INSUMO AL RPT CON ID 62', '2017-10-19 21:45:17'),
('18', 'CERRO SESION ', '2017-10-19 21:46:49'),
('18', 'INGRESO AL SISTEMA', '2017-10-19 21:52:41'),
('18', 'AGREGO INFORMACION DE PRODUCCION DEL RPT DIARIO CON ID 62', '2017-10-19 21:59:01'),
('18', 'ACTUALIZO INFORMACION DE PRODUCCION DEL RPT DIARIO CON ID 62', '2017-10-19 21:59:01'),
('18', 'AGREGO INFORMACION DE PRODUCCION DEL RPT DIARIO CON ID 62', '2017-10-19 22:01:20'),
('18', 'ACTUALIZO INFORMACION DE PRODUCCION DEL RPT DIARIO CON ID 62', '2017-10-19 22:01:20'),
('18', 'CERRO SESION ', '2017-10-19 22:03:05'),
('15', 'INGRESO AL SISTEMA', '2017-10-20 10:18:11'),
('15', 'GENERO UN REPORTE DEL REPORTE DIARIO CON ID 61', '2017-10-20 10:18:27'),
('15', 'GENERO UN REPORTE DEL REPORTE DIARIO CON ID 62', '2017-10-20 10:18:31'),
('15', 'GENERO UN REPORTE DEL REPORTE DIARIO CON ID 63', '2017-10-20 10:20:33'),
('15', 'INGRESO AL SISTEMA', '2017-10-20 15:41:28'),
('15', 'CERRO SESION ', '2017-10-20 17:59:16'),
('15', 'INGRESO AL SISTEMA', '2017-10-23 11:32:52'),
('15', 'CERRO SESION ', '2017-10-23 18:05:15'),
('8', 'INGRESO AL SISTEMA', '2017-10-24 15:37:28'),
('8', 'CAMBIO ESTADO DE LA ORDEN DE PRODUCCION ID67', '2017-10-24 15:38:18'),
('15', 'INGRESO AL SISTEMA', '2017-10-24 16:06:37'),
('15', 'INGRESO AL SISTEMA', '2017-10-24 16:44:47'),
('8', 'INGRESO AL SISTEMA', '2017-10-25 17:22:10'),
('8', 'INSERTO ORDEN DE PRODUCCION NUMERO 1815', '2017-10-25 17:23:38'),
('8', 'AGREGO EL CONSECUTIVO NO. 1-1815 DEL TURNO 4', '2017-10-25 17:24:23'),
('8', 'AGREGO EL CONSECUTIVO NO. 1-1815 DEL TURNO 5', '2017-10-25 17:24:47'),
('8', 'INGRESO AL SISTEMA', '2017-10-26 08:14:57'),
('8', 'INSERTO ORDEN DE PRODUCCION NUMERO 1820', '2017-10-26 08:16:03'),
('8', 'AGREGO EL CONSECUTIVO NO. 1-1820 DEL TURNO 3', '2017-10-26 08:18:04'),
('8', 'AGREGO EL CONSECUTIVO NO. 1-1820 DEL TURNO 4', '2017-10-26 08:18:35'),
('8', 'AGREGO EL CONSECUTIVO NO. 1-1820 DEL TURNO 5', '2017-10-26 08:19:09'),
('18', 'INGRESO AL SISTEMA', '2017-10-26 09:11:55'),
('18', 'CERRO SESION ', '2017-10-26 09:13:01'),
('18', 'INGRESO AL SISTEMA', '2017-10-26 09:15:08'),
('18', 'AGREGO INFORMACION DE PRODUCCION DEL RPT DIARIO CON ID 66', '2017-10-26 09:16:14'),
('18', 'ACTUALIZO INFORMACION DE PRODUCCION DEL RPT DIARIO CON ID 66', '2017-10-26 09:16:14'),
('18', 'AGREGO INFORMACION DE PRODUCCION DEL RPT DIARIO CON ID 66', '2017-10-26 09:16:56'),
('18', 'ACTUALIZO INFORMACION DE PRODUCCION DEL RPT DIARIO CON ID 66', '2017-10-26 09:16:56'),
('18', 'CERRO SESION ', '2017-10-26 09:20:49'),
('18', 'INGRESO AL SISTEMA', '2017-10-26 10:04:14'),
('18', 'AGREGO UNA NUEVA CARGA AL REPORTE CON ID 66', '2017-10-26 10:05:33'),
('18', 'AGREGO UNA NUEVA CARGA AL REPORTE CON ID 66', '2017-10-26 10:05:39'),
('18', 'AGREGO UNA NUEVA CARGA AL REPORTE CON ID 66', '2017-10-26 10:05:50'),
('18', 'AGREGO UNA NUEVA CARGA AL REPORTE CON ID 66', '2017-10-26 10:05:53'),
('18', 'AGREGO UNA NUEVA CARGA AL REPORTE CON ID 66', '2017-10-26 10:06:10'),
('18', 'AGREGO UNA NUEVA CARGA AL REPORTE CON ID 66', '2017-10-26 10:06:13'),
('18', 'AGREGO UNA NUEVA CARGA AL REPORTE CON ID 66', '2017-10-26 10:06:15'),
('18', 'AGREGO UNA NUEVA CARGA AL REPORTE CON ID 66', '2017-10-26 10:06:22'),
('18', 'AGREGO UNA NUEVA CARGA AL REPORTE CON ID 66', '2017-10-26 10:06:25'),
('18', 'AGREGO UN NUEVO REGISTRO DE HORA MOLIENDA AL REPORTE CON ID 66', '2017-10-26 10:07:04'),
('18', 'AGREGO UN NUEVO REGISTRO DE HORA MOLIENDA AL REPORTE CON ID 66', '2017-10-26 10:07:22'),
('18', 'CERRO SESION ', '2017-10-26 10:07:37'),
('18', 'INGRESO AL SISTEMA', '2017-10-26 10:42:17'),
('18', 'AGREGO NUEVO TIEMPO MUERTO AL CONSECUTIVO 1-1820 DEL TURNO 06:00AM-02:00PM', '2017-10-26 10:43:01'),
('18', 'AGREGO NUEVO TIEMPO MUERTO AL CONSECUTIVO 1-1820 DEL TURNO 06:00AM-02:00PM', '2017-10-26 10:43:41'),
('18', 'ELIMINO UN REGISTRO DE UNA CARGA DEL REPORTE CON ID 66', '2017-10-26 10:44:28'),
('18', 'AGREGO INFORMACION DE PRODUCCION DEL RPT DIARIO CON ID 66', '2017-10-26 10:46:36'),
('18', 'ACTUALIZO INFORMACION DE PRODUCCION DEL RPT DIARIO CON ID 66', '2017-10-26 10:46:36'),
('18', 'AGREGO INFORMACION DE PRODUCCION DEL RPT DIARIO CON ID 66', '2017-10-26 10:47:23'),
('18', 'ACTUALIZO INFORMACION DE PRODUCCION DEL RPT DIARIO CON ID 66', '2017-10-26 10:47:23'),
('18', 'CERRO SESION ', '2017-10-26 10:51:32'),
('18', 'INGRESO AL SISTEMA', '2017-10-26 11:38:59'),
('18', 'AGREGO UNA NUEVA CARGA AL REPORTE CON ID 66', '2017-10-26 11:40:50'),
('18', 'AGREGO UNA NUEVA CARGA AL REPORTE CON ID 66', '2017-10-26 11:41:00'),
('18', 'AGREGO UNA NUEVA CARGA AL REPORTE CON ID 66', '2017-10-26 11:41:09'),
('18', 'AGREGO UNA NUEVA CARGA AL REPORTE CON ID 66', '2017-10-26 11:41:13'),
('18', 'AGREGO UNA NUEVA CARGA AL REPORTE CON ID 66', '2017-10-26 11:41:50'),
('18', 'AGREGO UNA NUEVA CARGA AL REPORTE CON ID 66', '2017-10-26 11:41:51'),
('18', 'AGREGO UNA NUEVA CARGA AL REPORTE CON ID 66', '2017-10-26 11:42:03'),
('18', 'AGREGO UNA NUEVA CARGA AL REPORTE CON ID 66', '2017-10-26 11:42:06'),
('18', 'AGREGO UN NUEVO REGISTRO DE HORA MOLIENDA AL REPORTE CON ID 66', '2017-10-26 11:42:48'),
('18', 'AGREGO UN NUEVO REGISTRO DE HORA MOLIENDA AL REPORTE CON ID 66', '2017-10-26 11:43:39'),
('18', 'AGREGO UN REGISTRO DE INSUMO AL RPT CON ID 66', '2017-10-26 11:49:09'),
('18', 'AGREGO UN REGISTRO DE INSUMO AL RPT CON ID 66', '2017-10-26 11:49:29'),
('18', 'AGREGO UN REGISTRO DE INSUMO AL RPT CON ID 66', '2017-10-26 11:50:07'),
('18', 'CERRO SESION ', '2017-10-26 11:50:34'),
('15', 'INGRESO AL SISTEMA', '2017-10-26 16:37:16'),
('15', 'GENERO UN REPORTE DEL REPORTE DIARIO CON ID 66', '2017-10-26 16:37:30'),
('15', 'GENERO UN REPORTE DEL REPORTE DIARIO CON ID 67', '2017-10-26 16:37:37'),
('15', 'GENERO UN REPORTE DEL REPORTE DIARIO CON ID 68', '2017-10-26 16:37:42'),
('10', 'INGRESO AL SISTEMA', '2017-10-26 16:49:20'),
('10', 'AGREGO UNA NUEVA CARGA AL REPORTE CON ID 67', '2017-10-26 16:58:24'),
('10', 'AGREGO UNA NUEVA CARGA AL REPORTE CON ID 67', '2017-10-26 16:58:46'),
('10', 'AGREGO UNA NUEVA CARGA AL REPORTE CON ID 67', '2017-10-26 16:59:33'),
('10', 'AGREGO UNA NUEVA CARGA AL REPORTE CON ID 67', '2017-10-26 16:59:46'),
('10', 'AGREGO UNA NUEVA CARGA AL REPORTE CON ID 67', '2017-10-26 17:00:06'),
('10', 'AGREGO UNA NUEVA CARGA AL REPORTE CON ID 67', '2017-10-26 17:00:18'),
('10', 'AGREGO UNA NUEVA CARGA AL REPORTE CON ID 67', '2017-10-26 17:01:31'),
('10', 'AGREGO UNA NUEVA CARGA AL REPORTE CON ID 67', '2017-10-26 17:01:43'),
('10', 'AGREGO UNA NUEVA CARGA AL REPORTE CON ID 67', '2017-10-26 17:02:06'),
('10', 'AGREGO UNA NUEVA CARGA AL REPORTE CON ID 67', '2017-10-26 17:02:23'),
('10', 'AGREGO UN NUEVO REGISTRO DE HORA MOLIENDA AL REPORTE CON ID 67', '2017-10-26 17:03:39'),
('10', 'AGREGO UN NUEVO REGISTRO DE HORA MOLIENDA AL REPORTE CON ID 67', '2017-10-26 17:04:01'),
('10', 'AGREGO UN NUEVO REGISTRO DE HORA MOLIENDA AL REPORTE CON ID 67', '2017-10-26 17:04:28'),
('10', 'AGREGO UN NUEVO REGISTRO DE HORA MOLIENDA AL REPORTE CON ID 67', '2017-10-26 17:04:52'),
('10', 'AGREGO INFORMACION DE PRODUCCION DEL RPT DIARIO CON ID 67', '2017-10-26 17:08:17'),
('10', 'ACTUALIZO INFORMACION DE PRODUCCION DEL RPT DIARIO CON ID 67', '2017-10-26 17:08:17'),
('10', 'AGREGO INFORMACION DE PRODUCCION DEL RPT DIARIO CON ID 67', '2017-10-26 17:09:32'),
('10', 'ACTUALIZO INFORMACION DE PRODUCCION DEL RPT DIARIO CON ID 67', '2017-10-26 17:09:32'),
('15', 'CERRO SESION ', '2017-10-26 17:10:11'),
('10', 'AGREGO INFORMACION DE PRODUCCION DEL RPT DIARIO CON ID 67', '2017-10-26 20:01:10'),
('10', 'ACTUALIZO INFORMACION DE PRODUCCION DEL RPT DIARIO CON ID 67', '2017-10-26 20:01:10'),
('10', 'AGREGO INFORMACION DE PRODUCCION DEL RPT DIARIO CON ID 67', '2017-10-26 20:02:03'),
('10', 'ACTUALIZO INFORMACION DE PRODUCCION DEL RPT DIARIO CON ID 67', '2017-10-26 20:02:03'),
('10', 'AGREGO UN NUEVO REGISTRO DE HORA MOLIENDA AL REPORTE CON ID 67', '2017-10-26 20:07:16'),
('10', 'AGREGO UN NUEVO REGISTRO DE HORA MOLIENDA AL REPORTE CON ID 67', '2017-10-26 20:07:44'),
('10', 'AGREGO UN NUEVO REGISTRO DE HORA MOLIENDA AL REPORTE CON ID 67', '2017-10-26 20:08:11'),
('10', 'ACTUALIZO REGISTRO DE UNA CARGA DEL REPORTE CON ID 67', '2017-10-26 20:09:32'),
('10', 'AGREGO UNA NUEVA CARGA AL REPORTE CON ID 67', '2017-10-26 20:09:59'),
('10', 'AGREGO UNA NUEVA CARGA AL REPORTE CON ID 67', '2017-10-26 20:10:13'),
('10', 'AGREGO UNA NUEVA CARGA AL REPORTE CON ID 67', '2017-10-26 20:10:27'),
('10', 'AGREGO UNA NUEVA CARGA AL REPORTE CON ID 67', '2017-10-26 20:10:34'),
('10', 'AGREGO UNA NUEVA CARGA AL REPORTE CON ID 67', '2017-10-26 20:10:48'),
('10', 'AGREGO UNA NUEVA CARGA AL REPORTE CON ID 67', '2017-10-26 20:11:44'),
('10', 'AGREGO INFORMACION DE PRODUCCION DEL RPT DIARIO CON ID 67', '2017-10-26 20:29:25'),
('10', 'ACTUALIZO INFORMACION DE PRODUCCION DEL RPT DIARIO CON ID 67', '2017-10-26 20:29:25'),
('10', 'AGREGO INFORMACION DE PRODUCCION DEL RPT DIARIO CON ID 67', '2017-10-26 20:30:11'),
('10', 'ACTUALIZO INFORMACION DE PRODUCCION DEL RPT DIARIO CON ID 67', '2017-10-26 20:30:11'),
('10', 'AGREGO INFORMACION DE PRODUCCION DEL RPT DIARIO CON ID 67', '2017-10-26 20:31:42'),
('10', 'ACTUALIZO INFORMACION DE PRODUCCION DEL RPT DIARIO CON ID 67', '2017-10-26 20:31:42'),
('10', 'AGREGO INFORMACION DE PRODUCCION DEL RPT DIARIO CON ID 67', '2017-10-26 20:32:23'),
('10', 'ACTUALIZO INFORMACION DE PRODUCCION DEL RPT DIARIO CON ID 67', '2017-10-26 20:32:23'),
('10', 'ELIMINO UN REGISTRO DE PRODUCCION DEL RPT CON ID 67', '2017-10-26 20:32:59'),
('10', 'ELIMINO UN REGISTRO DE PRODUCCION DEL RPT CON ID 67', '2017-10-26 20:33:07'),
('10', 'AGREGO UN NUEVO REGISTRO DE HORA MOLIENDA AL REPORTE CON ID 67', '2017-10-26 20:45:11'),
('10', 'ACTUALIZO UN REGISTRO DE HORA MOLIENDA DEL RPT CON ID 67', '2017-10-26 20:45:46'),
('10', 'AGREGO NUEVO TIEMPO MUERTO AL CONSECUTIVO 1-1820 DEL TURNO 02:00PM-10:00PM', '2017-10-26 21:04:45'),
('10', 'AGREGO NUEVO TIEMPO MUERTO AL CONSECUTIVO 1-1820 DEL TURNO 02:00PM-10:00PM', '2017-10-26 21:06:55'),
('10', 'AGREGO NUEVO TIEMPO MUERTO AL CONSECUTIVO 1-1820 DEL TURNO 02:00PM-10:00PM', '2017-10-26 21:08:09'),
('10', 'AGREGO NUEVO TIEMPO MUERTO AL CONSECUTIVO 1-1820 DEL TURNO 02:00PM-10:00PM', '2017-10-26 21:09:17'),
('10', 'AGREGO NUEVO TIEMPO MUERTO AL CONSECUTIVO 1-1820 DEL TURNO 02:00PM-10:00PM', '2017-10-26 21:11:01'),
('10', 'ELIMINO UN TIEMPO MUERTO DEL REPORTE CON ID NO. 67', '2017-10-26 21:12:43'),
('10', 'AGREGO NUEVO TIEMPO MUERTO AL CONSECUTIVO 1-1820 DEL TURNO 02:00PM-10:00PM', '2017-10-26 21:14:00'),
('10', 'AGREGO UNA NUEVA CARGA AL REPORTE CON ID 67', '2017-10-26 21:17:19'),
('10', 'AGREGO UNA NUEVA CARGA AL REPORTE CON ID 67', '2017-10-26 21:17:36'),
('10', 'AGREGO UNA NUEVA CARGA AL REPORTE CON ID 67', '2017-10-26 21:17:55'),
('10', 'AGREGO UNA NUEVA CARGA AL REPORTE CON ID 67', '2017-10-26 21:18:09'),
('10', 'AGREGO UN NUEVO REGISTRO DE HORA MOLIENDA AL REPORTE CON ID 67', '2017-10-26 21:19:08'),
('10', 'ACTUALIZO UN REGISTRO DE HORA MOLIENDA DEL RPT CON ID 67', '2017-10-26 21:20:18'),
('10', 'ACTUALIZO UN REGISTRO DE HORA MOLIENDA DEL RPT CON ID 67', '2017-10-26 21:20:30'),
('10', 'ACTUALIZO UN REGISTRO DE HORA MOLIENDA DEL RPT CON ID 67', '2017-10-26 21:21:09'),
('10', 'ACTUALIZO UN REGISTRO DE HORA MOLIENDA DEL RPT CON ID 67', '2017-10-26 21:21:45'),
('10', 'ACTUALIZO UN REGISTRO DE HORA MOLIENDA DEL RPT CON ID 67', '2017-10-26 21:22:46'),
('10', 'AGREGO UN NUEVO REGISTRO DE HORA MOLIENDA AL REPORTE CON ID 67', '2017-10-26 21:23:11'),
('10', 'AGREGO UNA NUEVA CARGA AL REPORTE CON ID 67', '2017-10-26 21:25:56'),
('10', 'AGREGO UNA NUEVA CARGA AL REPORTE CON ID 67', '2017-10-26 21:26:22'),
('10', 'AGREGO UNA NUEVA CARGA AL REPORTE CON ID 67', '2017-10-26 21:26:52'),
('10', 'AGREGO UNA NUEVA CARGA AL REPORTE CON ID 67', '2017-10-26 21:27:06'),
('10', 'AGREGO UN REGISTRO DE PASTA DEL TANQUE CON ID 2 AL RPT CON ID 67', '2017-10-26 21:28:43'),
('10', 'AGREGO UN REGISTRO DE PASTA DEL TANQUE CON ID 4 AL RPT CON ID 67', '2017-10-26 21:28:56'),
('10', 'AGREGO UN REGISTRO DE PASTA DEL TANQUE CON ID 5 AL RPT CON ID 67', '2017-10-26 21:29:02'),
('10', 'AGREGO UN REGISTRO DE PASTA DEL TANQUE CON ID 6 AL RPT CON ID 67', '2017-10-26 21:29:18'),
('10', 'AGREGO UN REGISTRO DE INSUMO AL RPT CON ID 67', '2017-10-26 21:31:43'),
('10', 'AGREGO UN REGISTRO DE INSUMO AL RPT CON ID 67', '2017-10-26 21:33:06'),
('10', 'ELIMINO UN REGISTRO DE INSUMO DEL RPT CON ID 67', '2017-10-26 21:33:36'),
('10', 'INGRESO AL SISTEMA', '2017-10-26 21:53:44'),
('10', 'AGREGO INFORMACION DE PRODUCCION DEL RPT DIARIO CON ID 67', '2017-10-26 21:55:00'),
('10', 'ACTUALIZO INFORMACION DE PRODUCCION DEL RPT DIARIO CON ID 67', '2017-10-26 21:55:00'),
('10', 'AGREGO INFORMACION DE PRODUCCION DEL RPT DIARIO CON ID 67', '2017-10-26 21:56:12'),
('10', 'ACTUALIZO INFORMACION DE PRODUCCION DEL RPT DIARIO CON ID 67', '2017-10-26 21:56:12'),
('10', 'CERRO SESION ', '2017-10-26 21:57:41'),
('18', 'INGRESO AL SISTEMA', '2017-10-27 07:19:05'),
('18', 'CERRO SESION ', '2017-10-27 07:19:18'),
('18', 'INGRESO AL SISTEMA', '2017-10-27 08:40:51'),
('18', 'CERRO SESION ', '2017-10-27 08:49:47'),
('10', 'INGRESO AL SISTEMA', '2017-10-27 16:55:00'),
('18', 'INGRESO AL SISTEMA', '2017-10-28 10:16:29'),
('8', 'INGRESO AL SISTEMA', '2017-10-31 11:50:39'),
('8', 'INSERTO ORDEN DE PRODUCCION NUMERO 4853', '2017-10-31 11:51:17'),
('8', 'CAMBIO ESTADO DE LA ORDEN DE PRODUCCION ID69', '2017-10-31 11:51:25'),
('8', 'AGREGO EL CONSECUTIVO NO. 1-4853 DEL TURNO 3', '2017-10-31 11:52:37'),
('8', 'AGREGO EL CONSECUTIVO NO. 1-4853 DEL TURNO 4', '2017-10-31 11:53:01'),
('8', 'AGREGO EL CONSECUTIVO NO. 1-4853 DEL TURNO 5', '2017-10-31 11:54:00'),
('18', 'INGRESO AL SISTEMA', '2017-10-31 23:19:18'),
('18', 'CERRO SESION ', '2017-10-31 23:19:58'),
('18', 'INGRESO AL SISTEMA', '2017-11-01 05:41:57'),
('18', 'AGREGO INFORMACION DE PRODUCCION DEL RPT DIARIO CON ID 71', '2017-11-01 05:43:00'),
('18', 'ACTUALIZO INFORMACION DE PRODUCCION DEL RPT DIARIO CON ID 71', '2017-11-01 05:43:00'),
('18', 'AGREGO INFORMACION DE PRODUCCION DEL RPT DIARIO CON ID 71', '2017-11-01 05:43:46'),
('18', 'ACTUALIZO INFORMACION DE PRODUCCION DEL RPT DIARIO CON ID 71', '2017-11-01 05:43:46'),
('18', 'AGREGO INFORMACION DE PRODUCCION DEL RPT DIARIO CON ID 71', '2017-11-01 05:44:40'),
('18', 'ACTUALIZO INFORMACION DE PRODUCCION DEL RPT DIARIO CON ID 71', '2017-11-01 05:44:40'),
('18', 'AGREGO INFORMACION DE PRODUCCION DEL RPT DIARIO CON ID 71', '2017-11-01 05:45:19'),
('18', 'ACTUALIZO INFORMACION DE PRODUCCION DEL RPT DIARIO CON ID 71', '2017-11-01 05:45:19'),
('18', 'AGREGO INFORMACION DE PRODUCCION DEL RPT DIARIO CON ID 71', '2017-11-01 05:46:17'),
('18', 'ACTUALIZO INFORMACION DE PRODUCCION DEL RPT DIARIO CON ID 71', '2017-11-01 05:46:17'),
('18', 'AGREGO INFORMACION DE PRODUCCION DEL RPT DIARIO CON ID 71', '2017-11-01 05:47:06'),
('18', 'ACTUALIZO INFORMACION DE PRODUCCION DEL RPT DIARIO CON ID 71', '2017-11-01 05:47:06'),
('18', 'AGREGO INFORMACION DE PRODUCCION DEL RPT DIARIO CON ID 71', '2017-11-01 05:47:49'),
('18', 'ACTUALIZO INFORMACION DE PRODUCCION DEL RPT DIARIO CON ID 71', '2017-11-01 05:47:49'),
('18', 'AGREGO UNA NUEVA CARGA AL REPORTE CON ID 71', '2017-11-01 05:49:05'),
('18', 'AGREGO UNA NUEVA CARGA AL REPORTE CON ID 71', '2017-11-01 05:49:09'),
('18', 'AGREGO UNA NUEVA CARGA AL REPORTE CON ID 71', '2017-11-01 05:49:14'),
('18', 'AGREGO UNA NUEVA CARGA AL REPORTE CON ID 71', '2017-11-01 05:49:18'),
('18', 'AGREGO UNA NUEVA CARGA AL REPORTE CON ID 71', '2017-11-01 05:49:23'),
('18', 'AGREGO UNA NUEVA CARGA AL REPORTE CON ID 71', '2017-11-01 05:49:27'),
('18', 'AGREGO UNA NUEVA CARGA AL REPORTE CON ID 71', '2017-11-01 05:49:30'),
('18', 'AGREGO UNA NUEVA CARGA AL REPORTE CON ID 71', '2017-11-01 05:49:38'),
('18', 'AGREGO UNA NUEVA CARGA AL REPORTE CON ID 71', '2017-11-01 05:49:41'),
('18', 'AGREGO UNA NUEVA CARGA AL REPORTE CON ID 71', '2017-11-01 05:49:43'),
('18', 'AGREGO UNA NUEVA CARGA AL REPORTE CON ID 71', '2017-11-01 05:49:45'),
('18', 'AGREGO UNA NUEVA CARGA AL REPORTE CON ID 71', '2017-11-01 05:49:47'),
('18', 'AGREGO UNA NUEVA CARGA AL REPORTE CON ID 71', '2017-11-01 05:49:49'),
('18', 'AGREGO UNA NUEVA CARGA AL REPORTE CON ID 71', '2017-11-01 05:49:51'),
('18', 'AGREGO UNA NUEVA CARGA AL REPORTE CON ID 71', '2017-11-01 05:49:52'),
('18', 'AGREGO UNA NUEVA CARGA AL REPORTE CON ID 71', '2017-11-01 05:49:59'),
('18', 'AGREGO UNA NUEVA CARGA AL REPORTE CON ID 71', '2017-11-01 05:50:00'),
('18', 'AGREGO UNA NUEVA CARGA AL REPORTE CON ID 71', '2017-11-01 05:50:01'),
('18', 'AGREGO UNA NUEVA CARGA AL REPORTE CON ID 71', '2017-11-01 05:50:01'),
('18', 'AGREGO UNA NUEVA CARGA AL REPORTE CON ID 71', '2017-11-01 05:50:02'),
('18', 'AGREGO UNA NUEVA CARGA AL REPORTE CON ID 71', '2017-11-01 05:50:03'),
('18', 'AGREGO UNA NUEVA CARGA AL REPORTE CON ID 71', '2017-11-01 05:50:04'),
('18', 'AGREGO UNA NUEVA CARGA AL REPORTE CON ID 71', '2017-11-01 05:50:05'),
('18', 'AGREGO UNA NUEVA CARGA AL REPORTE CON ID 71', '2017-11-01 05:50:11'),
('18', 'AGREGO UNA NUEVA CARGA AL REPORTE CON ID 71', '2017-11-01 05:50:13'),
('18', 'AGREGO UNA NUEVA CARGA AL REPORTE CON ID 71', '2017-11-01 05:50:14'),
('18', 'AGREGO UNA NUEVA CARGA AL REPORTE CON ID 71', '2017-11-01 05:50:15'),
('18', 'AGREGO UNA NUEVA CARGA AL REPORTE CON ID 71', '2017-11-01 05:50:16'),
('18', 'AGREGO UNA NUEVA CARGA AL REPORTE CON ID 71', '2017-11-01 05:50:17'),
('18', 'AGREGO UNA NUEVA CARGA AL REPORTE CON ID 71', '2017-11-01 05:50:18'),
('18', 'AGREGO UNA NUEVA CARGA AL REPORTE CON ID 71', '2017-11-01 05:50:19'),
('18', 'AGREGO UNA NUEVA CARGA AL REPORTE CON ID 71', '2017-11-01 05:50:52'),
('18', 'AGREGO UN NUEVO REGISTRO DE HORA MOLIENDA AL REPORTE CON ID 71', '2017-11-01 05:52:51'),
('18', 'AGREGO UN NUEVO REGISTRO DE HORA MOLIENDA AL REPORTE CON ID 71', '2017-11-01 05:53:06');
INSERT INTO `log` (`IdUser`, `Accion`, `Fecha`) VALUES
('18', 'AGREGO UN NUEVO REGISTRO DE HORA MOLIENDA AL REPORTE CON ID 71', '2017-11-01 05:54:07'),
('18', 'AGREGO UN NUEVO REGISTRO DE HORA MOLIENDA AL REPORTE CON ID 71', '2017-11-01 05:54:28'),
('18', 'AGREGO UN NUEVO REGISTRO DE HORA MOLIENDA AL REPORTE CON ID 71', '2017-11-01 05:54:47'),
('18', 'AGREGO UN NUEVO REGISTRO DE HORA MOLIENDA AL REPORTE CON ID 71', '2017-11-01 05:55:01'),
('18', 'AGREGO UN NUEVO REGISTRO DE HORA MOLIENDA AL REPORTE CON ID 71', '2017-11-01 05:55:16'),
('18', 'AGREGO UN REGISTRO DE INSUMO AL RPT CON ID 71', '2017-11-01 05:55:55'),
('18', 'AGREGO UN REGISTRO DE INSUMO AL RPT CON ID 71', '2017-11-01 05:56:26'),
('18', 'AGREGO UN REGISTRO DE INSUMO AL RPT CON ID 71', '2017-11-01 05:56:45'),
('18', 'AGREGO INFORMACION DE PRODUCCION DEL RPT DIARIO CON ID 71', '2017-11-01 05:59:12'),
('18', 'ACTUALIZO INFORMACION DE PRODUCCION DEL RPT DIARIO CON ID 71', '2017-11-01 05:59:12'),
('18', 'AGREGO INFORMACION DE PRODUCCION DEL RPT DIARIO CON ID 71', '2017-11-01 06:00:06'),
('18', 'ACTUALIZO INFORMACION DE PRODUCCION DEL RPT DIARIO CON ID 71', '2017-11-01 06:00:06'),
('18', 'CERRO SESION ', '2017-11-01 06:01:26'),
('8', 'INGRESO AL SISTEMA', '2017-11-01 07:41:19'),
('8', 'INSERTO ORDEN DE PRODUCCION NUMERO 1859', '2017-11-01 07:41:44'),
('8', 'CAMBIO ESTADO DE LA ORDEN DE PRODUCCION ID70', '2017-11-01 07:41:53'),
('8', 'AGREGO EL CONSECUTIVO NO. 1-1859 DEL TURNO 3', '2017-11-01 07:42:23'),
('8', 'AGREGO EL CONSECUTIVO NO. 1-1859 DEL TURNO 4', '2017-11-01 07:42:39'),
('8', 'AGREGO EL CONSECUTIVO NO. 1-1859 DEL TURNO 5', '2017-11-01 07:42:57'),
('15', 'INGRESO AL SISTEMA', '2017-11-01 08:30:23'),
('15', 'GENERO UN REPORTE DEL REPORTE DIARIO CON ID 72', '2017-11-01 08:32:18'),
('15', 'GENERO UN REPORTE DEL REPORTE DIARIO CON ID 73', '2017-11-01 08:32:23'),
('15', 'GENERO UN REPORTE DEL REPORTE DIARIO CON ID 74', '2017-11-01 08:32:28'),
('15', 'GENERO UN REPORTE DEL REPORTE DIARIO CON ID 64', '2017-11-01 08:32:51'),
('15', 'GENERO UN REPORTE DEL REPORTE DIARIO CON ID 65', '2017-11-01 08:32:57'),
('15', 'INGRESO AL SISTEMA', '2017-11-01 11:01:56'),
('15', 'CERRO SESION ', '2017-11-01 11:02:21'),
('15', 'GENERO UN REPORTE DEL REPORTE DIARIO CON ID 72', '2017-11-01 16:06:01'),
('15', 'GENERO UN REPORTE DEL REPORTE DIARIO CON ID 73', '2017-11-01 16:06:06'),
('15', 'GENERO UN REPORTE DEL REPORTE DIARIO CON ID 74', '2017-11-01 16:06:11'),
('15', 'CERRO SESION ', '2017-11-01 17:37:06'),
('18', 'INGRESO AL SISTEMA', '2017-11-02 00:36:45'),
('18', 'AGREGO INFORMACION DE PRODUCCION DEL RPT DIARIO CON ID 74', '2017-11-02 00:38:06'),
('18', 'ACTUALIZO INFORMACION DE PRODUCCION DEL RPT DIARIO CON ID 74', '2017-11-02 00:38:06'),
('18', 'AGREGO INFORMACION DE PRODUCCION DEL RPT DIARIO CON ID 74', '2017-11-02 00:38:54'),
('18', 'ACTUALIZO INFORMACION DE PRODUCCION DEL RPT DIARIO CON ID 74', '2017-11-02 00:38:54'),
('18', 'CERRO SESION ', '2017-11-02 00:39:26'),
('18', 'INGRESO AL SISTEMA', '2017-11-02 03:59:15'),
('18', 'AGREGO UNA NUEVA CARGA AL REPORTE CON ID 74', '2017-11-02 03:59:38'),
('18', 'AGREGO UNA NUEVA CARGA AL REPORTE CON ID 74', '2017-11-02 03:59:42'),
('18', 'AGREGO UNA NUEVA CARGA AL REPORTE CON ID 74', '2017-11-02 03:59:47'),
('18', 'AGREGO UNA NUEVA CARGA AL REPORTE CON ID 74', '2017-11-02 03:59:50'),
('18', 'AGREGO UNA NUEVA CARGA AL REPORTE CON ID 74', '2017-11-02 03:59:56'),
('18', 'AGREGO UNA NUEVA CARGA AL REPORTE CON ID 74', '2017-11-02 04:00:07'),
('18', 'AGREGO UNA NUEVA CARGA AL REPORTE CON ID 74', '2017-11-02 04:00:09'),
('18', 'AGREGO UNA NUEVA CARGA AL REPORTE CON ID 74', '2017-11-02 04:00:12'),
('18', 'AGREGO UNA NUEVA CARGA AL REPORTE CON ID 74', '2017-11-02 04:00:14'),
('18', 'AGREGO UNA NUEVA CARGA AL REPORTE CON ID 74', '2017-11-02 04:00:15'),
('18', 'AGREGO UNA NUEVA CARGA AL REPORTE CON ID 74', '2017-11-02 04:00:21'),
('18', 'AGREGO UNA NUEVA CARGA AL REPORTE CON ID 74', '2017-11-02 04:00:22'),
('18', 'AGREGO UNA NUEVA CARGA AL REPORTE CON ID 74', '2017-11-02 04:00:23'),
('18', 'AGREGO UNA NUEVA CARGA AL REPORTE CON ID 74', '2017-11-02 04:00:24'),
('18', 'AGREGO UNA NUEVA CARGA AL REPORTE CON ID 74', '2017-11-02 04:00:25'),
('18', 'AGREGO UNA NUEVA CARGA AL REPORTE CON ID 74', '2017-11-02 04:00:30'),
('18', 'AGREGO UNA NUEVA CARGA AL REPORTE CON ID 74', '2017-11-02 04:00:31'),
('18', 'AGREGO UNA NUEVA CARGA AL REPORTE CON ID 74', '2017-11-02 04:00:32'),
('18', 'AGREGO UNA NUEVA CARGA AL REPORTE CON ID 74', '2017-11-02 04:00:33'),
('18', 'AGREGO UNA NUEVA CARGA AL REPORTE CON ID 74', '2017-11-02 04:00:34'),
('18', 'AGREGO UN NUEVO REGISTRO DE HORA MOLIENDA AL REPORTE CON ID 74', '2017-11-02 04:00:56'),
('18', 'AGREGO UN NUEVO REGISTRO DE HORA MOLIENDA AL REPORTE CON ID 74', '2017-11-02 04:01:10'),
('18', 'AGREGO UN NUEVO REGISTRO DE HORA MOLIENDA AL REPORTE CON ID 74', '2017-11-02 04:01:23'),
('18', 'AGREGO UN NUEVO REGISTRO DE HORA MOLIENDA AL REPORTE CON ID 74', '2017-11-02 04:01:37'),
('18', 'AGREGO UN NUEVO REGISTRO DE HORA MOLIENDA AL REPORTE CON ID 74', '2017-11-02 04:01:55'),
('18', 'AGREGO INFORMACION DE PRODUCCION DEL RPT DIARIO CON ID 74', '2017-11-02 04:03:16'),
('18', 'ACTUALIZO INFORMACION DE PRODUCCION DEL RPT DIARIO CON ID 74', '2017-11-02 04:03:16'),
('18', 'AGREGO INFORMACION DE PRODUCCION DEL RPT DIARIO CON ID 74', '2017-11-02 04:06:25'),
('18', 'ACTUALIZO INFORMACION DE PRODUCCION DEL RPT DIARIO CON ID 74', '2017-11-02 04:06:25'),
('18', 'CERRO SESION ', '2017-11-02 04:07:04'),
('18', 'INGRESO AL SISTEMA', '2017-11-02 04:17:22'),
('18', 'AGREGO INFORMACION DE PRODUCCION DEL RPT DIARIO CON ID 74', '2017-11-02 04:18:10'),
('18', 'ACTUALIZO INFORMACION DE PRODUCCION DEL RPT DIARIO CON ID 74', '2017-11-02 04:18:10'),
('18', 'AGREGO INFORMACION DE PRODUCCION DEL RPT DIARIO CON ID 74', '2017-11-02 04:19:06'),
('18', 'ACTUALIZO INFORMACION DE PRODUCCION DEL RPT DIARIO CON ID 74', '2017-11-02 04:19:06'),
('18', 'CERRO SESION ', '2017-11-02 04:20:28'),
('18', 'INGRESO AL SISTEMA', '2017-11-02 04:49:43'),
('18', 'AGREGO UNA NUEVA CARGA AL REPORTE CON ID 74', '2017-11-02 04:50:00'),
('18', 'AGREGO UNA NUEVA CARGA AL REPORTE CON ID 74', '2017-11-02 04:50:09'),
('18', 'AGREGO UNA NUEVA CARGA AL REPORTE CON ID 74', '2017-11-02 04:50:15'),
('18', 'AGREGO UNA NUEVA CARGA AL REPORTE CON ID 74', '2017-11-02 04:50:21'),
('18', 'AGREGO UN NUEVO REGISTRO DE HORA MOLIENDA AL REPORTE CON ID 74', '2017-11-02 04:51:00'),
('18', 'AGREGO NUEVO TIEMPO MUERTO AL CONSECUTIVO 1-1859 DEL TURNO 10:00PM-06:00AM', '2017-11-02 04:52:02'),
('18', 'AGREGO NUEVO TIEMPO MUERTO AL CONSECUTIVO 1-1859 DEL TURNO 10:00PM-06:00AM', '2017-11-02 04:52:31'),
('18', 'AGREGO NUEVO TIEMPO MUERTO AL CONSECUTIVO 1-1859 DEL TURNO 10:00PM-06:00AM', '2017-11-02 04:53:18'),
('18', 'AGREGO NUEVO TIEMPO MUERTO AL CONSECUTIVO 1-1859 DEL TURNO 10:00PM-06:00AM', '2017-11-02 04:54:02'),
('18', 'AGREGO NUEVO TIEMPO MUERTO AL CONSECUTIVO 1-1859 DEL TURNO 10:00PM-06:00AM', '2017-11-02 04:54:33'),
('18', 'AGREGO NUEVO TIEMPO MUERTO AL CONSECUTIVO 1-1859 DEL TURNO 10:00PM-06:00AM', '2017-11-02 04:55:38'),
('18', 'CERRO SESION ', '2017-11-02 04:57:49'),
('18', 'INGRESO AL SISTEMA', '2017-11-02 05:27:31'),
('18', 'AGREGO UNA NUEVA CARGA AL REPORTE CON ID 74', '2017-11-02 05:27:55'),
('18', 'AGREGO UNA NUEVA CARGA AL REPORTE CON ID 74', '2017-11-02 05:28:11'),
('18', 'AGREGO UNA NUEVA CARGA AL REPORTE CON ID 74', '2017-11-02 05:28:17'),
('18', 'AGREGO UNA NUEVA CARGA AL REPORTE CON ID 74', '2017-11-02 05:28:24'),
('18', 'CERRO SESION ', '2017-11-02 05:29:00'),
('18', 'INGRESO AL SISTEMA', '2017-11-02 05:29:35'),
('18', 'AGREGO UN NUEVO REGISTRO DE HORA MOLIENDA AL REPORTE CON ID 74', '2017-11-02 05:29:56'),
('18', 'CERRO SESION ', '2017-11-02 05:29:58'),
('18', 'INGRESO AL SISTEMA', '2017-11-02 05:42:44'),
('18', 'AGREGO UN REGISTRO DE INSUMO AL RPT CON ID 74', '2017-11-02 05:43:05'),
('18', 'AGREGO UN REGISTRO DE INSUMO AL RPT CON ID 74', '2017-11-02 05:43:20'),
('18', 'CERRO SESION ', '2017-11-02 05:43:43'),
('18', 'INGRESO AL SISTEMA', '2017-11-02 05:51:39'),
('18', 'AGREGO INFORMACION DE PRODUCCION DEL RPT DIARIO CON ID 74', '2017-11-02 05:52:30'),
('18', 'ACTUALIZO INFORMACION DE PRODUCCION DEL RPT DIARIO CON ID 74', '2017-11-02 05:52:30'),
('18', 'AGREGO INFORMACION DE PRODUCCION DEL RPT DIARIO CON ID 74', '2017-11-02 05:58:09'),
('18', 'ACTUALIZO INFORMACION DE PRODUCCION DEL RPT DIARIO CON ID 74', '2017-11-02 05:58:09'),
('18', 'CERRO SESION ', '2017-11-02 05:59:22'),
('8', 'INGRESO AL SISTEMA', '2017-11-02 11:31:58'),
('8', 'INSERTO ORDEN DE PRODUCCION NUMERO 1862', '2017-11-02 11:32:26'),
('8', 'CAMBIO ESTADO DE LA ORDEN DE PRODUCCION ID71', '2017-11-02 11:32:37'),
('8', 'AGREGO EL CONSECUTIVO NO. 1-1862 DEL TURNO 3', '2017-11-02 11:33:24'),
('8', 'AGREGO EL CONSECUTIVO NO. 1-1862 DEL TURNO 4', '2017-11-02 11:33:46'),
('8', 'AGREGO EL CONSECUTIVO NO. 1-1862 DEL TURNO 5', '2017-11-02 11:34:44'),
('10', 'INGRESO AL SISTEMA', '2017-11-02 13:14:38'),
('10', 'INGRESO AL SISTEMA', '2017-11-02 13:15:32'),
('10', 'CERRO SESION ', '2017-11-02 13:15:37'),
('8', 'INGRESO AL SISTEMA', '2017-11-03 09:23:21'),
('8', 'INSERTO ORDEN DE PRODUCCION NUMERO 1866', '2017-11-03 09:24:47'),
('8', 'CAMBIO ESTADO DE LA ORDEN DE PRODUCCION ID72', '2017-11-03 09:24:54'),
('8', 'AGREGO EL CONSECUTIVO NO. 1-1866 DEL TURNO 3', '2017-11-03 09:26:20'),
('8', 'AGREGO EL CONSECUTIVO NO. 1-1866 DEL TURNO 4', '2017-11-03 09:26:44'),
('8', 'AGREGO EL CONSECUTIVO NO. 1-1866 DEL TURNO 5', '2017-11-03 09:27:03'),
('18', 'INGRESO AL SISTEMA', '2017-11-06 14:36:41'),
('18', 'INGRESO AL SISTEMA', '2017-11-06 14:37:15'),
('18', 'CERRO SESION ', '2017-11-06 14:38:10'),
('15', 'INGRESO AL SISTEMA', '2017-11-06 15:29:21'),
('15', 'GENERO UN REPORTE DEL REPORTE DIARIO CON ID 78', '2017-11-06 15:30:40'),
('15', 'GENERO UN REPORTE DEL REPORTE DIARIO CON ID 79', '2017-11-06 15:30:44'),
('15', 'GENERO UN REPORTE DEL REPORTE DIARIO CON ID 80', '2017-11-06 15:30:49'),
('15', 'CERRO SESION ', '2017-11-06 16:25:35'),
('15', 'INGRESO AL SISTEMA', '2017-11-06 16:54:18'),
('15', 'GENERO UN REPORTE DEL REPORTE DIARIO CON ID 78', '2017-11-06 16:54:33'),
('15', 'GENERO UN REPORTE DEL REPORTE DIARIO CON ID 79', '2017-11-06 16:54:37'),
('15', 'GENERO UN REPORTE DEL REPORTE DIARIO CON ID 80', '2017-11-06 16:54:41'),
('15', 'CERRO SESION ', '2017-11-06 17:02:26'),
('15', 'INGRESO AL SISTEMA', '2017-11-06 17:02:28'),
('15', 'CERRO SESION ', '2017-11-06 17:02:39'),
('15', 'INGRESO AL SISTEMA', '2017-11-06 17:16:14'),
('15', 'CERRO SESION ', '2017-11-06 18:12:43'),
('15', 'INGRESO AL SISTEMA', '2017-11-07 12:04:40'),
('15', 'INGRESO AL SISTEMA', '2017-11-07 13:34:12'),
('15', 'INGRESO AL SISTEMA', '2017-11-07 16:27:55'),
('15', 'GENERO UN REPORTE DEL REPORTE DIARIO CON ID 78', '2017-11-07 16:28:00'),
('15', 'GENERO UN REPORTE DEL REPORTE DIARIO CON ID 79', '2017-11-07 16:28:05'),
('15', 'GENERO UN REPORTE DEL REPORTE DIARIO CON ID 80', '2017-11-07 16:28:08'),
('15', 'GENERO UN REPORTE DEL REPORTE DIARIO CON ID 75', '2017-11-07 16:29:10'),
('15', 'GENERO UN REPORTE DEL REPORTE DIARIO CON ID 76', '2017-11-07 16:29:15'),
('15', 'GENERO UN REPORTE DEL REPORTE DIARIO CON ID 77', '2017-11-07 16:29:20'),
('15', 'GENERO UN REPORTE DEL REPORTE DIARIO CON ID 72', '2017-11-07 16:29:28'),
('15', 'GENERO UN REPORTE DEL REPORTE DIARIO CON ID 73', '2017-11-07 16:29:32'),
('15', 'GENERO UN REPORTE DEL REPORTE DIARIO CON ID 74', '2017-11-07 16:29:37'),
('15', 'GENERO UN REPORTE DEL REPORTE DIARIO CON ID 69', '2017-11-07 16:32:44'),
('15', 'GENERO UN REPORTE DEL REPORTE DIARIO CON ID 70', '2017-11-07 16:32:48'),
('15', 'GENERO UN REPORTE DEL REPORTE DIARIO CON ID 71', '2017-11-07 16:32:52'),
('15', 'GENERO UN REPORTE DEL REPORTE DIARIO CON ID 66', '2017-11-07 16:33:06'),
('15', 'GENERO UN REPORTE DEL REPORTE DIARIO CON ID 67', '2017-11-07 16:33:13'),
('15', 'GENERO UN REPORTE DEL REPORTE DIARIO CON ID 68', '2017-11-07 16:33:19'),
('15', 'CERRO SESION ', '2017-11-07 18:17:04'),
('18', 'INGRESO AL SISTEMA', '2017-11-07 18:42:05'),
('15', 'INGRESO AL SISTEMA', '2017-11-08 10:13:47'),
('15', 'CERRO SESION ', '2017-11-08 10:43:02'),
('18', 'INGRESO AL SISTEMA', '2017-11-08 15:41:24'),
('15', 'INGRESO AL SISTEMA', '2017-11-08 16:42:31'),
('15', 'CERRO SESION ', '2017-11-08 16:42:36'),
('15', 'INGRESO AL SISTEMA', '2017-11-08 17:11:06'),
('15', 'CERRO SESION ', '2017-11-08 18:06:32'),
('18', 'INGRESO AL SISTEMA', '2017-11-08 20:05:18'),
('18', 'CERRO SESION ', '2017-11-08 20:05:24'),
('15', 'INGRESO AL SISTEMA', '2017-11-09 08:26:41'),
('8', 'INGRESO AL SISTEMA', '2017-11-09 10:36:08'),
('8', 'INSERTO ORDEN DE PRODUCCION NUMERO 1884', '2017-11-09 10:36:50'),
('8', 'CAMBIO ESTADO DE LA ORDEN DE PRODUCCION ID73', '2017-11-09 10:37:06'),
('8', 'AGREGO EL CONSECUTIVO NO. 1-1884 DEL TURNO 3', '2017-11-09 10:37:47'),
('8', 'AGREGO EL CONSECUTIVO NO. 1-1884 DEL TURNO 4', '2017-11-09 10:38:18'),
('8', 'AGREGO EL CONSECUTIVO NO. 1-1884 DEL TURNO 5', '2017-11-09 10:38:52'),
('8', 'CERRO SESION ', '2017-11-09 10:39:23'),
('8', 'INGRESO AL SISTEMA', '2017-11-09 10:43:03'),
('8', 'INGRESO AL SISTEMA', '2017-11-09 10:53:23'),
('8', 'INSERTO ORDEN DE PRODUCCION NUMERO 1889', '2017-11-09 10:53:52'),
('8', 'CAMBIO ESTADO DE LA ORDEN DE PRODUCCION ID74', '2017-11-09 10:53:58'),
('8', 'AGREGO EL CONSECUTIVO NO. 1-1889 DEL TURNO 3', '2017-11-09 10:55:26'),
('8', 'AGREGO EL CONSECUTIVO NO. 1-1889 DEL TURNO 4', '2017-11-09 10:56:41'),
('8', 'AGREGO EL CONSECUTIVO NO. 1-1889 DEL TURNO 5', '2017-11-09 10:57:04'),
('15', 'GENERO UN REPORTE DEL REPORTE DIARIO CON ID 84', '2017-11-09 16:43:38'),
('15', 'GENERO UN REPORTE DEL REPORTE DIARIO CON ID 85', '2017-11-09 16:43:43'),
('15', 'GENERO UN REPORTE DEL REPORTE DIARIO CON ID 86', '2017-11-09 16:43:48'),
('15', 'GENERO UN REPORTE DEL REPORTE DIARIO CON ID 81', '2017-11-09 16:44:35'),
('15', 'GENERO UN REPORTE DEL REPORTE DIARIO CON ID 82', '2017-11-09 16:44:40'),
('15', 'GENERO UN REPORTE DEL REPORTE DIARIO CON ID 83', '2017-11-09 16:44:46'),
('15', 'GENERO UN REPORTE DEL REPORTE DIARIO CON ID 84', '2017-11-09 17:50:36'),
('15', 'GENERO UN REPORTE DEL REPORTE DIARIO CON ID 85', '2017-11-09 17:50:40'),
('15', 'GENERO UN REPORTE DEL REPORTE DIARIO CON ID 86', '2017-11-09 17:50:45'),
('15', 'CERRO SESION ', '2017-11-09 18:23:32'),
('8', 'INGRESO AL SISTEMA', '2017-11-10 10:09:18'),
('8', 'INSERTO ORDEN DE PRODUCCION NUMERO 1893', '2017-11-10 10:10:02'),
('8', 'AGREGO EL CONSECUTIVO NO. 1-1893 DEL TURNO 3', '2017-11-10 10:11:26'),
('8', 'AGREGO EL CONSECUTIVO NO. 1-1893 DEL TURNO 4', '2017-11-10 10:11:50'),
('8', 'AGREGO EL CONSECUTIVO NO. 1-1893 DEL TURNO 5', '2017-11-10 10:12:08'),
('19', 'INGRESO AL SISTEMA', '2017-11-10 13:39:07'),
('19', 'CERRO SESION ', '2017-11-10 13:39:11'),
('19', 'INGRESO AL SISTEMA', '2017-11-10 13:40:15'),
('19', 'CERRO SESION ', '2017-11-10 13:40:18'),
('19', 'INGRESO AL SISTEMA', '2017-11-10 13:40:25'),
('19', 'CERRO SESION ', '2017-11-10 13:41:01'),
('19', 'INGRESO AL SISTEMA', '2017-11-10 13:49:58'),
('19', 'CERRO SESION ', '2017-11-10 13:50:04'),
('19', 'INGRESO AL SISTEMA', '2017-11-10 13:55:15'),
('19', 'CERRO SESION ', '2017-11-10 13:56:20'),
('18', 'INGRESO AL SISTEMA', '2017-11-10 13:56:34'),
('18', 'CERRO SESION ', '2017-11-10 13:56:40'),
('15', 'INGRESO AL SISTEMA', '2017-11-10 15:28:39'),
('15', 'GENERO UN REPORTE DEL REPORTE DIARIO CON ID 87', '2017-11-10 15:28:46'),
('15', 'GENERO UN REPORTE DEL REPORTE DIARIO CON ID 88', '2017-11-10 15:28:51'),
('15', 'GENERO UN REPORTE DEL REPORTE DIARIO CON ID 89', '2017-11-10 15:28:55'),
('18', 'INGRESO AL SISTEMA', '2017-11-10 16:50:21'),
('18', 'AGREGO INFORMACION DE PRODUCCION DEL RPT DIARIO CON ID 88', '2017-11-10 16:51:41'),
('18', 'ACTUALIZO INFORMACION DE PRODUCCION DEL RPT DIARIO CON ID 88', '2017-11-10 16:51:41'),
('18', 'ELIMINO UN REGISTRO DE PRODUCCION DEL RPT CON ID 88', '2017-11-10 16:52:19'),
('18', 'AGREGO INFORMACION DE PRODUCCION DEL RPT DIARIO CON ID 88', '2017-11-10 16:54:03'),
('18', 'ACTUALIZO INFORMACION DE PRODUCCION DEL RPT DIARIO CON ID 88', '2017-11-10 16:54:03'),
('18', 'AGREGO INFORMACION DE PRODUCCION DEL RPT DIARIO CON ID 88', '2017-11-10 16:54:40'),
('18', 'ACTUALIZO INFORMACION DE PRODUCCION DEL RPT DIARIO CON ID 88', '2017-11-10 16:54:40'),
('15', 'GENERO UN REPORTE DEL REPORTE DIARIO CON ID 87', '2017-11-10 17:03:23'),
('15', 'GENERO UN REPORTE DEL REPORTE DIARIO CON ID 88', '2017-11-10 17:03:27'),
('15', 'GENERO UN REPORTE DEL REPORTE DIARIO CON ID 89', '2017-11-10 17:03:38'),
('15', 'CERRO SESION ', '2017-11-10 17:03:48'),
('18', 'CERRO SESION ', '2017-11-10 17:08:28'),
('18', 'INGRESO AL SISTEMA', '2017-11-10 18:20:15'),
('18', 'AGREGO INFORMACION DE PRODUCCION DEL RPT DIARIO CON ID 88', '2017-11-10 18:21:15'),
('18', 'ACTUALIZO INFORMACION DE PRODUCCION DEL RPT DIARIO CON ID 88', '2017-11-10 18:21:15'),
('18', 'AGREGO INFORMACION DE PRODUCCION DEL RPT DIARIO CON ID 88', '2017-11-10 18:21:54'),
('18', 'ACTUALIZO INFORMACION DE PRODUCCION DEL RPT DIARIO CON ID 88', '2017-11-10 18:21:54'),
('18', 'CERRO SESION ', '2017-11-10 18:22:42'),
('18', 'INGRESO AL SISTEMA', '2017-11-10 18:37:13'),
('18', 'AGREGO UNA NUEVA CARGA AL REPORTE CON ID 88', '2017-11-10 18:37:42'),
('18', 'AGREGO UNA NUEVA CARGA AL REPORTE CON ID 88', '2017-11-10 18:37:46'),
('18', 'AGREGO UNA NUEVA CARGA AL REPORTE CON ID 88', '2017-11-10 18:37:51'),
('18', 'AGREGO UNA NUEVA CARGA AL REPORTE CON ID 88', '2017-11-10 18:37:55'),
('18', 'AGREGO UNA NUEVA CARGA AL REPORTE CON ID 88', '2017-11-10 18:37:58'),
('18', 'AGREGO UNA NUEVA CARGA AL REPORTE CON ID 88', '2017-11-10 18:38:15'),
('18', 'AGREGO UNA NUEVA CARGA AL REPORTE CON ID 88', '2017-11-10 18:38:19'),
('18', 'AGREGO UNA NUEVA CARGA AL REPORTE CON ID 88', '2017-11-10 18:38:21'),
('18', 'AGREGO UNA NUEVA CARGA AL REPORTE CON ID 88', '2017-11-10 18:38:23'),
('18', 'AGREGO UNA NUEVA CARGA AL REPORTE CON ID 88', '2017-11-10 18:38:25'),
('18', 'AGREGO UNA NUEVA CARGA AL REPORTE CON ID 88', '2017-11-10 18:39:28'),
('18', 'AGREGO UNA NUEVA CARGA AL REPORTE CON ID 88', '2017-11-10 18:39:29'),
('18', 'AGREGO UNA NUEVA CARGA AL REPORTE CON ID 88', '2017-11-10 18:39:30'),
('18', 'AGREGO UNA NUEVA CARGA AL REPORTE CON ID 88', '2017-11-10 18:39:31'),
('18', 'AGREGO UNA NUEVA CARGA AL REPORTE CON ID 88', '2017-11-10 18:39:32'),
('18', 'AGREGO UN NUEVO REGISTRO DE HORA MOLIENDA AL REPORTE CON ID 88', '2017-11-10 18:40:07'),
('18', 'AGREGO UN NUEVO REGISTRO DE HORA MOLIENDA AL REPORTE CON ID 88', '2017-11-10 18:40:18'),
('18', 'AGREGO UN NUEVO REGISTRO DE HORA MOLIENDA AL REPORTE CON ID 88', '2017-11-10 18:40:28'),
('18', 'AGREGO UN NUEVO REGISTRO DE HORA MOLIENDA AL REPORTE CON ID 88', '2017-11-10 18:40:39'),
('18', 'AGREGO UN NUEVO REGISTRO DE HORA MOLIENDA AL REPORTE CON ID 88', '2017-11-10 18:40:49'),
('18', 'AGREGO NUEVO TIEMPO MUERTO AL CONSECUTIVO 1-1893 DEL TURNO 02:00PM-10:00PM', '2017-11-10 18:41:47'),
('18', 'AGREGO NUEVO TIEMPO MUERTO AL CONSECUTIVO 1-1893 DEL TURNO 02:00PM-10:00PM', '2017-11-10 18:42:19'),
('18', 'AGREGO NUEVO TIEMPO MUERTO AL CONSECUTIVO 1-1893 DEL TURNO 02:00PM-10:00PM', '2017-11-10 18:43:14'),
('18', 'AGREGO NUEVO TIEMPO MUERTO AL CONSECUTIVO 1-1893 DEL TURNO 02:00PM-10:00PM', '2017-11-10 18:43:37'),
('18', 'CERRO SESION ', '2017-11-10 18:43:52'),
('18', 'INGRESO AL SISTEMA', '2017-11-10 20:14:57'),
('18', 'AGREGO UNA NUEVA CARGA AL REPORTE CON ID 88', '2017-11-10 20:15:30'),
('18', 'AGREGO UNA NUEVA CARGA AL REPORTE CON ID 88', '2017-11-10 20:15:35'),
('18', 'AGREGO UNA NUEVA CARGA AL REPORTE CON ID 88', '2017-11-10 20:15:41'),
('18', 'CERRO SESION ', '2017-11-10 20:15:49'),
('18', 'INGRESO AL SISTEMA', '2017-11-10 21:10:48'),
('18', 'AGREGO INFORMACION DE PRODUCCION DEL RPT DIARIO CON ID 88', '2017-11-10 21:13:10'),
('18', 'ACTUALIZO INFORMACION DE PRODUCCION DEL RPT DIARIO CON ID 88', '2017-11-10 21:13:10'),
('18', 'AGREGO INFORMACION DE PRODUCCION DEL RPT DIARIO CON ID 88', '2017-11-10 21:14:11'),
('18', 'ACTUALIZO INFORMACION DE PRODUCCION DEL RPT DIARIO CON ID 88', '2017-11-10 21:14:12'),
('18', 'AGREGO UNA NUEVA CARGA AL REPORTE CON ID 88', '2017-11-10 21:16:55'),
('18', 'AGREGO UNA NUEVA CARGA AL REPORTE CON ID 88', '2017-11-10 21:17:03'),
('18', 'AGREGO UNA NUEVA CARGA AL REPORTE CON ID 88', '2017-11-10 21:17:08'),
('18', 'AGREGO UN NUEVO REGISTRO DE HORA MOLIENDA AL REPORTE CON ID 88', '2017-11-10 21:17:26'),
('18', 'AGREGO UN REGISTRO DE INSUMO AL RPT CON ID 88', '2017-11-10 21:18:07'),
('18', 'CERRO SESION ', '2017-11-10 21:33:12'),
('18', 'INGRESO AL SISTEMA', '2017-11-10 21:34:57'),
('18', 'AGREGO UN REGISTRO DE INSUMO AL RPT CON ID 88', '2017-11-10 21:36:14'),
('18', 'CERRO SESION ', '2017-11-10 21:36:35'),
('15', 'INGRESO AL SISTEMA', '2017-11-13 07:55:18'),
('15', 'GENERO UN REPORTE DEL REPORTE DIARIO CON ID 87', '2017-11-13 07:55:42'),
('15', 'GENERO UN REPORTE DEL REPORTE DIARIO CON ID 88', '2017-11-13 07:55:47'),
('15', 'GENERO UN REPORTE DEL REPORTE DIARIO CON ID 89', '2017-11-13 07:56:03'),
('15', 'INGRESO AL SISTEMA', '2017-11-13 08:18:20'),
('15', 'GENERO UN REPORTE DEL REPORTE DIARIO CON ID 88', '2017-11-13 08:26:32'),
('15', 'CERRO SESION ', '2017-11-13 18:20:09'),
('15', 'INGRESO AL SISTEMA', '2017-11-14 08:11:56'),
('15', 'CERRO SESION ', '2017-11-14 18:08:03'),
('15', 'INGRESO AL SISTEMA', '2017-11-15 08:16:07'),
('15', 'INGRESO AL SISTEMA', '2017-11-15 16:50:29'),
('15', 'CERRO SESION ', '2017-11-15 18:05:42'),
('28', 'INGRESO AL SISTEMA', '2017-11-16 14:25:47'),
('28', 'GENERO UN REPORTE DEL REPORTE DIARIO CON ID 87', '2017-11-16 14:26:24'),
('28', 'GENERO UN REPORTE DEL REPORTE DIARIO CON ID 87', '2017-11-16 14:26:25'),
('28', 'GENERO UN REPORTE DEL REPORTE DIARIO CON ID 87', '2017-11-16 14:26:34'),
('28', 'GENERO UN REPORTE DEL REPORTE DIARIO CON ID 87', '2017-11-16 14:26:36'),
('28', 'CERRO SESION ', '2017-11-16 14:27:22'),
('16', 'INGRESO AL SISTEMA', '2017-11-16 17:28:38'),
('16', 'CERRO SESION ', '2017-11-16 17:28:44'),
('16', 'INGRESO AL SISTEMA', '2017-11-17 14:40:59'),
('16', 'CERRO SESION ', '2017-11-17 14:42:22'),
('16', 'INGRESO AL SISTEMA', '2017-11-17 14:42:36'),
('16', 'INGRESO AL SISTEMA', '2017-11-17 14:43:20'),
('16', 'GENERO UN REPORTE DEL REPORTE DIARIO CON ID 87', '2017-11-17 14:45:14'),
('16', 'GENERO UN REPORTE DEL REPORTE DIARIO CON ID 88', '2017-11-17 14:45:24'),
('16', 'GENERO UN REPORTE DEL REPORTE DIARIO CON ID 89', '2017-11-17 14:45:34'),
('16', 'CERRO SESION ', '2017-11-17 14:50:51'),
('8', 'INGRESO AL SISTEMA', '2017-11-17 15:06:42'),
('8', 'CAMBIO ESTADO DE LA ORDEN DE PRODUCCION ID76', '2017-11-17 15:07:11'),
('8', 'INSERTO ORDEN DE PRODUCCION NUMERO 1914', '2017-11-17 15:07:54'),
('8', 'AGREGO EL CONSECUTIVO NO. 1-1914 DEL TURNO 3', '2017-11-17 15:08:53'),
('8', 'AGREGO EL CONSECUTIVO NO. 1-1914 DEL TURNO 4', '2017-11-17 15:09:25'),
('8', 'AGREGO EL CONSECUTIVO NO. 1-1914 DEL TURNO 5', '2017-11-17 15:10:05'),
('16', 'INGRESO AL SISTEMA', '2017-11-17 15:15:34'),
('8', 'INGRESO AL SISTEMA', '2017-11-17 15:25:03'),
('8', 'GENERO UN REPORTE DE CONTROL PISO DEL CONSECUTIVO 1-1893', '2017-11-17 15:39:26'),
('8', 'GENERO UN REPORTE DEL REPORTE DIARIO CON ID 87', '2017-11-17 15:39:53'),
('8', 'GENERO UN REPORTE DEL REPORTE DIARIO CON ID 88', '2017-11-17 15:40:33'),
('8', 'GENERO UN REPORTE DEL REPORTE DIARIO CON ID 89', '2017-11-17 15:41:04'),
('16', 'CERRO SESION ', '2017-11-17 16:33:02'),
('15', 'INGRESO AL SISTEMA', '2017-11-20 10:51:21'),
('15', 'INSERTO ORDEN DE PRODUCCION NUMERO 9898', '2017-11-20 10:51:46'),
('15', 'CERRO SESION ', '2017-11-20 11:11:33'),
('15', 'INGRESO AL SISTEMA', '2017-11-20 14:24:19'),
('15', 'GENERO UN REPORTE DEL REPORTE DIARIO CON ID 90', '2017-11-20 14:24:34'),
('15', 'GENERO UN REPORTE DEL REPORTE DIARIO CON ID 91', '2017-11-20 14:24:39'),
('15', 'GENERO UN REPORTE DEL REPORTE DIARIO CON ID 92', '2017-11-20 14:24:44'),
('15', 'CERRO SESION ', '2017-11-20 14:25:37'),
('8', 'INGRESO AL SISTEMA', '2017-11-20 16:27:14'),
('8', 'INSERTO ORDEN DE PRODUCCION NUMERO 1918', '2017-11-20 16:27:54'),
('8', 'AGREGO EL CONSECUTIVO NO. 1-1918 DEL TURNO 3', '2017-11-20 16:28:47'),
('8', 'AGREGO EL CONSECUTIVO NO. 1-1918 DEL TURNO 4', '2017-11-20 16:29:04'),
('8', 'AGREGO EL CONSECUTIVO NO. 1-1918 DEL TURNO 5', '2017-11-20 16:29:22'),
('8', 'INSERTO ORDEN DE PRODUCCION NUMERO 1921', '2017-11-20 16:29:57'),
('8', 'AGREGO EL CONSECUTIVO NO. 1-1921 DEL TURNO 3', '2017-11-20 16:30:53'),
('8', 'AGREGO EL CONSECUTIVO NO. 1-1921 DEL TURNO 4', '2017-11-20 16:31:13'),
('8', 'AGREGO EL CONSECUTIVO NO. 1-1921 DEL TURNO 5', '2017-11-20 16:31:33'),
('8', 'INSERTO ORDEN DE PRODUCCION NUMERO 1928', '2017-11-20 16:32:14'),
('8', 'AGREGO EL CONSECUTIVO NO. 1-1928 DEL TURNO 3', '2017-11-20 16:32:46'),
('8', 'AGREGO EL CONSECUTIVO NO. 1-1928 DEL TURNO 4', '2017-11-20 16:33:06'),
('8', 'AGREGO EL CONSECUTIVO NO. 1-1928 DEL TURNO 5', '2017-11-20 16:33:53'),
('8', 'INGRESO AL SISTEMA', '2017-11-21 09:09:22'),
('8', 'CERRO SESION ', '2017-11-21 09:10:52'),
('8', 'INGRESO AL SISTEMA', '2017-11-21 09:14:07'),
('8', 'INGRESO AL SISTEMA', '2017-11-21 09:17:23'),
('8', 'GUARDO USUARIO CMALTEZ CON ROL 4', '2017-11-21 09:21:22'),
('8', 'CAMBIO ESTADO DE USUARIO 19', '2017-11-21 09:21:54'),
('8', 'CERRO SESION ', '2017-11-21 09:23:06'),
('30', 'INGRESO AL SISTEMA', '2017-11-21 09:23:36'),
('30', 'CERRO SESION ', '2017-11-21 09:25:15'),
('18', 'INGRESO AL SISTEMA', '2017-11-21 09:25:35'),
('18', 'CERRO SESION ', '2017-11-21 09:25:57'),
('8', 'INGRESO AL SISTEMA', '2017-11-21 09:26:16'),
('8', 'ELIMINO EL REPORTE DIARIO NO. 1-1928 DEL TURNO Mixto', '2017-11-21 09:26:34'),
('8', 'AGREGO EL CONSECUTIVO NO. 1-1928 DEL TURNO 4', '2017-11-21 09:27:13'),
('8', 'CERRO SESION ', '2017-11-21 09:27:19'),
('30', 'INGRESO AL SISTEMA', '2017-11-21 09:27:32'),
('30', 'AGREGO INFORMACION DE PRODUCCION DEL RPT DIARIO CON ID 102', '2017-11-21 09:29:50'),
('30', 'ACTUALIZO INFORMACION DE PRODUCCION DEL RPT DIARIO CON ID 102', '2017-11-21 09:29:50'),
('30', 'AGREGO INFORMACION DE PRODUCCION DEL RPT DIARIO CON ID 102', '2017-11-21 09:30:59'),
('30', 'ACTUALIZO INFORMACION DE PRODUCCION DEL RPT DIARIO CON ID 102', '2017-11-21 09:30:59'),
('30', 'AGREGO INFORMACION DE PRODUCCION DEL RPT DIARIO CON ID 102', '2017-11-21 09:34:13'),
('30', 'ACTUALIZO INFORMACION DE PRODUCCION DEL RPT DIARIO CON ID 102', '2017-11-21 09:34:13'),
('30', 'AGREGO INFORMACION DE PRODUCCION DEL RPT DIARIO CON ID 102', '2017-11-21 09:35:32'),
('30', 'ACTUALIZO INFORMACION DE PRODUCCION DEL RPT DIARIO CON ID 102', '2017-11-21 09:35:32'),
('30', 'AGREGO NUEVO TIEMPO MUERTO AL CONSECUTIVO 1-1928 DEL TURNO 02:00PM-10:00PM', '2017-11-21 09:37:35'),
('30', 'AGREGO NUEVO TIEMPO MUERTO AL CONSECUTIVO 1-1928 DEL TURNO 02:00PM-10:00PM', '2017-11-21 09:39:10'),
('30', 'AGREGO NUEVO TIEMPO MUERTO AL CONSECUTIVO 1-1928 DEL TURNO 02:00PM-10:00PM', '2017-11-21 09:41:22'),
('30', 'AGREGO NUEVO TIEMPO MUERTO AL CONSECUTIVO 1-1928 DEL TURNO 02:00PM-10:00PM', '2017-11-21 09:42:24'),
('30', 'AGREGO UNA NUEVA CARGA AL REPORTE CON ID 102', '2017-11-21 09:42:56'),
('30', 'AGREGO UNA NUEVA CARGA AL REPORTE CON ID 102', '2017-11-21 09:44:01'),
('30', 'AGREGO UNA NUEVA CARGA AL REPORTE CON ID 102', '2017-11-21 09:44:48'),
('30', 'AGREGO UNA NUEVA CARGA AL REPORTE CON ID 102', '2017-11-21 09:45:06'),
('30', 'AGREGO UNA NUEVA CARGA AL REPORTE CON ID 102', '2017-11-21 09:48:04'),
('30', 'AGREGO UNA NUEVA CARGA AL REPORTE CON ID 102', '2017-11-21 09:48:48'),
('30', 'AGREGO UNA NUEVA CARGA AL REPORTE CON ID 102', '2017-11-21 09:49:16'),
('30', 'AGREGO UN REGISTRO DE INSUMO AL RPT CON ID 102', '2017-11-21 10:28:19'),
('30', 'AGREGO UN REGISTRO DE INSUMO AL RPT CON ID 102', '2017-11-21 10:29:05'),
('30', 'AGREGO UN REGISTRO DE INSUMO AL RPT CON ID 102', '2017-11-21 10:29:23'),
('30', 'ELIMINO UN REGISTRO DE INSUMO DEL RPT CON ID 102', '2017-11-21 10:29:33'),
('30', 'AGREGO UNA NUEVA CARGA AL REPORTE CON ID 102', '2017-11-21 10:33:43'),
('30', 'AGREGO UNA NUEVA CARGA AL REPORTE CON ID 102', '2017-11-21 10:33:57'),
('30', 'AGREGO UN NUEVO REGISTRO DE HORA MOLIENDA AL REPORTE CON ID 102', '2017-11-21 10:34:35'),
('30', 'AGREGO UN NUEVO REGISTRO DE HORA MOLIENDA AL REPORTE CON ID 102', '2017-11-21 10:35:28'),
('30', 'AGREGO UN NUEVO REGISTRO DE HORA MOLIENDA AL REPORTE CON ID 102', '2017-11-21 10:36:49'),
('30', 'CERRO SESION ', '2017-11-21 10:37:32'),
('18', 'INGRESO AL SISTEMA', '2017-11-21 10:43:49'),
('18', 'AGREGO INFORMACION DE PRODUCCION DEL RPT DIARIO CON ID 101', '2017-11-21 10:46:32'),
('18', 'ACTUALIZO INFORMACION DE PRODUCCION DEL RPT DIARIO CON ID 101', '2017-11-21 10:46:32'),
('18', 'AGREGO NUEVO TIEMPO MUERTO AL CONSECUTIVO 1-1928 DEL TURNO 10:00PM-06:00AM', '2017-11-21 10:48:04'),
('18', 'AGREGO NUEVO TIEMPO MUERTO AL CONSECUTIVO 1-1928 DEL TURNO 10:00PM-06:00AM', '2017-11-21 10:50:17'),
('18', 'AGREGO UNA NUEVA CARGA AL REPORTE CON ID 101', '2017-11-21 10:50:46'),
('18', 'AGREGO UNA NUEVA CARGA AL REPORTE CON ID 101', '2017-11-21 10:51:06'),
('18', 'AGREGO UNA NUEVA CARGA AL REPORTE CON ID 101', '2017-11-21 10:52:26'),
('18', 'AGREGO UNA NUEVA CARGA AL REPORTE CON ID 101', '2017-11-21 10:53:13'),
('18', 'AGREGO UNA NUEVA CARGA AL REPORTE CON ID 101', '2017-11-21 10:53:28'),
('18', 'AGREGO UNA NUEVA CARGA AL REPORTE CON ID 101', '2017-11-21 10:53:40'),
('18', 'AGREGO UN REGISTRO DE PASTA DEL TANQUE CON ID 2 AL RPT CON ID 101', '2017-11-21 10:54:30'),
('18', 'AGREGO UN REGISTRO DE PASTA DEL TANQUE CON ID 3 AL RPT CON ID 101', '2017-11-21 10:54:46'),
('18', 'AGREGO UN REGISTRO DE PASTA DEL TANQUE CON ID 4 AL RPT CON ID 101', '2017-11-21 10:55:03'),
('18', 'AGREGO UN REGISTRO DE PASTA DEL TANQUE CON ID 5 AL RPT CON ID 101', '2017-11-21 10:55:17'),
('18', 'AGREGO UN REGISTRO DE PASTA DEL TANQUE CON ID 6 AL RPT CON ID 101', '2017-11-21 10:55:30'),
('18', 'AGREGO UN REGISTRO DE INSUMO AL RPT CON ID 101', '2017-11-21 10:56:07'),
('18', 'CERRO SESION ', '2017-11-21 10:59:00'),
('10', 'INGRESO AL SISTEMA', '2017-11-21 11:00:04'),
('10', 'AGREGO INFORMACION DE PRODUCCION DEL RPT DIARIO CON ID 99', '2017-11-21 11:02:29'),
('10', 'ACTUALIZO INFORMACION DE PRODUCCION DEL RPT DIARIO CON ID 99', '2017-11-21 11:02:29'),
('10', 'AGREGO INFORMACION DE PRODUCCION DEL RPT DIARIO CON ID 99', '2017-11-21 11:03:47'),
('10', 'ACTUALIZO INFORMACION DE PRODUCCION DEL RPT DIARIO CON ID 99', '2017-11-21 11:03:47'),
('10', 'AGREGO INFORMACION DE PRODUCCION DEL RPT DIARIO CON ID 99', '2017-11-21 11:05:32'),
('10', 'ACTUALIZO INFORMACION DE PRODUCCION DEL RPT DIARIO CON ID 99', '2017-11-21 11:05:32'),
('10', 'AGREGO NUEVO TIEMPO MUERTO AL CONSECUTIVO 1-1928 DEL TURNO 06:00AM-02:00PM', '2017-11-21 11:15:02'),
('10', 'AGREGO NUEVO TIEMPO MUERTO AL CONSECUTIVO 1-1928 DEL TURNO 06:00AM-02:00PM', '2017-11-21 11:15:55'),
('10', 'AGREGO NUEVO TIEMPO MUERTO AL CONSECUTIVO 1-1928 DEL TURNO 06:00AM-02:00PM', '2017-11-21 11:16:34'),
('10', 'AGREGO NUEVO TIEMPO MUERTO AL CONSECUTIVO 1-1928 DEL TURNO 06:00AM-02:00PM', '2017-11-21 11:17:20'),
('10', 'AGREGO UNA NUEVA CARGA AL REPORTE CON ID 99', '2017-11-21 11:17:51'),
('10', 'AGREGO UNA NUEVA CARGA AL REPORTE CON ID 99', '2017-11-21 11:18:07'),
('10', 'AGREGO UNA NUEVA CARGA AL REPORTE CON ID 99', '2017-11-21 11:18:20'),
('10', 'AGREGO UNA NUEVA CARGA AL REPORTE CON ID 99', '2017-11-21 11:18:33'),
('10', 'AGREGO UNA NUEVA CARGA AL REPORTE CON ID 99', '2017-11-21 11:18:50'),
('10', 'AGREGO UNA NUEVA CARGA AL REPORTE CON ID 99', '2017-11-21 11:19:00'),
('10', 'AGREGO UN REGISTRO DE INSUMO AL RPT CON ID 99', '2017-11-21 11:20:00'),
('10', 'AGREGO UN REGISTRO DE INSUMO AL RPT CON ID 99', '2017-11-21 11:20:34'),
('10', 'CERRO SESION ', '2017-11-21 11:21:02'),
('8', 'INGRESO AL SISTEMA', '2017-11-21 11:21:26'),
('8', 'CAMBIO EL ESTADO AL REPORTE CON ID 99', '2017-11-21 11:30:10'),
('8', 'CAMBIO EL ESTADO AL REPORTE CON ID 101', '2017-11-21 11:30:15'),
('8', 'CAMBIO EL ESTADO AL REPORTE CON ID 102', '2017-11-21 11:30:21'),
('8', 'INSERTO ORDEN DE PRODUCCION NUMERO 1935', '2017-11-21 11:35:15'),
('8', 'AGREGO EL CONSECUTIVO NO. 1-1935 DEL TURNO 3', '2017-11-21 11:36:01'),
('8', 'AGREGO EL CONSECUTIVO NO. 1-1935 DEL TURNO 4', '2017-11-21 11:36:19'),
('8', 'AGREGO EL CONSECUTIVO NO. 1-1935 DEL TURNO 5', '2017-11-21 11:36:41'),
('8', 'CERRO SESION ', '2017-11-21 11:36:55'),
('15', 'INGRESO AL SISTEMA', '2017-11-22 17:11:30'),
('15', 'GENERO UN REPORTE DEL REPORTE DIARIO CON ID 103', '2017-11-22 17:11:38'),
('15', 'GENERO UN REPORTE DEL REPORTE DIARIO CON ID 104', '2017-11-22 17:11:42'),
('15', 'GENERO UN REPORTE DEL REPORTE DIARIO CON ID 105', '2017-11-22 17:11:46'),
('15', 'GENERO UN REPORTE DEL REPORTE DIARIO CON ID 103', '2017-11-22 18:08:27'),
('15', 'GENERO UN REPORTE DEL REPORTE DIARIO CON ID 104', '2017-11-22 18:08:34'),
('15', 'CERRO SESION ', '2017-11-22 18:08:40'),
('18', 'INGRESO AL SISTEMA', '2017-11-23 00:24:49'),
('18', 'CERRO SESION ', '2017-11-23 00:25:00'),
('8', 'INGRESO AL SISTEMA', '2017-11-23 10:24:59'),
('8', 'INSERTO ORDEN DE PRODUCCION NUMERO 1943', '2017-11-23 10:25:42'),
('8', 'AGREGO EL CONSECUTIVO NO. 1-1943 DEL TURNO 3', '2017-11-23 10:26:33'),
('8', 'AGREGO EL CONSECUTIVO NO. 1-1943 DEL TURNO 4', '2017-11-23 10:27:03'),
('8', 'AGREGO EL CONSECUTIVO NO. 1-1943 DEL TURNO 5', '2017-11-23 10:27:25'),
('8', 'CERRO SESION ', '2017-11-23 10:27:46'),
('10', 'INGRESO AL SISTEMA', '2017-11-23 10:28:24'),
('10', 'AGREGO INFORMACION DE PRODUCCION DEL RPT DIARIO CON ID 106', '2017-11-23 10:29:28'),
('10', 'ACTUALIZO INFORMACION DE PRODUCCION DEL RPT DIARIO CON ID 106', '2017-11-23 10:29:28'),
('10', 'AGREGO INFORMACION DE PRODUCCION DEL RPT DIARIO CON ID 106', '2017-11-23 10:30:24'),
('10', 'ACTUALIZO INFORMACION DE PRODUCCION DEL RPT DIARIO CON ID 106', '2017-11-23 10:30:24'),
('10', 'AGREGO INFORMACION DE PRODUCCION DEL RPT DIARIO CON ID 106', '2017-11-23 10:31:44'),
('10', 'ACTUALIZO INFORMACION DE PRODUCCION DEL RPT DIARIO CON ID 106', '2017-11-23 10:31:44'),
('10', 'AGREGO INFORMACION DE PRODUCCION DEL RPT DIARIO CON ID 106', '2017-11-23 10:32:31'),
('10', 'ACTUALIZO INFORMACION DE PRODUCCION DEL RPT DIARIO CON ID 106', '2017-11-23 10:32:31'),
('10', 'AGREGO INFORMACION DE PRODUCCION DEL RPT DIARIO CON ID 106', '2017-11-23 10:33:23'),
('10', 'ACTUALIZO INFORMACION DE PRODUCCION DEL RPT DIARIO CON ID 106', '2017-11-23 10:33:23'),
('10', 'AGREGO INFORMACION DE PRODUCCION DEL RPT DIARIO CON ID 106', '2017-11-23 10:34:45'),
('10', 'ACTUALIZO INFORMACION DE PRODUCCION DEL RPT DIARIO CON ID 106', '2017-11-23 10:34:45'),
('10', 'AGREGO INFORMACION DE PRODUCCION DEL RPT DIARIO CON ID 106', '2017-11-23 10:35:31'),
('10', 'ACTUALIZO INFORMACION DE PRODUCCION DEL RPT DIARIO CON ID 106', '2017-11-23 10:35:31'),
('10', 'AGREGO INFORMACION DE PRODUCCION DEL RPT DIARIO CON ID 106', '2017-11-23 10:36:25'),
('10', 'ACTUALIZO INFORMACION DE PRODUCCION DEL RPT DIARIO CON ID 106', '2017-11-23 10:36:25'),
('10', 'AGREGO INFORMACION DE PRODUCCION DEL RPT DIARIO CON ID 106', '2017-11-23 10:37:23'),
('10', 'ACTUALIZO INFORMACION DE PRODUCCION DEL RPT DIARIO CON ID 106', '2017-11-23 10:37:23'),
('10', 'AGREGO NUEVO TIEMPO MUERTO AL CONSECUTIVO 1-1943 DEL TURNO 06:00AM-02:00PM', '2017-11-23 10:40:43'),
('10', 'AGREGO NUEVO TIEMPO MUERTO AL CONSECUTIVO 1-1943 DEL TURNO 06:00AM-02:00PM', '2017-11-23 10:41:39'),
('10', 'AGREGO NUEVO TIEMPO MUERTO AL CONSECUTIVO 1-1943 DEL TURNO 06:00AM-02:00PM', '2017-11-23 10:42:31'),
('10', 'AGREGO NUEVO TIEMPO MUERTO AL CONSECUTIVO 1-1943 DEL TURNO 06:00AM-02:00PM', '2017-11-23 10:43:10'),
('10', 'AGREGO UNA NUEVA CARGA AL REPORTE CON ID 106', '2017-11-23 10:44:03'),
('10', 'AGREGO UNA NUEVA CARGA AL REPORTE CON ID 106', '2017-11-23 10:44:20'),
('10', 'AGREGO UNA NUEVA CARGA AL REPORTE CON ID 106', '2017-11-23 10:45:00'),
('10', 'AGREGO UNA NUEVA CARGA AL REPORTE CON ID 106', '2017-11-23 10:45:11'),
('10', 'AGREGO UN NUEVO REGISTRO DE HORA MOLIENDA AL REPORTE CON ID 106', '2017-11-23 10:45:44'),
('10', 'AGREGO UN REGISTRO DE INSUMO AL RPT CON ID 106', '2017-11-23 10:47:07'),
('10', 'AGREGO UN REGISTRO DE INSUMO AL RPT CON ID 106', '2017-11-23 10:48:33'),
('10', 'CERRO SESION ', '2017-11-23 10:49:27'),
('30', 'INGRESO AL SISTEMA', '2017-11-23 10:51:31'),
('30', 'AGREGO INFORMACION DE PRODUCCION DEL RPT DIARIO CON ID 107', '2017-11-23 10:55:57'),
('30', 'ACTUALIZO INFORMACION DE PRODUCCION DEL RPT DIARIO CON ID 107', '2017-11-23 10:55:57'),
('30', 'AGREGO INFORMACION DE PRODUCCION DEL RPT DIARIO CON ID 107', '2017-11-23 10:57:07'),
('30', 'ACTUALIZO INFORMACION DE PRODUCCION DEL RPT DIARIO CON ID 107', '2017-11-23 10:57:07'),
('30', 'AGREGO INFORMACION DE PRODUCCION DEL RPT DIARIO CON ID 107', '2017-11-23 11:07:14'),
('30', 'ACTUALIZO INFORMACION DE PRODUCCION DEL RPT DIARIO CON ID 107', '2017-11-23 11:07:14'),
('30', 'AGREGO INFORMACION DE PRODUCCION DEL RPT DIARIO CON ID 107', '2017-11-23 11:08:03'),
('30', 'ACTUALIZO INFORMACION DE PRODUCCION DEL RPT DIARIO CON ID 107', '2017-11-23 11:08:03'),
('30', 'AGREGO INFORMACION DE PRODUCCION DEL RPT DIARIO CON ID 107', '2017-11-23 11:09:25'),
('30', 'ACTUALIZO INFORMACION DE PRODUCCION DEL RPT DIARIO CON ID 107', '2017-11-23 11:09:25'),
('30', 'ELIMINO UN REGISTRO DE PRODUCCION DEL RPT CON ID 107', '2017-11-23 11:09:41'),
('30', 'AGREGO INFORMACION DE PRODUCCION DEL RPT DIARIO CON ID 107', '2017-11-23 11:10:38'),
('30', 'ACTUALIZO INFORMACION DE PRODUCCION DEL RPT DIARIO CON ID 107', '2017-11-23 11:10:38'),
('30', 'AGREGO INFORMACION DE PRODUCCION DEL RPT DIARIO CON ID 107', '2017-11-23 11:11:30'),
('30', 'ACTUALIZO INFORMACION DE PRODUCCION DEL RPT DIARIO CON ID 107', '2017-11-23 11:11:30'),
('30', 'AGREGO INFORMACION DE PRODUCCION DEL RPT DIARIO CON ID 107', '2017-11-23 11:12:40'),
('30', 'ACTUALIZO INFORMACION DE PRODUCCION DEL RPT DIARIO CON ID 107', '2017-11-23 11:12:40'),
('30', 'AGREGO NUEVO TIEMPO MUERTO AL CONSECUTIVO 1-1943 DEL TURNO 02:00PM-10:00PM', '2017-11-23 11:14:24'),
('30', 'AGREGO NUEVO TIEMPO MUERTO AL CONSECUTIVO 1-1943 DEL TURNO 02:00PM-10:00PM', '2017-11-23 11:15:15'),
('30', 'AGREGO UNA NUEVA CARGA AL REPORTE CON ID 107', '2017-11-23 11:15:40'),
('30', 'AGREGO UNA NUEVA CARGA AL REPORTE CON ID 107', '2017-11-23 11:15:53'),
('30', 'AGREGO UNA NUEVA CARGA AL REPORTE CON ID 107', '2017-11-23 11:16:10'),
('30', 'AGREGO UNA NUEVA CARGA AL REPORTE CON ID 107', '2017-11-23 11:16:28'),
('30', 'AGREGO UNA NUEVA CARGA AL REPORTE CON ID 107', '2017-11-23 11:16:42'),
('30', 'AGREGO UNA NUEVA CARGA AL REPORTE CON ID 107', '2017-11-23 11:16:55'),
('30', 'AGREGO UNA NUEVA CARGA AL REPORTE CON ID 107', '2017-11-23 11:17:17'),
('30', 'AGREGO UNA NUEVA CARGA AL REPORTE CON ID 107', '2017-11-23 11:17:31'),
('30', 'AGREGO UN NUEVO REGISTRO DE HORA MOLIENDA AL REPORTE CON ID 107', '2017-11-23 11:17:57'),
('30', 'AGREGO UN NUEVO REGISTRO DE HORA MOLIENDA AL REPORTE CON ID 107', '2017-11-23 11:18:50'),
('30', 'AGREGO UN NUEVO REGISTRO DE HORA MOLIENDA AL REPORTE CON ID 107', '2017-11-23 11:19:15'),
('30', 'AGREGO UN REGISTRO DE INSUMO AL RPT CON ID 107', '2017-11-23 11:20:53'),
('30', 'AGREGO UN REGISTRO DE INSUMO AL RPT CON ID 107', '2017-11-23 11:21:29'),
('30', 'CERRO SESION ', '2017-11-23 11:23:21'),
('18', 'INGRESO AL SISTEMA', '2017-11-23 11:23:47'),
('18', 'AGREGO INFORMACION DE PRODUCCION DEL RPT DIARIO CON ID 108', '2017-11-23 11:25:27'),
('18', 'ACTUALIZO INFORMACION DE PRODUCCION DEL RPT DIARIO CON ID 108', '2017-11-23 11:25:27'),
('18', 'AGREGO INFORMACION DE PRODUCCION DEL RPT DIARIO CON ID 108', '2017-11-23 11:26:42'),
('18', 'ACTUALIZO INFORMACION DE PRODUCCION DEL RPT DIARIO CON ID 108', '2017-11-23 11:26:42'),
('18', 'AGREGO INFORMACION DE PRODUCCION DEL RPT DIARIO CON ID 108', '2017-11-23 11:27:44'),
('18', 'ACTUALIZO INFORMACION DE PRODUCCION DEL RPT DIARIO CON ID 108', '2017-11-23 11:27:44'),
('18', 'AGREGO INFORMACION DE PRODUCCION DEL RPT DIARIO CON ID 108', '2017-11-23 11:28:29'),
('18', 'ACTUALIZO INFORMACION DE PRODUCCION DEL RPT DIARIO CON ID 108', '2017-11-23 11:28:29'),
('18', 'AGREGO INFORMACION DE PRODUCCION DEL RPT DIARIO CON ID 108', '2017-11-23 11:29:25'),
('18', 'ACTUALIZO INFORMACION DE PRODUCCION DEL RPT DIARIO CON ID 108', '2017-11-23 11:29:25'),
('18', 'AGREGO INFORMACION DE PRODUCCION DEL RPT DIARIO CON ID 108', '2017-11-23 11:30:32'),
('18', 'ACTUALIZO INFORMACION DE PRODUCCION DEL RPT DIARIO CON ID 108', '2017-11-23 11:30:32'),
('18', 'AGREGO INFORMACION DE PRODUCCION DEL RPT DIARIO CON ID 108', '2017-11-23 11:31:54'),
('18', 'ACTUALIZO INFORMACION DE PRODUCCION DEL RPT DIARIO CON ID 108', '2017-11-23 11:31:54'),
('18', 'AGREGO INFORMACION DE PRODUCCION DEL RPT DIARIO CON ID 108', '2017-11-23 11:32:44'),
('18', 'ACTUALIZO INFORMACION DE PRODUCCION DEL RPT DIARIO CON ID 108', '2017-11-23 11:32:44'),
('18', 'AGREGO INFORMACION DE PRODUCCION DEL RPT DIARIO CON ID 108', '2017-11-23 11:35:24'),
('18', 'ACTUALIZO INFORMACION DE PRODUCCION DEL RPT DIARIO CON ID 108', '2017-11-23 11:35:24'),
('18', 'AGREGO NUEVO TIEMPO MUERTO AL CONSECUTIVO 1-1943 DEL TURNO 10:00PM-06:00AM', '2017-11-23 11:36:54'),
('18', 'AGREGO NUEVO TIEMPO MUERTO AL CONSECUTIVO 1-1943 DEL TURNO 10:00PM-06:00AM', '2017-11-23 11:37:40'),
('18', 'AGREGO NUEVO TIEMPO MUERTO AL CONSECUTIVO 1-1943 DEL TURNO 10:00PM-06:00AM', '2017-11-23 11:38:36'),
('18', 'AGREGO NUEVO TIEMPO MUERTO AL CONSECUTIVO 1-1943 DEL TURNO 10:00PM-06:00AM', '2017-11-23 11:39:12'),
('18', 'AGREGO NUEVO TIEMPO MUERTO AL CONSECUTIVO 1-1943 DEL TURNO 10:00PM-06:00AM', '2017-11-23 11:40:50'),
('18', 'AGREGO NUEVO TIEMPO MUERTO AL CONSECUTIVO 1-1943 DEL TURNO 10:00PM-06:00AM', '2017-11-23 11:43:05'),
('18', 'AGREGO NUEVO TIEMPO MUERTO AL CONSECUTIVO 1-1943 DEL TURNO 10:00PM-06:00AM', '2017-11-23 11:43:43'),
('18', 'AGREGO NUEVO TIEMPO MUERTO AL CONSECUTIVO 1-1943 DEL TURNO 10:00PM-06:00AM', '2017-11-23 11:44:24'),
('18', 'AGREGO NUEVO TIEMPO MUERTO AL CONSECUTIVO 1-1943 DEL TURNO 10:00PM-06:00AM', '2017-11-23 11:45:24'),
('18', 'AGREGO UNA NUEVA CARGA AL REPORTE CON ID 108', '2017-11-23 11:46:36'),
('18', 'AGREGO UNA NUEVA CARGA AL REPORTE CON ID 108', '2017-11-23 11:46:48'),
('18', 'AGREGO UNA NUEVA CARGA AL REPORTE CON ID 108', '2017-11-23 11:47:22'),
('18', 'AGREGO UNA NUEVA CARGA AL REPORTE CON ID 108', '2017-11-23 11:50:59'),
('18', 'ACTUALIZO REGISTRO DE UNA CARGA DEL REPORTE CON ID 108', '2017-11-23 11:51:16'),
('18', 'AGREGO UNA NUEVA CARGA AL REPORTE CON ID 108', '2017-11-23 11:51:33'),
('18', 'AGREGO UNA NUEVA CARGA AL REPORTE CON ID 108', '2017-11-23 11:51:50'),
('18', 'AGREGO UNA NUEVA CARGA AL REPORTE CON ID 108', '2017-11-23 11:52:02'),
('18', 'AGREGO UNA NUEVA CARGA AL REPORTE CON ID 108', '2017-11-23 11:52:13'),
('18', 'AGREGO UNA NUEVA CARGA AL REPORTE CON ID 108', '2017-11-23 11:52:27'),
('18', 'AGREGO UNA NUEVA CARGA AL REPORTE CON ID 108', '2017-11-23 11:52:43'),
('18', 'AGREGO UN NUEVO REGISTRO DE HORA MOLIENDA AL REPORTE CON ID 108', '2017-11-23 11:52:57'),
('18', 'AGREGO UN NUEVO REGISTRO DE HORA MOLIENDA AL REPORTE CON ID 108', '2017-11-23 11:53:23'),
('18', 'AGREGO UN NUEVO REGISTRO DE HORA MOLIENDA AL REPORTE CON ID 108', '2017-11-23 11:54:29'),
('18', 'AGREGO UN NUEVO REGISTRO DE HORA MOLIENDA AL REPORTE CON ID 108', '2017-11-23 11:54:57'),
('18', 'AGREGO UN REGISTRO DE PASTA DEL TANQUE CON ID 1 AL RPT CON ID 108', '2017-11-23 11:55:48'),
('18', 'AGREGO UN REGISTRO DE PASTA DEL TANQUE CON ID 2 AL RPT CON ID 108', '2017-11-23 11:56:02'),
('18', 'AGREGO UN REGISTRO DE PASTA DEL TANQUE CON ID 3 AL RPT CON ID 108', '2017-11-23 11:56:13'),
('18', 'AGREGO UN REGISTRO DE PASTA DEL TANQUE CON ID 4 AL RPT CON ID 108', '2017-11-23 11:56:33'),
('18', 'AGREGO UN REGISTRO DE INSUMO AL RPT CON ID 108', '2017-11-23 11:57:10'),
('18', 'AGREGO UN REGISTRO DE INSUMO AL RPT CON ID 108', '2017-11-23 11:57:31'),
('18', 'CERRO SESION ', '2017-11-23 11:57:49'),
('8', 'INGRESO AL SISTEMA', '2017-11-23 11:58:09'),
('8', 'CERRO SESION ', '2017-11-23 12:03:46'),
('18', 'INGRESO AL SISTEMA', '2017-11-24 02:19:32'),
('18', 'CERRO SESION ', '2017-11-24 02:19:39'),
('8', 'INGRESO AL SISTEMA', '2017-11-24 13:45:16'),
('8', 'INSERTO ORDEN DE PRODUCCION NUMERO 1949', '2017-11-24 13:46:31'),
('8', 'AGREGO EL CONSECUTIVO NO. 1-1949 DEL TURNO 3', '2017-11-24 13:48:46'),
('8', 'AGREGO EL CONSECUTIVO NO. 1-1949 DEL TURNO 4', '2017-11-24 13:49:18'),
('8', 'AGREGO EL CONSECUTIVO NO. 1-1949 DEL TURNO 5', '2017-11-24 13:50:09'),
('8', 'CERRO SESION ', '2017-11-24 13:50:27'),
('10', 'INGRESO AL SISTEMA', '2017-11-24 13:51:03'),
('10', 'AGREGO INFORMACION DE PRODUCCION DEL RPT DIARIO CON ID 109', '2017-11-24 13:52:23'),
('10', 'ACTUALIZO INFORMACION DE PRODUCCION DEL RPT DIARIO CON ID 109', '2017-11-24 13:52:23'),
('10', 'AGREGO INFORMACION DE PRODUCCION DEL RPT DIARIO CON ID 109', '2017-11-24 13:53:16'),
('10', 'ACTUALIZO INFORMACION DE PRODUCCION DEL RPT DIARIO CON ID 109', '2017-11-24 13:53:16'),
('10', 'AGREGO INFORMACION DE PRODUCCION DEL RPT DIARIO CON ID 109', '2017-11-24 13:54:33'),
('10', 'ACTUALIZO INFORMACION DE PRODUCCION DEL RPT DIARIO CON ID 109', '2017-11-24 13:54:33'),
('10', 'AGREGO INFORMACION DE PRODUCCION DEL RPT DIARIO CON ID 109', '2017-11-24 13:55:36'),
('10', 'ACTUALIZO INFORMACION DE PRODUCCION DEL RPT DIARIO CON ID 109', '2017-11-24 13:55:36'),
('10', 'AGREGO INFORMACION DE PRODUCCION DEL RPT DIARIO CON ID 109', '2017-11-24 13:56:33'),
('10', 'ACTUALIZO INFORMACION DE PRODUCCION DEL RPT DIARIO CON ID 109', '2017-11-24 13:56:33'),
('10', 'AGREGO INFORMACION DE PRODUCCION DEL RPT DIARIO CON ID 109', '2017-11-24 13:57:38'),
('10', 'ACTUALIZO INFORMACION DE PRODUCCION DEL RPT DIARIO CON ID 109', '2017-11-24 13:57:38'),
('10', 'AGREGO NUEVO TIEMPO MUERTO AL CONSECUTIVO 1-1949 DEL TURNO 06:00AM-02:00PM', '2017-11-24 14:02:35'),
('10', 'AGREGO NUEVO TIEMPO MUERTO AL CONSECUTIVO 1-1949 DEL TURNO 06:00AM-02:00PM', '2017-11-24 14:03:36'),
('10', 'AGREGO UNA NUEVA CARGA AL REPORTE CON ID 109', '2017-11-24 14:04:04'),
('10', 'AGREGO UNA NUEVA CARGA AL REPORTE CON ID 109', '2017-11-24 14:04:14'),
('10', 'AGREGO UNA NUEVA CARGA AL REPORTE CON ID 109', '2017-11-24 14:04:30'),
('10', 'AGREGO UNA NUEVA CARGA AL REPORTE CON ID 109', '2017-11-24 14:04:42'),
('10', 'AGREGO UNA NUEVA CARGA AL REPORTE CON ID 109', '2017-11-24 14:05:09'),
('10', 'AGREGO UNA NUEVA CARGA AL REPORTE CON ID 109', '2017-11-24 14:05:24'),
('10', 'AGREGO UN NUEVO REGISTRO DE HORA MOLIENDA AL REPORTE CON ID 109', '2017-11-24 14:05:50'),
('10', 'AGREGO UN NUEVO REGISTRO DE HORA MOLIENDA AL REPORTE CON ID 109', '2017-11-24 14:06:13'),
('10', 'ACTUALIZO REGISTRO DE UNA CARGA DEL REPORTE CON ID 109', '2017-11-24 14:06:22'),
('10', 'AGREGO UN REGISTRO DE INSUMO AL RPT CON ID 109', '2017-11-24 14:07:11'),
('10', 'AGREGO UN REGISTRO DE INSUMO AL RPT CON ID 109', '2017-11-24 14:07:34'),
('10', 'CERRO SESION ', '2017-11-24 14:13:38'),
('30', 'INGRESO AL SISTEMA', '2017-11-24 14:14:02'),
('30', 'AGREGO INFORMACION DE PRODUCCION DEL RPT DIARIO CON ID 110', '2017-11-24 14:19:44'),
('30', 'ACTUALIZO INFORMACION DE PRODUCCION DEL RPT DIARIO CON ID 110', '2017-11-24 14:19:44'),
('30', 'AGREGO INFORMACION DE PRODUCCION DEL RPT DIARIO CON ID 110', '2017-11-24 14:36:37'),
('30', 'ACTUALIZO INFORMACION DE PRODUCCION DEL RPT DIARIO CON ID 110', '2017-11-24 14:36:37'),
('30', 'AGREGO INFORMACION DE PRODUCCION DEL RPT DIARIO CON ID 110', '2017-11-24 14:37:52'),
('30', 'ACTUALIZO INFORMACION DE PRODUCCION DEL RPT DIARIO CON ID 110', '2017-11-24 14:37:52'),
('30', 'AGREGO INFORMACION DE PRODUCCION DEL RPT DIARIO CON ID 110', '2017-11-24 14:43:55'),
('30', 'ACTUALIZO INFORMACION DE PRODUCCION DEL RPT DIARIO CON ID 110', '2017-11-24 14:43:55'),
('30', 'AGREGO INFORMACION DE PRODUCCION DEL RPT DIARIO CON ID 110', '2017-11-24 14:44:59'),
('30', 'ACTUALIZO INFORMACION DE PRODUCCION DEL RPT DIARIO CON ID 110', '2017-11-24 14:44:59'),
('30', 'AGREGO INFORMACION DE PRODUCCION DEL RPT DIARIO CON ID 110', '2017-11-24 14:46:12'),
('30', 'ACTUALIZO INFORMACION DE PRODUCCION DEL RPT DIARIO CON ID 110', '2017-11-24 14:46:12'),
('30', 'AGREGO NUEVO TIEMPO MUERTO AL CONSECUTIVO 1-1949 DEL TURNO 02:00PM-10:00PM', '2017-11-24 14:48:30'),
('30', 'AGREGO NUEVO TIEMPO MUERTO AL CONSECUTIVO 1-1949 DEL TURNO 02:00PM-10:00PM', '2017-11-24 14:49:28'),
('30', 'AGREGO NUEVO TIEMPO MUERTO AL CONSECUTIVO 1-1949 DEL TURNO 02:00PM-10:00PM', '2017-11-24 14:50:32'),
('30', 'ELIMINO UN TIEMPO MUERTO DEL REPORTE CON ID NO. 110', '2017-11-24 14:50:37'),
('30', 'AGREGO NUEVO TIEMPO MUERTO AL CONSECUTIVO 1-1949 DEL TURNO 02:00PM-10:00PM', '2017-11-24 14:51:16'),
('30', 'AGREGO NUEVO TIEMPO MUERTO AL CONSECUTIVO 1-1949 DEL TURNO 02:00PM-10:00PM', '2017-11-24 14:52:14'),
('30', 'AGREGO NUEVO TIEMPO MUERTO AL CONSECUTIVO 1-1949 DEL TURNO 02:00PM-10:00PM', '2017-11-24 14:53:50'),
('30', 'AGREGO UNA NUEVA CARGA AL REPORTE CON ID 110', '2017-11-24 14:54:32'),
('30', 'AGREGO UNA NUEVA CARGA AL REPORTE CON ID 110', '2017-11-24 14:54:49'),
('30', 'AGREGO UNA NUEVA CARGA AL REPORTE CON ID 110', '2017-11-24 14:55:03'),
('30', 'AGREGO UNA NUEVA CARGA AL REPORTE CON ID 110', '2017-11-24 14:55:20'),
('30', 'AGREGO UNA NUEVA CARGA AL REPORTE CON ID 110', '2017-11-24 14:55:49'),
('30', 'AGREGO UNA NUEVA CARGA AL REPORTE CON ID 110', '2017-11-24 14:56:10'),
('30', 'AGREGO UNA NUEVA CARGA AL REPORTE CON ID 110', '2017-11-24 14:56:38'),
('30', 'AGREGO UNA NUEVA CARGA AL REPORTE CON ID 110', '2017-11-24 14:56:52'),
('30', 'ACTUALIZO REGISTRO DE UNA CARGA DEL REPORTE CON ID 110', '2017-11-24 15:00:41'),
('30', 'AGREGO UNA NUEVA CARGA AL REPORTE CON ID 110', '2017-11-24 15:00:55'),
('30', 'AGREGO UNA NUEVA CARGA AL REPORTE CON ID 110', '2017-11-24 15:01:10'),
('30', 'AGREGO UNA NUEVA CARGA AL REPORTE CON ID 110', '2017-11-24 15:01:33'),
('30', 'AGREGO UNA NUEVA CARGA AL REPORTE CON ID 110', '2017-11-24 15:01:56'),
('30', 'AGREGO UNA NUEVA CARGA AL REPORTE CON ID 110', '2017-11-24 15:02:16'),
('30', 'AGREGO UN NUEVO REGISTRO DE HORA MOLIENDA AL REPORTE CON ID 110', '2017-11-24 15:03:08'),
('30', 'AGREGO UN NUEVO REGISTRO DE HORA MOLIENDA AL REPORTE CON ID 110', '2017-11-24 15:10:14'),
('30', 'AGREGO UN NUEVO REGISTRO DE HORA MOLIENDA AL REPORTE CON ID 110', '2017-11-24 15:12:30'),
('30', 'AGREGO UN NUEVO REGISTRO DE HORA MOLIENDA AL REPORTE CON ID 110', '2017-11-24 15:13:18'),
('30', 'AGREGO UN REGISTRO DE INSUMO AL RPT CON ID 110', '2017-11-24 15:17:06'),
('30', 'AGREGO UN REGISTRO DE INSUMO AL RPT CON ID 110', '2017-11-24 15:18:20'),
('30', 'CERRO SESION ', '2017-11-24 15:18:49'),
('18', 'INGRESO AL SISTEMA', '2017-11-24 15:19:09'),
('18', 'AGREGO INFORMACION DE PRODUCCION DEL RPT DIARIO CON ID 111', '2017-11-24 15:20:48'),
('18', 'ACTUALIZO INFORMACION DE PRODUCCION DEL RPT DIARIO CON ID 111', '2017-11-24 15:20:48'),
('18', 'AGREGO INFORMACION DE PRODUCCION DEL RPT DIARIO CON ID 111', '2017-11-24 15:21:34'),
('18', 'ACTUALIZO INFORMACION DE PRODUCCION DEL RPT DIARIO CON ID 111', '2017-11-24 15:21:34'),
('18', 'AGREGO INFORMACION DE PRODUCCION DEL RPT DIARIO CON ID 111', '2017-11-24 15:22:31'),
('18', 'ACTUALIZO INFORMACION DE PRODUCCION DEL RPT DIARIO CON ID 111', '2017-11-24 15:22:31'),
('18', 'AGREGO INFORMACION DE PRODUCCION DEL RPT DIARIO CON ID 111', '2017-11-24 15:23:20'),
('18', 'ACTUALIZO INFORMACION DE PRODUCCION DEL RPT DIARIO CON ID 111', '2017-11-24 15:23:20'),
('18', 'AGREGO INFORMACION DE PRODUCCION DEL RPT DIARIO CON ID 111', '2017-11-24 15:25:53'),
('18', 'ACTUALIZO INFORMACION DE PRODUCCION DEL RPT DIARIO CON ID 111', '2017-11-24 15:25:53');
INSERT INTO `log` (`IdUser`, `Accion`, `Fecha`) VALUES
('18', 'AGREGO INFORMACION DE PRODUCCION DEL RPT DIARIO CON ID 111', '2017-11-24 15:27:13'),
('18', 'ACTUALIZO INFORMACION DE PRODUCCION DEL RPT DIARIO CON ID 111', '2017-11-24 15:27:13'),
('18', 'AGREGO INFORMACION DE PRODUCCION DEL RPT DIARIO CON ID 111', '2017-11-24 15:29:09'),
('18', 'ACTUALIZO INFORMACION DE PRODUCCION DEL RPT DIARIO CON ID 111', '2017-11-24 15:29:09'),
('18', 'AGREGO NUEVO TIEMPO MUERTO AL CONSECUTIVO 1-1949 DEL TURNO 10:00PM-06:00AM', '2017-11-24 15:30:44'),
('18', 'AGREGO NUEVO TIEMPO MUERTO AL CONSECUTIVO 1-1949 DEL TURNO 10:00PM-06:00AM', '2017-11-24 15:31:39'),
('18', 'AGREGO NUEVO TIEMPO MUERTO AL CONSECUTIVO 1-1949 DEL TURNO 10:00PM-06:00AM', '2017-11-24 15:35:43'),
('18', 'AGREGO NUEVO TIEMPO MUERTO AL CONSECUTIVO 1-1949 DEL TURNO 10:00PM-06:00AM', '2017-11-24 15:36:42'),
('18', 'AGREGO NUEVO TIEMPO MUERTO AL CONSECUTIVO 1-1949 DEL TURNO 10:00PM-06:00AM', '2017-11-24 15:37:38'),
('18', 'AGREGO NUEVO TIEMPO MUERTO AL CONSECUTIVO 1-1949 DEL TURNO 10:00PM-06:00AM', '2017-11-24 15:38:20'),
('18', 'AGREGO UNA NUEVA CARGA AL REPORTE CON ID 111', '2017-11-24 15:38:57'),
('18', 'AGREGO UNA NUEVA CARGA AL REPORTE CON ID 111', '2017-11-24 15:39:31'),
('18', 'AGREGO UNA NUEVA CARGA AL REPORTE CON ID 111', '2017-11-24 15:39:43'),
('18', 'AGREGO UNA NUEVA CARGA AL REPORTE CON ID 111', '2017-11-24 15:39:57'),
('18', 'AGREGO UNA NUEVA CARGA AL REPORTE CON ID 111', '2017-11-24 15:40:09'),
('18', 'AGREGO UNA NUEVA CARGA AL REPORTE CON ID 111', '2017-11-24 15:40:26'),
('18', 'AGREGO UNA NUEVA CARGA AL REPORTE CON ID 111', '2017-11-24 15:40:44'),
('18', 'AGREGO UNA NUEVA CARGA AL REPORTE CON ID 111', '2017-11-24 15:40:52'),
('18', 'AGREGO UNA NUEVA CARGA AL REPORTE CON ID 111', '2017-11-24 15:41:05'),
('18', 'AGREGO UNA NUEVA CARGA AL REPORTE CON ID 111', '2017-11-24 15:41:15'),
('18', 'AGREGO UNA NUEVA CARGA AL REPORTE CON ID 111', '2017-11-24 15:41:27'),
('18', 'AGREGO UNA NUEVA CARGA AL REPORTE CON ID 111', '2017-11-24 15:41:39'),
('18', 'ACTUALIZO REGISTRO DE UNA CARGA DEL REPORTE CON ID 111', '2017-11-24 15:42:08'),
('18', 'ACTUALIZO REGISTRO DE UNA CARGA DEL REPORTE CON ID 111', '2017-11-24 15:42:12'),
('18', 'ACTUALIZO REGISTRO DE UNA CARGA DEL REPORTE CON ID 111', '2017-11-24 15:42:15'),
('18', 'ACTUALIZO REGISTRO DE UNA CARGA DEL REPORTE CON ID 111', '2017-11-24 15:42:22'),
('18', 'ACTUALIZO REGISTRO DE UNA CARGA DEL REPORTE CON ID 111', '2017-11-24 15:42:29'),
('18', 'ACTUALIZO REGISTRO DE UNA CARGA DEL REPORTE CON ID 111', '2017-11-24 15:43:09'),
('18', 'AGREGO UNA NUEVA CARGA AL REPORTE CON ID 111', '2017-11-24 15:43:21'),
('18', 'AGREGO UNA NUEVA CARGA AL REPORTE CON ID 111', '2017-11-24 15:43:33'),
('18', 'AGREGO UNA NUEVA CARGA AL REPORTE CON ID 111', '2017-11-24 15:43:45'),
('18', 'AGREGO UNA NUEVA CARGA AL REPORTE CON ID 111', '2017-11-24 15:44:00'),
('18', 'AGREGO UNA NUEVA CARGA AL REPORTE CON ID 111', '2017-11-24 15:44:09'),
('18', 'AGREGO UNA NUEVA CARGA AL REPORTE CON ID 111', '2017-11-24 15:44:23'),
('18', 'AGREGO UNA NUEVA CARGA AL REPORTE CON ID 111', '2017-11-24 15:44:43'),
('18', 'AGREGO UNA NUEVA CARGA AL REPORTE CON ID 111', '2017-11-24 15:44:56'),
('18', 'AGREGO UN NUEVO REGISTRO DE HORA MOLIENDA AL REPORTE CON ID 111', '2017-11-24 15:45:21'),
('18', 'AGREGO UN NUEVO REGISTRO DE HORA MOLIENDA AL REPORTE CON ID 111', '2017-11-24 15:45:45'),
('18', 'AGREGO UN NUEVO REGISTRO DE HORA MOLIENDA AL REPORTE CON ID 111', '2017-11-24 15:46:08'),
('18', 'AGREGO UN NUEVO REGISTRO DE HORA MOLIENDA AL REPORTE CON ID 111', '2017-11-24 15:46:32'),
('18', 'AGREGO UN NUEVO REGISTRO DE HORA MOLIENDA AL REPORTE CON ID 111', '2017-11-24 15:46:56'),
('18', 'AGREGO UN NUEVO REGISTRO DE HORA MOLIENDA AL REPORTE CON ID 111', '2017-11-24 15:47:15'),
('18', 'AGREGO UN REGISTRO DE INSUMO AL RPT CON ID 111', '2017-11-24 15:49:43'),
('18', 'AGREGO UN REGISTRO DE INSUMO AL RPT CON ID 111', '2017-11-24 15:50:02'),
('18', 'AGREGO UN REGISTRO DE PASTA DEL TANQUE CON ID 2 AL RPT CON ID 111', '2017-11-24 15:50:57'),
('18', 'AGREGO UN REGISTRO DE PASTA DEL TANQUE CON ID 4 AL RPT CON ID 111', '2017-11-24 15:51:15'),
('18', 'AGREGO UN REGISTRO DE PASTA DEL TANQUE CON ID 5 AL RPT CON ID 111', '2017-11-24 15:51:30'),
('18', 'AGREGO UN REGISTRO DE PASTA DEL TANQUE CON ID 6 AL RPT CON ID 111', '2017-11-24 15:51:43'),
('18', 'CERRO SESION ', '2017-11-24 15:52:10'),
('8', 'INGRESO AL SISTEMA', '2017-11-24 15:52:33'),
('8', 'CERRO SESION ', '2017-11-24 16:02:22'),
('15', 'INGRESO AL SISTEMA', '2017-11-27 08:47:08'),
('15', 'CERRO SESION ', '2017-11-27 08:49:25'),
('15', 'INGRESO AL SISTEMA', '2017-11-27 11:23:54'),
('15', 'CERRO SESION ', '2017-11-27 11:59:19'),
('15', 'INGRESO AL SISTEMA', '2017-11-27 16:43:27'),
('15', 'CERRO SESION ', '2017-11-27 18:03:26'),
('8', 'INGRESO AL SISTEMA', '2017-11-28 14:32:41'),
('8', 'INSERTO ORDEN DE PRODUCCION NUMERO 1957', '2017-11-28 14:34:50'),
('8', 'AGREGO EL CONSECUTIVO NO. 1-1957 DEL TURNO 3', '2017-11-28 14:35:39'),
('8', 'AGREGO EL CONSECUTIVO NO. 1-1957 DEL TURNO 4', '2017-11-28 14:36:10'),
('8', 'GENERO UN REPORTE DEL REPORTE DIARIO CON ID 112', '2017-11-28 14:36:15'),
('8', 'INGRESO AL SISTEMA', '2017-11-28 14:37:07'),
('8', 'AGREGO EL CONSECUTIVO NO. 1-1957 DEL TURNO 5', '2017-11-28 14:39:19'),
('8', 'CERRO SESION ', '2017-11-28 14:40:54'),
('10', 'INGRESO AL SISTEMA', '2017-11-28 14:45:11'),
('10', 'AGREGO INFORMACION DE PRODUCCION DEL RPT DIARIO CON ID 112', '2017-11-28 14:51:36'),
('10', 'ACTUALIZO INFORMACION DE PRODUCCION DEL RPT DIARIO CON ID 112', '2017-11-28 14:51:36'),
('10', 'AGREGO INFORMACION DE PRODUCCION DEL RPT DIARIO CON ID 112', '2017-11-28 14:52:38'),
('10', 'ACTUALIZO INFORMACION DE PRODUCCION DEL RPT DIARIO CON ID 112', '2017-11-28 14:52:38'),
('10', 'AGREGO INFORMACION DE PRODUCCION DEL RPT DIARIO CON ID 112', '2017-11-28 14:53:42'),
('10', 'ACTUALIZO INFORMACION DE PRODUCCION DEL RPT DIARIO CON ID 112', '2017-11-28 14:53:42'),
('10', 'AGREGO INFORMACION DE PRODUCCION DEL RPT DIARIO CON ID 112', '2017-11-28 14:54:56'),
('10', 'ACTUALIZO INFORMACION DE PRODUCCION DEL RPT DIARIO CON ID 112', '2017-11-28 14:54:56'),
('10', 'AGREGO NUEVO TIEMPO MUERTO AL CONSECUTIVO 1-1957 DEL TURNO 06:00AM-02:00PM', '2017-11-28 15:22:14'),
('10', 'AGREGO NUEVO TIEMPO MUERTO AL CONSECUTIVO 1-1957 DEL TURNO 06:00AM-02:00PM', '2017-11-28 15:23:45'),
('10', 'AGREGO NUEVO TIEMPO MUERTO AL CONSECUTIVO 1-1957 DEL TURNO 06:00AM-02:00PM', '2017-11-28 15:24:48'),
('10', 'AGREGO NUEVO TIEMPO MUERTO AL CONSECUTIVO 1-1957 DEL TURNO 06:00AM-02:00PM', '2017-11-28 15:25:58'),
('10', 'AGREGO UNA NUEVA CARGA AL REPORTE CON ID 112', '2017-11-28 15:26:15'),
('10', 'AGREGO UNA NUEVA CARGA AL REPORTE CON ID 112', '2017-11-28 15:26:28'),
('10', 'AGREGO UNA NUEVA CARGA AL REPORTE CON ID 112', '2017-11-28 15:26:54'),
('10', 'AGREGO UNA NUEVA CARGA AL REPORTE CON ID 112', '2017-11-28 15:27:06'),
('10', 'AGREGO UNA NUEVA CARGA AL REPORTE CON ID 112', '2017-11-28 15:27:16'),
('10', 'AGREGO UNA NUEVA CARGA AL REPORTE CON ID 112', '2017-11-28 15:27:38'),
('10', 'AGREGO UNA NUEVA CARGA AL REPORTE CON ID 112', '2017-11-28 15:27:51'),
('10', 'AGREGO UNA NUEVA CARGA AL REPORTE CON ID 112', '2017-11-28 15:28:07'),
('10', 'AGREGO UN NUEVO REGISTRO DE HORA MOLIENDA AL REPORTE CON ID 112', '2017-11-28 15:28:51'),
('10', 'AGREGO UN NUEVO REGISTRO DE HORA MOLIENDA AL REPORTE CON ID 112', '2017-11-28 15:29:12'),
('10', 'AGREGO UN NUEVO REGISTRO DE HORA MOLIENDA AL REPORTE CON ID 112', '2017-11-28 15:29:46'),
('10', 'AGREGO UN REGISTRO DE INSUMO AL RPT CON ID 112', '2017-11-28 15:33:15'),
('10', 'AGREGO UN REGISTRO DE INSUMO AL RPT CON ID 112', '2017-11-28 15:33:56'),
('10', 'CERRO SESION ', '2017-11-28 15:35:44'),
('30', 'INGRESO AL SISTEMA', '2017-11-28 15:37:12'),
('30', 'AGREGO INFORMACION DE PRODUCCION DEL RPT DIARIO CON ID 113', '2017-11-28 15:38:21'),
('30', 'ACTUALIZO INFORMACION DE PRODUCCION DEL RPT DIARIO CON ID 113', '2017-11-28 15:38:21'),
('30', 'AGREGO INFORMACION DE PRODUCCION DEL RPT DIARIO CON ID 113', '2017-11-28 15:39:12'),
('30', 'ACTUALIZO INFORMACION DE PRODUCCION DEL RPT DIARIO CON ID 113', '2017-11-28 15:39:12'),
('30', 'AGREGO INFORMACION DE PRODUCCION DEL RPT DIARIO CON ID 113', '2017-11-28 15:40:02'),
('30', 'ACTUALIZO INFORMACION DE PRODUCCION DEL RPT DIARIO CON ID 113', '2017-11-28 15:40:02'),
('30', 'AGREGO INFORMACION DE PRODUCCION DEL RPT DIARIO CON ID 113', '2017-11-28 15:40:54'),
('30', 'ACTUALIZO INFORMACION DE PRODUCCION DEL RPT DIARIO CON ID 113', '2017-11-28 15:40:54'),
('30', 'AGREGO NUEVO TIEMPO MUERTO AL CONSECUTIVO 1-1957 DEL TURNO 02:00PM-10:00PM', '2017-11-28 15:41:40'),
('30', 'AGREGO NUEVO TIEMPO MUERTO AL CONSECUTIVO 1-1957 DEL TURNO 02:00PM-10:00PM', '2017-11-28 15:42:21'),
('30', 'AGREGO NUEVO TIEMPO MUERTO AL CONSECUTIVO 1-1957 DEL TURNO 02:00PM-10:00PM', '2017-11-28 15:43:04'),
('30', 'AGREGO NUEVO TIEMPO MUERTO AL CONSECUTIVO 1-1957 DEL TURNO 02:00PM-10:00PM', '2017-11-28 15:43:49'),
('30', 'AGREGO UN NUEVO REGISTRO DE HORA MOLIENDA AL REPORTE CON ID 113', '2017-11-28 15:44:26'),
('30', 'AGREGO UN NUEVO REGISTRO DE HORA MOLIENDA AL REPORTE CON ID 113', '2017-11-28 15:44:52'),
('30', 'AGREGO UNA NUEVA CARGA AL REPORTE CON ID 113', '2017-11-28 15:45:35'),
('30', 'AGREGO UNA NUEVA CARGA AL REPORTE CON ID 113', '2017-11-28 15:46:02'),
('30', 'AGREGO UNA NUEVA CARGA AL REPORTE CON ID 113', '2017-11-28 15:46:16'),
('30', 'AGREGO UNA NUEVA CARGA AL REPORTE CON ID 113', '2017-11-28 15:46:27'),
('30', 'AGREGO UNA NUEVA CARGA AL REPORTE CON ID 113', '2017-11-28 15:46:45'),
('30', 'AGREGO UNA NUEVA CARGA AL REPORTE CON ID 113', '2017-11-28 15:46:57'),
('30', 'AGREGO UNA NUEVA CARGA AL REPORTE CON ID 113', '2017-11-28 15:47:12'),
('30', 'ELIMINO UN REGISTRO DE UNA CARGA DEL REPORTE CON ID 113', '2017-11-28 15:47:37'),
('30', 'AGREGO UN REGISTRO DE INSUMO AL RPT CON ID 113', '2017-11-28 15:48:34'),
('30', 'AGREGO UN REGISTRO DE INSUMO AL RPT CON ID 113', '2017-11-28 15:49:05'),
('30', 'CERRO SESION ', '2017-11-28 15:49:43'),
('8', 'INGRESO AL SISTEMA', '2017-11-28 15:49:59'),
('8', 'ELIMINO EL REPORTE DIARIO NO. 1-1957 DEL TURNO Nocturno', '2017-11-28 15:50:12'),
('8', 'GENERO UN REPORTE DEL REPORTE DIARIO CON ID 113', '2017-11-28 15:50:22'),
('8', 'AGREGO EL CONSECUTIVO NO. 1-1957 DEL TURNO 5', '2017-11-28 15:51:00'),
('8', 'CERRO SESION ', '2017-11-28 15:51:09'),
('18', 'INGRESO AL SISTEMA', '2017-11-28 15:51:25'),
('18', 'AGREGO INFORMACION DE PRODUCCION DEL RPT DIARIO CON ID 115', '2017-11-28 15:52:47'),
('18', 'ACTUALIZO INFORMACION DE PRODUCCION DEL RPT DIARIO CON ID 115', '2017-11-28 15:52:47'),
('18', 'AGREGO INFORMACION DE PRODUCCION DEL RPT DIARIO CON ID 115', '2017-11-28 15:54:05'),
('18', 'ACTUALIZO INFORMACION DE PRODUCCION DEL RPT DIARIO CON ID 115', '2017-11-28 15:54:05'),
('18', 'AGREGO INFORMACION DE PRODUCCION DEL RPT DIARIO CON ID 115', '2017-11-28 15:55:24'),
('18', 'ACTUALIZO INFORMACION DE PRODUCCION DEL RPT DIARIO CON ID 115', '2017-11-28 15:55:24'),
('18', 'AGREGO NUEVO TIEMPO MUERTO AL CONSECUTIVO 1-1957 DEL TURNO 10:00PM-06:00AM', '2017-11-28 15:56:23'),
('18', 'AGREGO NUEVO TIEMPO MUERTO AL CONSECUTIVO 1-1957 DEL TURNO 10:00PM-06:00AM', '2017-11-28 15:57:19'),
('18', 'AGREGO NUEVO TIEMPO MUERTO AL CONSECUTIVO 1-1957 DEL TURNO 10:00PM-06:00AM', '2017-11-28 15:59:47'),
('18', 'AGREGO NUEVO TIEMPO MUERTO AL CONSECUTIVO 1-1957 DEL TURNO 10:00PM-06:00AM', '2017-11-28 16:00:55'),
('18', 'AGREGO NUEVO TIEMPO MUERTO AL CONSECUTIVO 1-1957 DEL TURNO 10:00PM-06:00AM', '2017-11-28 16:01:47'),
('18', 'AGREGO UNA NUEVA CARGA AL REPORTE CON ID 115', '2017-11-28 16:02:07'),
('18', 'AGREGO UNA NUEVA CARGA AL REPORTE CON ID 115', '2017-11-28 16:02:21'),
('18', 'AGREGO UNA NUEVA CARGA AL REPORTE CON ID 115', '2017-11-28 16:02:44'),
('18', 'AGREGO UNA NUEVA CARGA AL REPORTE CON ID 115', '2017-11-28 16:02:59'),
('18', 'AGREGO UNA NUEVA CARGA AL REPORTE CON ID 115', '2017-11-28 16:03:26'),
('18', 'AGREGO UNA NUEVA CARGA AL REPORTE CON ID 115', '2017-11-28 16:03:38'),
('18', 'AGREGO UNA NUEVA CARGA AL REPORTE CON ID 115', '2017-11-28 16:03:54'),
('18', 'AGREGO UNA NUEVA CARGA AL REPORTE CON ID 115', '2017-11-28 16:04:06'),
('18', 'AGREGO UNA NUEVA CARGA AL REPORTE CON ID 115', '2017-11-28 16:04:18'),
('18', 'AGREGO UNA NUEVA CARGA AL REPORTE CON ID 115', '2017-11-28 16:04:37'),
('18', 'AGREGO UN NUEVO REGISTRO DE HORA MOLIENDA AL REPORTE CON ID 115', '2017-11-28 16:05:03'),
('18', 'AGREGO UN NUEVO REGISTRO DE HORA MOLIENDA AL REPORTE CON ID 115', '2017-11-28 16:05:39'),
('18', 'AGREGO UN NUEVO REGISTRO DE HORA MOLIENDA AL REPORTE CON ID 115', '2017-11-28 16:06:04'),
('18', 'AGREGO UN NUEVO REGISTRO DE HORA MOLIENDA AL REPORTE CON ID 115', '2017-11-28 16:06:29'),
('18', 'AGREGO UN REGISTRO DE PASTA DEL TANQUE CON ID  AL RPT CON ID 115', '2017-11-28 16:06:58'),
('18', 'AGREGO UN REGISTRO DE PASTA DEL TANQUE CON ID 2 AL RPT CON ID 115', '2017-11-28 16:07:13'),
('18', 'AGREGO UN REGISTRO DE PASTA DEL TANQUE CON ID 3 AL RPT CON ID 115', '2017-11-28 16:07:39'),
('18', 'AGREGO UN REGISTRO DE PASTA DEL TANQUE CON ID 4 AL RPT CON ID 115', '2017-11-28 16:09:18'),
('18', 'AGREGO UN REGISTRO DE PASTA DEL TANQUE CON ID 5 AL RPT CON ID 115', '2017-11-28 16:09:53'),
('18', 'AGREGO UN REGISTRO DE PASTA DEL TANQUE CON ID 6 AL RPT CON ID 115', '2017-11-28 16:10:22'),
('18', 'AGREGO UN REGISTRO DE INSUMO AL RPT CON ID 115', '2017-11-28 16:11:47'),
('18', 'AGREGO UN REGISTRO DE INSUMO AL RPT CON ID 115', '2017-11-28 16:12:42'),
('18', 'CERRO SESION ', '2017-11-28 16:15:44'),
('8', 'INGRESO AL SISTEMA', '2017-11-28 16:16:36'),
('8', 'CAMBIO EL ESTADO AL REPORTE CON ID 112', '2017-11-28 16:26:21'),
('8', 'CAMBIO EL ESTADO AL REPORTE CON ID 113', '2017-11-28 16:26:29'),
('8', 'CAMBIO EL ESTADO AL REPORTE CON ID 115', '2017-11-28 16:26:34'),
('8', 'INSERTO ORDEN DE PRODUCCION NUMERO 1960', '2017-11-28 16:43:32'),
('8', 'AGREGO EL CONSECUTIVO NO. 1-1960 DEL TURNO 3', '2017-11-28 16:44:50'),
('8', 'AGREGO EL CONSECUTIVO NO. 1-1960 DEL TURNO 4', '2017-11-28 16:45:28'),
('8', 'AGREGO EL CONSECUTIVO NO. 1-1960 DEL TURNO 5', '2017-11-28 16:46:06'),
('8', 'CERRO SESION ', '2017-11-28 16:46:11'),
('10', 'INGRESO AL SISTEMA', '2017-11-28 16:47:43'),
('10', 'AGREGO INFORMACION DE PRODUCCION DEL RPT DIARIO CON ID 116', '2017-11-28 16:49:09'),
('10', 'ACTUALIZO INFORMACION DE PRODUCCION DEL RPT DIARIO CON ID 116', '2017-11-28 16:49:09'),
('10', 'AGREGO INFORMACION DE PRODUCCION DEL RPT DIARIO CON ID 116', '2017-11-28 16:50:06'),
('10', 'ACTUALIZO INFORMACION DE PRODUCCION DEL RPT DIARIO CON ID 116', '2017-11-28 16:50:06'),
('10', 'AGREGO INFORMACION DE PRODUCCION DEL RPT DIARIO CON ID 116', '2017-11-28 16:51:06'),
('10', 'ACTUALIZO INFORMACION DE PRODUCCION DEL RPT DIARIO CON ID 116', '2017-11-28 16:51:06'),
('10', 'AGREGO INFORMACION DE PRODUCCION DEL RPT DIARIO CON ID 116', '2017-11-28 16:52:10'),
('10', 'ACTUALIZO INFORMACION DE PRODUCCION DEL RPT DIARIO CON ID 116', '2017-11-28 16:52:10'),
('10', 'AGREGO NUEVO TIEMPO MUERTO AL CONSECUTIVO 1-1960 DEL TURNO 06:00AM-02:00PM', '2017-11-28 16:53:51'),
('10', 'AGREGO NUEVO TIEMPO MUERTO AL CONSECUTIVO 1-1960 DEL TURNO 06:00AM-02:00PM', '2017-11-28 16:54:29'),
('10', 'AGREGO NUEVO TIEMPO MUERTO AL CONSECUTIVO 1-1960 DEL TURNO 06:00AM-02:00PM', '2017-11-28 16:54:59'),
('10', 'AGREGO UNA NUEVA CARGA AL REPORTE CON ID 116', '2017-11-28 16:55:18'),
('10', 'AGREGO UNA NUEVA CARGA AL REPORTE CON ID 116', '2017-11-28 16:55:30'),
('10', 'AGREGO UNA NUEVA CARGA AL REPORTE CON ID 116', '2017-11-28 16:55:45'),
('10', 'AGREGO UNA NUEVA CARGA AL REPORTE CON ID 116', '2017-11-28 16:55:56'),
('10', 'AGREGO UN NUEVO REGISTRO DE HORA MOLIENDA AL REPORTE CON ID 116', '2017-11-28 16:56:34'),
('10', 'AGREGO UN REGISTRO DE INSUMO AL RPT CON ID 116', '2017-11-28 17:01:55'),
('10', 'AGREGO UN REGISTRO DE INSUMO AL RPT CON ID 116', '2017-11-28 17:02:30'),
('10', 'CERRO SESION ', '2017-11-28 17:02:39'),
('30', 'INGRESO AL SISTEMA', '2017-11-28 17:03:03'),
('30', 'AGREGO INFORMACION DE PRODUCCION DEL RPT DIARIO CON ID 117', '2017-11-28 17:05:22'),
('30', 'ACTUALIZO INFORMACION DE PRODUCCION DEL RPT DIARIO CON ID 117', '2017-11-28 17:05:22'),
('30', 'AGREGO INFORMACION DE PRODUCCION DEL RPT DIARIO CON ID 117', '2017-11-28 17:07:19'),
('30', 'ACTUALIZO INFORMACION DE PRODUCCION DEL RPT DIARIO CON ID 117', '2017-11-28 17:07:19'),
('30', 'AGREGO INFORMACION DE PRODUCCION DEL RPT DIARIO CON ID 117', '2017-11-28 17:09:08'),
('30', 'ACTUALIZO INFORMACION DE PRODUCCION DEL RPT DIARIO CON ID 117', '2017-11-28 17:09:08'),
('30', 'AGREGO INFORMACION DE PRODUCCION DEL RPT DIARIO CON ID 117', '2017-11-28 17:11:05'),
('30', 'ACTUALIZO INFORMACION DE PRODUCCION DEL RPT DIARIO CON ID 117', '2017-11-28 17:11:05'),
('30', 'CERRO SESION ', '2017-11-28 17:12:07'),
('30', 'INGRESO AL SISTEMA', '2017-11-29 11:38:11'),
('30', 'AGREGO INFORMACION DE PRODUCCION DEL RPT DIARIO CON ID 117', '2017-11-29 11:39:13'),
('30', 'ACTUALIZO INFORMACION DE PRODUCCION DEL RPT DIARIO CON ID 117', '2017-11-29 11:39:13'),
('30', 'AGREGO INFORMACION DE PRODUCCION DEL RPT DIARIO CON ID 117', '2017-11-29 11:40:10'),
('30', 'ACTUALIZO INFORMACION DE PRODUCCION DEL RPT DIARIO CON ID 117', '2017-11-29 11:40:10'),
('30', 'AGREGO INFORMACION DE PRODUCCION DEL RPT DIARIO CON ID 117', '2017-11-29 11:41:07'),
('30', 'ACTUALIZO INFORMACION DE PRODUCCION DEL RPT DIARIO CON ID 117', '2017-11-29 11:41:08'),
('30', 'AGREGO INFORMACION DE PRODUCCION DEL RPT DIARIO CON ID 117', '2017-11-29 11:42:13'),
('30', 'ACTUALIZO INFORMACION DE PRODUCCION DEL RPT DIARIO CON ID 117', '2017-11-29 11:42:13'),
('30', 'ELIMINO UN REGISTRO DE PRODUCCION DEL RPT CON ID 117', '2017-11-29 11:42:51'),
('30', 'AGREGO INFORMACION DE PRODUCCION DEL RPT DIARIO CON ID 117', '2017-11-29 11:43:45'),
('30', 'ACTUALIZO INFORMACION DE PRODUCCION DEL RPT DIARIO CON ID 117', '2017-11-29 11:43:45'),
('30', 'AGREGO INFORMACION DE PRODUCCION DEL RPT DIARIO CON ID 117', '2017-11-29 11:44:48'),
('30', 'ACTUALIZO INFORMACION DE PRODUCCION DEL RPT DIARIO CON ID 117', '2017-11-29 11:44:49'),
('30', 'AGREGO NUEVO TIEMPO MUERTO AL CONSECUTIVO 1-1960 DEL TURNO 02:00PM-10:00PM', '2017-11-29 11:45:45'),
('30', 'AGREGO NUEVO TIEMPO MUERTO AL CONSECUTIVO 1-1960 DEL TURNO 02:00PM-10:00PM', '2017-11-29 11:47:05'),
('30', 'AGREGO UNA NUEVA CARGA AL REPORTE CON ID 117', '2017-11-29 11:47:31'),
('30', 'AGREGO UNA NUEVA CARGA AL REPORTE CON ID 117', '2017-11-29 11:47:48'),
('30', 'AGREGO UNA NUEVA CARGA AL REPORTE CON ID 117', '2017-11-29 11:48:25'),
('30', 'AGREGO UNA NUEVA CARGA AL REPORTE CON ID 117', '2017-11-29 11:48:44'),
('30', 'AGREGO UNA NUEVA CARGA AL REPORTE CON ID 117', '2017-11-29 11:48:53'),
('30', 'AGREGO UNA NUEVA CARGA AL REPORTE CON ID 117', '2017-11-29 11:49:04'),
('30', 'AGREGO UNA NUEVA CARGA AL REPORTE CON ID 117', '2017-11-29 11:49:51'),
('30', 'AGREGO UNA NUEVA CARGA AL REPORTE CON ID 117', '2017-11-29 11:50:03'),
('30', 'AGREGO UN NUEVO REGISTRO DE HORA MOLIENDA AL REPORTE CON ID 117', '2017-11-29 11:50:40'),
('30', 'AGREGO UN NUEVO REGISTRO DE HORA MOLIENDA AL REPORTE CON ID 117', '2017-11-29 11:51:03'),
('30', 'AGREGO UN NUEVO REGISTRO DE HORA MOLIENDA AL REPORTE CON ID 117', '2017-11-29 11:51:22'),
('30', 'AGREGO UN REGISTRO DE INSUMO AL RPT CON ID 117', '2017-11-29 11:52:20'),
('30', 'ELIMINO UN REGISTRO DE INSUMO DEL RPT CON ID 117', '2017-11-29 11:53:06'),
('30', 'AGREGO UN REGISTRO DE INSUMO AL RPT CON ID 117', '2017-11-29 11:53:26'),
('30', 'AGREGO UN REGISTRO DE INSUMO AL RPT CON ID 117', '2017-11-29 11:53:50'),
('30', 'CERRO SESION ', '2017-11-29 11:54:10'),
('18', 'INGRESO AL SISTEMA', '2017-11-29 11:54:27'),
('18', 'AGREGO INFORMACION DE PRODUCCION DEL RPT DIARIO CON ID 118', '2017-11-29 11:55:33'),
('18', 'ACTUALIZO INFORMACION DE PRODUCCION DEL RPT DIARIO CON ID 118', '2017-11-29 11:55:34'),
('18', 'AGREGO INFORMACION DE PRODUCCION DEL RPT DIARIO CON ID 118', '2017-11-29 11:56:17'),
('18', 'ACTUALIZO INFORMACION DE PRODUCCION DEL RPT DIARIO CON ID 118', '2017-11-29 11:56:17'),
('18', 'AGREGO INFORMACION DE PRODUCCION DEL RPT DIARIO CON ID 118', '2017-11-29 11:57:02'),
('18', 'ACTUALIZO INFORMACION DE PRODUCCION DEL RPT DIARIO CON ID 118', '2017-11-29 11:57:02'),
('18', 'AGREGO NUEVO TIEMPO MUERTO AL CONSECUTIVO 1-1960 DEL TURNO 10:00PM-06:00AM', '2017-11-29 11:57:51'),
('18', 'AGREGO NUEVO TIEMPO MUERTO AL CONSECUTIVO 1-1960 DEL TURNO 10:00PM-06:00AM', '2017-11-29 11:58:29'),
('18', 'AGREGO NUEVO TIEMPO MUERTO AL CONSECUTIVO 1-1960 DEL TURNO 10:00PM-06:00AM', '2017-11-29 11:59:54'),
('18', 'AGREGO NUEVO TIEMPO MUERTO AL CONSECUTIVO 1-1960 DEL TURNO 10:00PM-06:00AM', '2017-11-29 13:14:17'),
('18', 'AGREGO UNA NUEVA CARGA AL REPORTE CON ID 118', '2017-11-29 13:15:08'),
('18', 'AGREGO UNA NUEVA CARGA AL REPORTE CON ID 118', '2017-11-29 13:15:25'),
('18', 'AGREGO UNA NUEVA CARGA AL REPORTE CON ID 118', '2017-11-29 13:15:45'),
('18', 'AGREGO UNA NUEVA CARGA AL REPORTE CON ID 118', '2017-11-29 13:16:04'),
('18', 'AGREGO UNA NUEVA CARGA AL REPORTE CON ID 118', '2017-11-29 13:16:46'),
('18', 'AGREGO UNA NUEVA CARGA AL REPORTE CON ID 118', '2017-11-29 13:17:17'),
('18', 'AGREGO UN NUEVO REGISTRO DE HORA MOLIENDA AL REPORTE CON ID 118', '2017-11-29 13:17:46'),
('18', 'AGREGO UN NUEVO REGISTRO DE HORA MOLIENDA AL REPORTE CON ID 118', '2017-11-29 13:18:29'),
('18', 'AGREGO UN REGISTRO DE PASTA DEL TANQUE CON ID 2 AL RPT CON ID 118', '2017-11-29 13:19:20'),
('18', 'AGREGO UN REGISTRO DE PASTA DEL TANQUE CON ID 4 AL RPT CON ID 118', '2017-11-29 13:20:14'),
('18', 'AGREGO UN REGISTRO DE PASTA DEL TANQUE CON ID 5 AL RPT CON ID 118', '2017-11-29 13:20:28'),
('18', 'AGREGO UN REGISTRO DE PASTA DEL TANQUE CON ID 6 AL RPT CON ID 118', '2017-11-29 13:20:42'),
('18', 'AGREGO UN REGISTRO DE INSUMO AL RPT CON ID 118', '2017-11-29 13:22:46'),
('18', 'CERRO SESION ', '2017-11-29 13:23:19'),
('8', 'INGRESO AL SISTEMA', '2017-11-29 13:24:16'),
('8', 'INSERTO ORDEN DE PRODUCCION NUMERO 1965', '2017-11-29 13:39:41'),
('8', 'AGREGO EL CONSECUTIVO NO. 1-1965 DEL TURNO 3', '2017-11-29 13:40:48'),
('8', 'AGREGO EL CONSECUTIVO NO. 1-1965 DEL TURNO 4', '2017-11-29 13:41:21'),
('8', 'AGREGO EL CONSECUTIVO NO. 1-1965 DEL TURNO 5', '2017-11-29 13:41:42'),
('8', 'CERRO SESION ', '2017-11-29 13:41:59'),
('10', 'INGRESO AL SISTEMA', '2017-11-29 13:42:42'),
('10', 'AGREGO INFORMACION DE PRODUCCION DEL RPT DIARIO CON ID 119', '2017-11-29 13:44:42'),
('10', 'ACTUALIZO INFORMACION DE PRODUCCION DEL RPT DIARIO CON ID 119', '2017-11-29 13:44:42'),
('10', 'AGREGO INFORMACION DE PRODUCCION DEL RPT DIARIO CON ID 119', '2017-11-29 13:45:34'),
('10', 'ACTUALIZO INFORMACION DE PRODUCCION DEL RPT DIARIO CON ID 119', '2017-11-29 13:45:34'),
('10', 'AGREGO INFORMACION DE PRODUCCION DEL RPT DIARIO CON ID 119', '2017-11-29 13:47:55'),
('10', 'ACTUALIZO INFORMACION DE PRODUCCION DEL RPT DIARIO CON ID 119', '2017-11-29 13:47:55'),
('10', 'AGREGO NUEVO TIEMPO MUERTO AL CONSECUTIVO 1-1965 DEL TURNO 06:00AM-02:00PM', '2017-11-29 13:51:26'),
('10', 'AGREGO NUEVO TIEMPO MUERTO AL CONSECUTIVO 1-1965 DEL TURNO 06:00AM-02:00PM', '2017-11-29 13:52:14'),
('10', 'AGREGO UNA NUEVA CARGA AL REPORTE CON ID 119', '2017-11-29 13:52:36'),
('10', 'AGREGO UNA NUEVA CARGA AL REPORTE CON ID 119', '2017-11-29 13:52:48'),
('10', 'AGREGO UNA NUEVA CARGA AL REPORTE CON ID 119', '2017-11-29 13:53:06'),
('10', 'AGREGO UNA NUEVA CARGA AL REPORTE CON ID 119', '2017-11-29 13:53:22'),
('10', 'AGREGO UN NUEVO REGISTRO DE HORA MOLIENDA AL REPORTE CON ID 119', '2017-11-29 13:53:44'),
('10', 'AGREGO UN REGISTRO DE INSUMO AL RPT CON ID 119', '2017-11-29 13:54:13'),
('10', 'AGREGO UN REGISTRO DE INSUMO AL RPT CON ID 119', '2017-11-29 14:00:32'),
('10', 'CERRO SESION ', '2017-11-29 14:00:47'),
('18', 'INGRESO AL SISTEMA', '2017-11-29 15:14:48'),
('18', 'AGREGO INFORMACION DE PRODUCCION DEL RPT DIARIO CON ID 121', '2017-11-29 15:35:32'),
('18', 'ACTUALIZO INFORMACION DE PRODUCCION DEL RPT DIARIO CON ID 121', '2017-11-29 15:35:32'),
('18', 'AGREGO INFORMACION DE PRODUCCION DEL RPT DIARIO CON ID 121', '2017-11-29 15:36:21'),
('18', 'ACTUALIZO INFORMACION DE PRODUCCION DEL RPT DIARIO CON ID 121', '2017-11-29 15:36:21'),
('18', 'AGREGO INFORMACION DE PRODUCCION DEL RPT DIARIO CON ID 121', '2017-11-29 15:37:04'),
('18', 'ACTUALIZO INFORMACION DE PRODUCCION DEL RPT DIARIO CON ID 121', '2017-11-29 15:37:04'),
('18', 'AGREGO INFORMACION DE PRODUCCION DEL RPT DIARIO CON ID 121', '2017-11-29 15:37:53'),
('18', 'ACTUALIZO INFORMACION DE PRODUCCION DEL RPT DIARIO CON ID 121', '2017-11-29 15:37:53'),
('18', 'AGREGO INFORMACION DE PRODUCCION DEL RPT DIARIO CON ID 121', '2017-11-29 15:38:53'),
('18', 'ACTUALIZO INFORMACION DE PRODUCCION DEL RPT DIARIO CON ID 121', '2017-11-29 15:38:53'),
('18', 'AGREGO INFORMACION DE PRODUCCION DEL RPT DIARIO CON ID 121', '2017-11-29 15:39:43'),
('18', 'ACTUALIZO INFORMACION DE PRODUCCION DEL RPT DIARIO CON ID 121', '2017-11-29 15:39:44'),
('18', 'AGREGO INFORMACION DE PRODUCCION DEL RPT DIARIO CON ID 121', '2017-11-29 15:40:40'),
('18', 'ACTUALIZO INFORMACION DE PRODUCCION DEL RPT DIARIO CON ID 121', '2017-11-29 15:40:40'),
('18', 'AGREGO INFORMACION DE PRODUCCION DEL RPT DIARIO CON ID 121', '2017-11-29 15:41:29'),
('18', 'ACTUALIZO INFORMACION DE PRODUCCION DEL RPT DIARIO CON ID 121', '2017-11-29 15:41:29'),
('18', 'AGREGO INFORMACION DE PRODUCCION DEL RPT DIARIO CON ID 121', '2017-11-29 15:43:17'),
('18', 'ACTUALIZO INFORMACION DE PRODUCCION DEL RPT DIARIO CON ID 121', '2017-11-29 15:43:17'),
('18', 'AGREGO INFORMACION DE PRODUCCION DEL RPT DIARIO CON ID 121', '2017-11-29 15:48:57'),
('18', 'ACTUALIZO INFORMACION DE PRODUCCION DEL RPT DIARIO CON ID 121', '2017-11-29 15:48:57'),
('18', 'AGREGO INFORMACION DE PRODUCCION DEL RPT DIARIO CON ID 121', '2017-11-29 15:48:59'),
('18', 'ACTUALIZO INFORMACION DE PRODUCCION DEL RPT DIARIO CON ID 121', '2017-11-29 15:48:59'),
('18', 'AGREGO INFORMACION DE PRODUCCION DEL RPT DIARIO CON ID 121', '2017-11-29 15:52:39'),
('18', 'ACTUALIZO INFORMACION DE PRODUCCION DEL RPT DIARIO CON ID 121', '2017-11-29 15:52:39'),
('18', 'AGREGO INFORMACION DE PRODUCCION DEL RPT DIARIO CON ID 121', '2017-11-29 15:54:09'),
('18', 'ACTUALIZO INFORMACION DE PRODUCCION DEL RPT DIARIO CON ID 121', '2017-11-29 15:54:09'),
('18', 'AGREGO INFORMACION DE PRODUCCION DEL RPT DIARIO CON ID 121', '2017-11-29 15:55:16'),
('18', 'ACTUALIZO INFORMACION DE PRODUCCION DEL RPT DIARIO CON ID 121', '2017-11-29 15:55:16'),
('18', 'AGREGO INFORMACION DE PRODUCCION DEL RPT DIARIO CON ID 121', '2017-11-29 15:59:41'),
('18', 'ACTUALIZO INFORMACION DE PRODUCCION DEL RPT DIARIO CON ID 121', '2017-11-29 15:59:41'),
('18', 'AGREGO NUEVO TIEMPO MUERTO AL CONSECUTIVO 1-1965 DEL TURNO 10:00PM-06:00AM', '2017-11-29 16:01:04'),
('18', 'AGREGO NUEVO TIEMPO MUERTO AL CONSECUTIVO 1-1965 DEL TURNO 10:00PM-06:00AM', '2017-11-29 16:01:39'),
('18', 'AGREGO NUEVO TIEMPO MUERTO AL CONSECUTIVO 1-1965 DEL TURNO 10:00PM-06:00AM', '2017-11-29 16:01:41'),
('18', 'ELIMINO UN TIEMPO MUERTO DEL REPORTE CON ID NO. 121', '2017-11-29 16:01:48'),
('18', 'AGREGO UNA NUEVA CARGA AL REPORTE CON ID 121', '2017-11-29 16:02:17'),
('18', 'AGREGO UNA NUEVA CARGA AL REPORTE CON ID 121', '2017-11-29 16:02:29'),
('18', 'AGREGO UNA NUEVA CARGA AL REPORTE CON ID 121', '2017-11-29 16:02:41'),
('18', 'AGREGO UNA NUEVA CARGA AL REPORTE CON ID 121', '2017-11-29 16:02:56'),
('18', 'AGREGO UNA NUEVA CARGA AL REPORTE CON ID 121', '2017-11-29 16:03:08'),
('18', 'AGREGO UNA NUEVA CARGA AL REPORTE CON ID 121', '2017-11-29 16:03:20'),
('18', 'AGREGO UNA NUEVA CARGA AL REPORTE CON ID 121', '2017-11-29 16:03:33'),
('18', 'AGREGO UNA NUEVA CARGA AL REPORTE CON ID 121', '2017-11-29 16:03:49'),
('18', 'AGREGO UNA NUEVA CARGA AL REPORTE CON ID 121', '2017-11-29 16:04:02'),
('18', 'AGREGO UNA NUEVA CARGA AL REPORTE CON ID 121', '2017-11-29 16:04:17'),
('18', 'AGREGO UNA NUEVA CARGA AL REPORTE CON ID 121', '2017-11-29 16:04:32'),
('18', 'AGREGO UNA NUEVA CARGA AL REPORTE CON ID 121', '2017-11-29 16:04:57'),
('18', 'AGREGO UN NUEVO REGISTRO DE HORA MOLIENDA AL REPORTE CON ID 121', '2017-11-29 16:05:19'),
('18', 'AGREGO UN NUEVO REGISTRO DE HORA MOLIENDA AL REPORTE CON ID 121', '2017-11-29 16:05:36'),
('18', 'AGREGO UN NUEVO REGISTRO DE HORA MOLIENDA AL REPORTE CON ID 121', '2017-11-29 16:05:55'),
('18', 'AGREGO UN NUEVO REGISTRO DE HORA MOLIENDA AL REPORTE CON ID 121', '2017-11-29 16:06:18'),
('18', 'AGREGO UN NUEVO REGISTRO DE HORA MOLIENDA AL REPORTE CON ID 121', '2017-11-29 16:06:39'),
('18', 'AGREGO UN REGISTRO DE INSUMO AL RPT CON ID 121', '2017-11-29 16:07:27'),
('18', 'AGREGO UN REGISTRO DE INSUMO AL RPT CON ID 121', '2017-11-29 16:07:52'),
('18', 'CERRO SESION ', '2017-11-29 16:08:16'),
('10', 'INGRESO AL SISTEMA', '2017-11-29 16:08:40'),
('10', 'CERRO SESION ', '2017-11-29 16:10:19'),
('8', 'INGRESO AL SISTEMA', '2017-11-29 16:11:01'),
('8', 'GENERO UN REPORTE DEL REPORTE DIARIO CON ID 119', '2017-11-29 16:14:00'),
('8', 'GENERO UN REPORTE DEL REPORTE DIARIO CON ID 120', '2017-11-29 16:14:49'),
('8', 'CERRO SESION ', '2017-11-29 16:15:26'),
('30', 'INGRESO AL SISTEMA', '2017-11-29 17:02:34'),
('30', 'AGREGO INFORMACION DE PRODUCCION DEL RPT DIARIO CON ID 120', '2017-11-29 17:03:51'),
('30', 'ACTUALIZO INFORMACION DE PRODUCCION DEL RPT DIARIO CON ID 120', '2017-11-29 17:03:51'),
('30', 'AGREGO INFORMACION DE PRODUCCION DEL RPT DIARIO CON ID 120', '2017-11-29 17:04:42'),
('30', 'ACTUALIZO INFORMACION DE PRODUCCION DEL RPT DIARIO CON ID 120', '2017-11-29 17:04:42'),
('30', 'AGREGO INFORMACION DE PRODUCCION DEL RPT DIARIO CON ID 120', '2017-11-29 17:06:36'),
('30', 'ACTUALIZO INFORMACION DE PRODUCCION DEL RPT DIARIO CON ID 120', '2017-11-29 17:06:36'),
('30', 'AGREGO INFORMACION DE PRODUCCION DEL RPT DIARIO CON ID 120', '2017-11-29 17:07:24'),
('30', 'ACTUALIZO INFORMACION DE PRODUCCION DEL RPT DIARIO CON ID 120', '2017-11-29 17:07:25'),
('30', 'AGREGO INFORMACION DE PRODUCCION DEL RPT DIARIO CON ID 120', '2017-11-29 17:08:13'),
('30', 'ACTUALIZO INFORMACION DE PRODUCCION DEL RPT DIARIO CON ID 120', '2017-11-29 17:08:13'),
('30', 'AGREGO INFORMACION DE PRODUCCION DEL RPT DIARIO CON ID 120', '2017-11-29 17:08:16'),
('30', 'ACTUALIZO INFORMACION DE PRODUCCION DEL RPT DIARIO CON ID 120', '2017-11-29 17:08:16'),
('30', 'AGREGO INFORMACION DE PRODUCCION DEL RPT DIARIO CON ID 120', '2017-11-29 17:09:14'),
('30', 'ACTUALIZO INFORMACION DE PRODUCCION DEL RPT DIARIO CON ID 120', '2017-11-29 17:09:14'),
('30', 'AGREGO INFORMACION DE PRODUCCION DEL RPT DIARIO CON ID 120', '2017-11-29 17:10:22'),
('30', 'ACTUALIZO INFORMACION DE PRODUCCION DEL RPT DIARIO CON ID 120', '2017-11-29 17:10:22'),
('30', 'AGREGO INFORMACION DE PRODUCCION DEL RPT DIARIO CON ID 120', '2017-11-29 17:11:07'),
('30', 'ACTUALIZO INFORMACION DE PRODUCCION DEL RPT DIARIO CON ID 120', '2017-11-29 17:11:07'),
('30', 'AGREGO INFORMACION DE PRODUCCION DEL RPT DIARIO CON ID 120', '2017-11-29 17:11:59'),
('30', 'ACTUALIZO INFORMACION DE PRODUCCION DEL RPT DIARIO CON ID 120', '2017-11-29 17:11:59'),
('30', 'AGREGO NUEVO TIEMPO MUERTO AL CONSECUTIVO 1-1965 DEL TURNO 02:00PM-10:00PM', '2017-11-29 17:15:23'),
('30', 'AGREGO NUEVO TIEMPO MUERTO AL CONSECUTIVO 1-1965 DEL TURNO 02:00PM-10:00PM', '2017-11-29 17:16:15'),
('30', 'AGREGO NUEVO TIEMPO MUERTO AL CONSECUTIVO 1-1965 DEL TURNO 02:00PM-10:00PM', '2017-11-29 17:17:06'),
('30', 'AGREGO NUEVO TIEMPO MUERTO AL CONSECUTIVO 1-1965 DEL TURNO 02:00PM-10:00PM', '2017-11-29 17:17:42'),
('30', 'AGREGO UNA NUEVA CARGA AL REPORTE CON ID 120', '2017-11-29 17:19:08'),
('30', 'AGREGO UNA NUEVA CARGA AL REPORTE CON ID 120', '2017-11-29 17:19:17'),
('30', 'AGREGO UNA NUEVA CARGA AL REPORTE CON ID 120', '2017-11-29 17:19:36'),
('30', 'AGREGO UNA NUEVA CARGA AL REPORTE CON ID 120', '2017-11-29 17:25:57'),
('30', 'AGREGO UNA NUEVA CARGA AL REPORTE CON ID 120', '2017-11-29 17:26:21'),
('30', 'AGREGO UNA NUEVA CARGA AL REPORTE CON ID 120', '2017-11-29 17:26:31'),
('30', 'AGREGO UNA NUEVA CARGA AL REPORTE CON ID 120', '2017-11-29 17:26:45'),
('30', 'AGREGO UNA NUEVA CARGA AL REPORTE CON ID 120', '2017-11-29 17:26:56'),
('30', 'AGREGO UN NUEVO REGISTRO DE HORA MOLIENDA AL REPORTE CON ID 120', '2017-11-29 17:27:54'),
('30', 'AGREGO UN NUEVO REGISTRO DE HORA MOLIENDA AL REPORTE CON ID 120', '2017-11-29 17:28:17'),
('30', 'AGREGO UN REGISTRO DE PASTA DEL TANQUE CON ID 2 AL RPT CON ID 120', '2017-11-29 17:29:48'),
('30', 'AGREGO UN REGISTRO DE PASTA DEL TANQUE CON ID 4 AL RPT CON ID 120', '2017-11-29 17:30:02'),
('30', 'AGREGO UN REGISTRO DE PASTA DEL TANQUE CON ID 5 AL RPT CON ID 120', '2017-11-29 17:30:26'),
('30', 'AGREGO UN REGISTRO DE PASTA DEL TANQUE CON ID 3 AL RPT CON ID 120', '2017-11-29 17:31:36'),
('30', 'AGREGO UN REGISTRO DE INSUMO AL RPT CON ID 120', '2017-11-29 17:32:07'),
('30', 'AGREGO UN REGISTRO DE INSUMO AL RPT CON ID 120', '2017-11-29 17:32:32'),
('8', 'INGRESO AL SISTEMA', '2017-11-30 11:33:33'),
('8', 'CERRO SESION ', '2017-11-30 11:42:23'),
('8', 'INGRESO AL SISTEMA', '2017-11-30 11:42:46'),
('8', 'INSERTO ORDEN DE PRODUCCION NUMERO 1970', '2017-11-30 11:43:31'),
('8', 'AGREGO EL CONSECUTIVO NO. 1-1970 DEL TURNO 3', '2017-11-30 11:44:21'),
('8', 'AGREGO EL CONSECUTIVO NO. 1-1970 DEL TURNO 4', '2017-11-30 11:44:41'),
('8', 'AGREGO EL CONSECUTIVO NO. 1-1970 DEL TURNO 5', '2017-11-30 11:45:16'),
('8', 'CERRO SESION ', '2017-11-30 11:45:44'),
('30', 'INGRESO AL SISTEMA', '2017-11-30 11:45:58'),
('30', 'AGREGO INFORMACION DE PRODUCCION DEL RPT DIARIO CON ID 122', '2017-11-30 11:48:06'),
('30', 'ACTUALIZO INFORMACION DE PRODUCCION DEL RPT DIARIO CON ID 122', '2017-11-30 11:48:06'),
('30', 'AGREGO INFORMACION DE PRODUCCION DEL RPT DIARIO CON ID 122', '2017-11-30 11:49:24'),
('30', 'ACTUALIZO INFORMACION DE PRODUCCION DEL RPT DIARIO CON ID 122', '2017-11-30 11:49:24'),
('30', 'AGREGO INFORMACION DE PRODUCCION DEL RPT DIARIO CON ID 122', '2017-11-30 11:50:16'),
('30', 'ACTUALIZO INFORMACION DE PRODUCCION DEL RPT DIARIO CON ID 122', '2017-11-30 11:50:16'),
('30', 'AGREGO INFORMACION DE PRODUCCION DEL RPT DIARIO CON ID 122', '2017-11-30 12:01:17'),
('30', 'ACTUALIZO INFORMACION DE PRODUCCION DEL RPT DIARIO CON ID 122', '2017-11-30 12:01:17'),
('30', 'AGREGO INFORMACION DE PRODUCCION DEL RPT DIARIO CON ID 122', '2017-11-30 13:20:09'),
('30', 'ACTUALIZO INFORMACION DE PRODUCCION DEL RPT DIARIO CON ID 122', '2017-11-30 13:20:09'),
('30', 'AGREGO INFORMACION DE PRODUCCION DEL RPT DIARIO CON ID 122', '2017-11-30 13:20:10'),
('30', 'ACTUALIZO INFORMACION DE PRODUCCION DEL RPT DIARIO CON ID 122', '2017-11-30 13:20:10'),
('30', 'ELIMINO UN REGISTRO DE PRODUCCION DEL RPT CON ID 122', '2017-11-30 13:20:23'),
('30', 'AGREGO INFORMACION DE PRODUCCION DEL RPT DIARIO CON ID 122', '2017-11-30 13:21:22'),
('30', 'ACTUALIZO INFORMACION DE PRODUCCION DEL RPT DIARIO CON ID 122', '2017-11-30 13:21:22'),
('30', 'AGREGO INFORMACION DE PRODUCCION DEL RPT DIARIO CON ID 122', '2017-11-30 13:23:08'),
('30', 'ACTUALIZO INFORMACION DE PRODUCCION DEL RPT DIARIO CON ID 122', '2017-11-30 13:23:08'),
('30', 'AGREGO INFORMACION DE PRODUCCION DEL RPT DIARIO CON ID 122', '2017-11-30 13:26:22'),
('30', 'ACTUALIZO INFORMACION DE PRODUCCION DEL RPT DIARIO CON ID 122', '2017-11-30 13:26:22'),
('30', 'AGREGO INFORMACION DE PRODUCCION DEL RPT DIARIO CON ID 122', '2017-11-30 13:27:20'),
('30', 'ACTUALIZO INFORMACION DE PRODUCCION DEL RPT DIARIO CON ID 122', '2017-11-30 13:27:20'),
('30', 'AGREGO INFORMACION DE PRODUCCION DEL RPT DIARIO CON ID 122', '2017-11-30 13:28:12'),
('30', 'ACTUALIZO INFORMACION DE PRODUCCION DEL RPT DIARIO CON ID 122', '2017-11-30 13:28:12'),
('30', 'AGREGO INFORMACION DE PRODUCCION DEL RPT DIARIO CON ID 122', '2017-11-30 13:28:54'),
('30', 'ACTUALIZO INFORMACION DE PRODUCCION DEL RPT DIARIO CON ID 122', '2017-11-30 13:28:54'),
('30', 'AGREGO INFORMACION DE PRODUCCION DEL RPT DIARIO CON ID 122', '2017-11-30 13:29:57'),
('30', 'ACTUALIZO INFORMACION DE PRODUCCION DEL RPT DIARIO CON ID 122', '2017-11-30 13:29:57'),
('30', 'AGREGO INFORMACION DE PRODUCCION DEL RPT DIARIO CON ID 122', '2017-11-30 13:31:14'),
('30', 'ACTUALIZO INFORMACION DE PRODUCCION DEL RPT DIARIO CON ID 122', '2017-11-30 13:31:14'),
('30', 'AGREGO INFORMACION DE PRODUCCION DEL RPT DIARIO CON ID 122', '2017-11-30 13:32:36'),
('30', 'ACTUALIZO INFORMACION DE PRODUCCION DEL RPT DIARIO CON ID 122', '2017-11-30 13:32:36'),
('30', 'AGREGO INFORMACION DE PRODUCCION DEL RPT DIARIO CON ID 122', '2017-11-30 13:33:29'),
('30', 'ACTUALIZO INFORMACION DE PRODUCCION DEL RPT DIARIO CON ID 122', '2017-11-30 13:33:29'),
('30', 'AGREGO NUEVO TIEMPO MUERTO AL CONSECUTIVO 1-1970 DEL TURNO 06:00AM-02:00PM', '2017-11-30 13:57:41'),
('30', 'AGREGO UNA NUEVA CARGA AL REPORTE CON ID 122', '2017-11-30 14:01:22'),
('30', 'AGREGO UNA NUEVA CARGA AL REPORTE CON ID 122', '2017-11-30 14:01:33'),
('30', 'AGREGO UNA NUEVA CARGA AL REPORTE CON ID 122', '2017-11-30 14:01:47'),
('30', 'AGREGO UNA NUEVA CARGA AL REPORTE CON ID 122', '2017-11-30 14:01:57'),
('30', 'AGREGO UNA NUEVA CARGA AL REPORTE CON ID 122', '2017-11-30 15:26:38'),
('30', 'AGREGO UNA NUEVA CARGA AL REPORTE CON ID 122', '2017-11-30 15:26:54'),
('30', 'AGREGO UN NUEVO REGISTRO DE HORA MOLIENDA AL REPORTE CON ID 122', '2017-11-30 15:27:19'),
('30', 'AGREGO UN NUEVO REGISTRO DE HORA MOLIENDA AL REPORTE CON ID 122', '2017-11-30 15:27:36'),
('30', 'AGREGO UN REGISTRO DE INSUMO AL RPT CON ID 122', '2017-11-30 15:48:26'),
('30', 'AGREGO UN REGISTRO DE INSUMO AL RPT CON ID 122', '2017-11-30 15:48:50'),
('30', 'CERRO SESION ', '2017-11-30 15:49:18'),
('18', 'INGRESO AL SISTEMA', '2017-11-30 15:49:50'),
('18', 'AGREGO INFORMACION DE PRODUCCION DEL RPT DIARIO CON ID 123', '2017-11-30 15:51:50'),
('18', 'ACTUALIZO INFORMACION DE PRODUCCION DEL RPT DIARIO CON ID 123', '2017-11-30 15:51:50'),
('18', 'AGREGO INFORMACION DE PRODUCCION DEL RPT DIARIO CON ID 123', '2017-11-30 15:52:34'),
('18', 'ACTUALIZO INFORMACION DE PRODUCCION DEL RPT DIARIO CON ID 123', '2017-11-30 15:52:34'),
('18', 'AGREGO INFORMACION DE PRODUCCION DEL RPT DIARIO CON ID 123', '2017-11-30 15:52:36'),
('18', 'ACTUALIZO INFORMACION DE PRODUCCION DEL RPT DIARIO CON ID 123', '2017-11-30 15:52:36'),
('18', 'ELIMINO UN REGISTRO DE PRODUCCION DEL RPT CON ID 123', '2017-11-30 15:52:43'),
('18', 'AGREGO INFORMACION DE PRODUCCION DEL RPT DIARIO CON ID 123', '2017-11-30 15:53:50'),
('18', 'ACTUALIZO INFORMACION DE PRODUCCION DEL RPT DIARIO CON ID 123', '2017-11-30 15:53:50'),
('18', 'AGREGO INFORMACION DE PRODUCCION DEL RPT DIARIO CON ID 123', '2017-11-30 15:55:49'),
('18', 'ACTUALIZO INFORMACION DE PRODUCCION DEL RPT DIARIO CON ID 123', '2017-11-30 15:55:49'),
('18', 'AGREGO INFORMACION DE PRODUCCION DEL RPT DIARIO CON ID 123', '2017-11-30 15:56:51'),
('18', 'ACTUALIZO INFORMACION DE PRODUCCION DEL RPT DIARIO CON ID 123', '2017-11-30 15:56:51'),
('18', 'AGREGO INFORMACION DE PRODUCCION DEL RPT DIARIO CON ID 123', '2017-11-30 15:57:46'),
('18', 'ACTUALIZO INFORMACION DE PRODUCCION DEL RPT DIARIO CON ID 123', '2017-11-30 15:57:46'),
('18', 'AGREGO INFORMACION DE PRODUCCION DEL RPT DIARIO CON ID 123', '2017-11-30 15:57:52'),
('18', 'ACTUALIZO INFORMACION DE PRODUCCION DEL RPT DIARIO CON ID 123', '2017-11-30 15:57:52'),
('18', 'AGREGO INFORMACION DE PRODUCCION DEL RPT DIARIO CON ID 123', '2017-11-30 15:59:01'),
('18', 'ACTUALIZO INFORMACION DE PRODUCCION DEL RPT DIARIO CON ID 123', '2017-11-30 15:59:01'),
('18', 'AGREGO INFORMACION DE PRODUCCION DEL RPT DIARIO CON ID 123', '2017-11-30 15:59:51'),
('18', 'ACTUALIZO INFORMACION DE PRODUCCION DEL RPT DIARIO CON ID 123', '2017-11-30 15:59:51'),
('18', 'AGREGO INFORMACION DE PRODUCCION DEL RPT DIARIO CON ID 123', '2017-11-30 15:59:53'),
('18', 'ACTUALIZO INFORMACION DE PRODUCCION DEL RPT DIARIO CON ID 123', '2017-11-30 15:59:53'),
('18', 'ELIMINO UN REGISTRO DE PRODUCCION DEL RPT CON ID 123', '2017-11-30 16:00:18'),
('18', 'AGREGO INFORMACION DE PRODUCCION DEL RPT DIARIO CON ID 123', '2017-11-30 16:01:04'),
('18', 'ACTUALIZO INFORMACION DE PRODUCCION DEL RPT DIARIO CON ID 123', '2017-11-30 16:01:04'),
('18', 'AGREGO INFORMACION DE PRODUCCION DEL RPT DIARIO CON ID 123', '2017-11-30 16:02:07'),
('18', 'ACTUALIZO INFORMACION DE PRODUCCION DEL RPT DIARIO CON ID 123', '2017-11-30 16:02:08'),
('18', 'AGREGO INFORMACION DE PRODUCCION DEL RPT DIARIO CON ID 123', '2017-11-30 16:02:56'),
('18', 'ACTUALIZO INFORMACION DE PRODUCCION DEL RPT DIARIO CON ID 123', '2017-11-30 16:02:56'),
('18', 'AGREGO INFORMACION DE PRODUCCION DEL RPT DIARIO CON ID 123', '2017-11-30 16:04:07'),
('18', 'ACTUALIZO INFORMACION DE PRODUCCION DEL RPT DIARIO CON ID 123', '2017-11-30 16:04:07'),
('18', 'ELIMINO UN REGISTRO DE PRODUCCION DEL RPT CON ID 123', '2017-11-30 16:05:28'),
('18', 'ELIMINO UN REGISTRO DE PRODUCCION DEL RPT CON ID 123', '2017-11-30 16:05:47'),
('18', 'AGREGO NUEVO TIEMPO MUERTO AL CONSECUTIVO 1-1970 DEL TURNO 02:00PM-10:00PM', '2017-11-30 16:08:17'),
('18', 'AGREGO NUEVO TIEMPO MUERTO AL CONSECUTIVO 1-1970 DEL TURNO 02:00PM-10:00PM', '2017-11-30 16:08:46'),
('18', 'AGREGO NUEVO TIEMPO MUERTO AL CONSECUTIVO 1-1970 DEL TURNO 02:00PM-10:00PM', '2017-11-30 16:09:32'),
('18', 'AGREGO NUEVO TIEMPO MUERTO AL CONSECUTIVO 1-1970 DEL TURNO 02:00PM-10:00PM', '2017-11-30 16:10:07'),
('18', 'AGREGO UNA NUEVA CARGA AL REPORTE CON ID 123', '2017-11-30 16:10:30'),
('18', 'AGREGO UNA NUEVA CARGA AL REPORTE CON ID 123', '2017-11-30 16:10:45'),
('18', 'AGREGO UNA NUEVA CARGA AL REPORTE CON ID 123', '2017-11-30 16:11:02'),
('18', 'AGREGO UNA NUEVA CARGA AL REPORTE CON ID 123', '2017-11-30 16:11:16'),
('18', 'AGREGO UNA NUEVA CARGA AL REPORTE CON ID 123', '2017-11-30 16:11:28'),
('18', 'AGREGO UNA NUEVA CARGA AL REPORTE CON ID 123', '2017-11-30 16:11:36'),
('18', 'AGREGO UNA NUEVA CARGA AL REPORTE CON ID 123', '2017-11-30 16:11:49'),
('18', 'AGREGO UNA NUEVA CARGA AL REPORTE CON ID 123', '2017-11-30 16:12:14'),
('18', 'AGREGO UNA NUEVA CARGA AL REPORTE CON ID 123', '2017-11-30 16:12:26'),
('18', 'AGREGO UNA NUEVA CARGA AL REPORTE CON ID 123', '2017-11-30 16:12:44'),
('18', 'AGREGO UN NUEVO REGISTRO DE HORA MOLIENDA AL REPORTE CON ID 123', '2017-11-30 16:13:03'),
('18', 'AGREGO UN NUEVO REGISTRO DE HORA MOLIENDA AL REPORTE CON ID 123', '2017-11-30 16:13:22'),
('18', 'AGREGO UN NUEVO REGISTRO DE HORA MOLIENDA AL REPORTE CON ID 123', '2017-11-30 16:14:04'),
('18', 'AGREGO UN NUEVO REGISTRO DE HORA MOLIENDA AL REPORTE CON ID 123', '2017-11-30 16:14:22'),
('18', 'AGREGO UN REGISTRO DE INSUMO AL RPT CON ID 123', '2017-11-30 16:15:17'),
('18', 'AGREGO UN REGISTRO DE INSUMO AL RPT CON ID 123', '2017-11-30 16:15:49'),
('18', 'CERRO SESION ', '2017-11-30 16:16:27'),
('10', 'INGRESO AL SISTEMA', '2017-11-30 16:16:53'),
('10', 'AGREGO INFORMACION DE PRODUCCION DEL RPT DIARIO CON ID 124', '2017-11-30 16:35:53'),
('10', 'ACTUALIZO INFORMACION DE PRODUCCION DEL RPT DIARIO CON ID 124', '2017-11-30 16:35:53'),
('10', 'AGREGO INFORMACION DE PRODUCCION DEL RPT DIARIO CON ID 124', '2017-11-30 16:36:49'),
('10', 'ACTUALIZO INFORMACION DE PRODUCCION DEL RPT DIARIO CON ID 124', '2017-11-30 16:36:49'),
('10', 'ELIMINO UN REGISTRO DE PRODUCCION DEL RPT CON ID 124', '2017-11-30 16:36:58'),
('10', 'AGREGO INFORMACION DE PRODUCCION DEL RPT DIARIO CON ID 124', '2017-11-30 16:39:50'),
('10', 'ACTUALIZO INFORMACION DE PRODUCCION DEL RPT DIARIO CON ID 124', '2017-11-30 16:39:50'),
('10', 'AGREGO INFORMACION DE PRODUCCION DEL RPT DIARIO CON ID 124', '2017-11-30 16:40:55'),
('10', 'ACTUALIZO INFORMACION DE PRODUCCION DEL RPT DIARIO CON ID 124', '2017-11-30 16:40:55'),
('10', 'AGREGO INFORMACION DE PRODUCCION DEL RPT DIARIO CON ID 124', '2017-11-30 16:41:59'),
('10', 'ACTUALIZO INFORMACION DE PRODUCCION DEL RPT DIARIO CON ID 124', '2017-11-30 16:41:59'),
('10', 'AGREGO INFORMACION DE PRODUCCION DEL RPT DIARIO CON ID 124', '2017-11-30 16:42:58'),
('10', 'ACTUALIZO INFORMACION DE PRODUCCION DEL RPT DIARIO CON ID 124', '2017-11-30 16:42:58'),
('10', 'AGREGO INFORMACION DE PRODUCCION DEL RPT DIARIO CON ID 124', '2017-11-30 16:43:43'),
('10', 'ACTUALIZO INFORMACION DE PRODUCCION DEL RPT DIARIO CON ID 124', '2017-11-30 16:43:43'),
('10', 'AGREGO INFORMACION DE PRODUCCION DEL RPT DIARIO CON ID 124', '2017-11-30 16:44:32'),
('10', 'ACTUALIZO INFORMACION DE PRODUCCION DEL RPT DIARIO CON ID 124', '2017-11-30 16:44:32'),
('10', 'AGREGO INFORMACION DE PRODUCCION DEL RPT DIARIO CON ID 124', '2017-11-30 16:45:25'),
('10', 'ACTUALIZO INFORMACION DE PRODUCCION DEL RPT DIARIO CON ID 124', '2017-11-30 16:45:25'),
('10', 'AGREGO NUEVO TIEMPO MUERTO AL CONSECUTIVO 1-1970 DEL TURNO 10:00PM-06:00AM', '2017-11-30 16:47:57'),
('10', 'AGREGO NUEVO TIEMPO MUERTO AL CONSECUTIVO 1-1970 DEL TURNO 10:00PM-06:00AM', '2017-11-30 16:48:32'),
('10', 'AGREGO NUEVO TIEMPO MUERTO AL CONSECUTIVO 1-1970 DEL TURNO 10:00PM-06:00AM', '2017-11-30 16:49:16'),
('10', 'AGREGO NUEVO TIEMPO MUERTO AL CONSECUTIVO 1-1970 DEL TURNO 10:00PM-06:00AM', '2017-11-30 16:50:08'),
('10', 'AGREGO NUEVO TIEMPO MUERTO AL CONSECUTIVO 1-1970 DEL TURNO 10:00PM-06:00AM', '2017-11-30 16:51:05'),
('10', 'AGREGO NUEVO TIEMPO MUERTO AL CONSECUTIVO 1-1970 DEL TURNO 10:00PM-06:00AM', '2017-11-30 16:51:32'),
('10', 'AGREGO UNA NUEVA CARGA AL REPORTE CON ID 124', '2017-11-30 16:51:57'),
('10', 'AGREGO UNA NUEVA CARGA AL REPORTE CON ID 124', '2017-11-30 16:52:10'),
('10', 'AGREGO UNA NUEVA CARGA AL REPORTE CON ID 124', '2017-11-30 16:52:23'),
('10', 'AGREGO UNA NUEVA CARGA AL REPORTE CON ID 124', '2017-11-30 16:52:34'),
('10', 'AGREGO UNA NUEVA CARGA AL REPORTE CON ID 124', '2017-11-30 16:52:57'),
('10', 'AGREGO UNA NUEVA CARGA AL REPORTE CON ID 124', '2017-11-30 16:53:08'),
('10', 'AGREGO UNA NUEVA CARGA AL REPORTE CON ID 124', '2017-11-30 16:53:23'),
('10', 'AGREGO UNA NUEVA CARGA AL REPORTE CON ID 124', '2017-11-30 16:53:40'),
('10', 'AGREGO UN NUEVO REGISTRO DE HORA MOLIENDA AL REPORTE CON ID 124', '2017-11-30 16:54:02'),
('10', 'AGREGO UN NUEVO REGISTRO DE HORA MOLIENDA AL REPORTE CON ID 124', '2017-11-30 16:54:23'),
('10', 'AGREGO UN NUEVO REGISTRO DE HORA MOLIENDA AL REPORTE CON ID 124', '2017-11-30 16:54:44'),
('10', 'AGREGO UN REGISTRO DE PASTA DEL TANQUE CON ID 2 AL RPT CON ID 124', '2017-11-30 16:58:33'),
('10', 'AGREGO UN REGISTRO DE PASTA DEL TANQUE CON ID 4 AL RPT CON ID 124', '2017-11-30 16:59:15'),
('10', 'AGREGO UN REGISTRO DE PASTA DEL TANQUE CON ID 5 AL RPT CON ID 124', '2017-11-30 16:59:30'),
('10', 'AGREGO UN REGISTRO DE PASTA DEL TANQUE CON ID 6 AL RPT CON ID 124', '2017-11-30 16:59:40'),
('10', 'AGREGO UN REGISTRO DE INSUMO AL RPT CON ID 124', '2017-11-30 17:00:24'),
('10', 'AGREGO UN REGISTRO DE INSUMO AL RPT CON ID 124', '2017-11-30 17:00:50'),
('10', 'ELIMINO UN REGISTRO DE INSUMO DEL RPT CON ID 124', '2017-11-30 17:01:15'),
('10', 'AGREGO UN REGISTRO DE INSUMO AL RPT CON ID 124', '2017-11-30 17:01:26'),
('10', 'CERRO SESION ', '2017-11-30 17:02:10'),
('8', 'INGRESO AL SISTEMA', '2017-11-30 17:02:27'),
('8', 'CERRO SESION ', '2017-11-30 17:08:14'),
('8', 'INGRESO AL SISTEMA', '2017-11-30 17:21:29'),
('8', 'INGRESO AL SISTEMA', '2017-12-01 10:59:54'),
('8', 'INSERTO ORDEN DE PRODUCCION NUMERO 1976', '2017-12-01 11:01:01'),
('8', 'AGREGO EL CONSECUTIVO NO. 1-1976 DEL TURNO 3', '2017-12-01 11:01:57'),
('8', 'AGREGO EL CONSECUTIVO NO. 1-1976 DEL TURNO 4', '2017-12-01 11:02:25'),
('8', 'AGREGO EL CONSECUTIVO NO. 1-1976 DEL TURNO 5', '2017-12-01 11:03:01'),
('8', 'CERRO SESION ', '2017-12-01 11:03:47'),
('30', 'INGRESO AL SISTEMA', '2017-12-01 11:04:00'),
('30', 'AGREGO INFORMACION DE PRODUCCION DEL RPT DIARIO CON ID 125', '2017-12-01 11:04:53'),
('30', 'ACTUALIZO INFORMACION DE PRODUCCION DEL RPT DIARIO CON ID 125', '2017-12-01 11:04:53'),
('30', 'AGREGO INFORMACION DE PRODUCCION DEL RPT DIARIO CON ID 125', '2017-12-01 11:05:30'),
('30', 'ACTUALIZO INFORMACION DE PRODUCCION DEL RPT DIARIO CON ID 125', '2017-12-01 11:05:30'),
('30', 'AGREGO INFORMACION DE PRODUCCION DEL RPT DIARIO CON ID 125', '2017-12-01 11:06:07'),
('30', 'ACTUALIZO INFORMACION DE PRODUCCION DEL RPT DIARIO CON ID 125', '2017-12-01 11:06:07'),
('30', 'AGREGO INFORMACION DE PRODUCCION DEL RPT DIARIO CON ID 125', '2017-12-01 11:06:49'),
('30', 'ACTUALIZO INFORMACION DE PRODUCCION DEL RPT DIARIO CON ID 125', '2017-12-01 11:06:49'),
('30', 'AGREGO INFORMACION DE PRODUCCION DEL RPT DIARIO CON ID 125', '2017-12-01 11:07:35'),
('30', 'ACTUALIZO INFORMACION DE PRODUCCION DEL RPT DIARIO CON ID 125', '2017-12-01 11:07:35'),
('30', 'AGREGO INFORMACION DE PRODUCCION DEL RPT DIARIO CON ID 125', '2017-12-01 11:08:15'),
('30', 'ACTUALIZO INFORMACION DE PRODUCCION DEL RPT DIARIO CON ID 125', '2017-12-01 11:08:15'),
('30', 'AGREGO INFORMACION DE PRODUCCION DEL RPT DIARIO CON ID 125', '2017-12-01 11:09:06'),
('30', 'ACTUALIZO INFORMACION DE PRODUCCION DEL RPT DIARIO CON ID 125', '2017-12-01 11:09:06'),
('30', 'AGREGO INFORMACION DE PRODUCCION DEL RPT DIARIO CON ID 125', '2017-12-01 11:09:52'),
('30', 'ACTUALIZO INFORMACION DE PRODUCCION DEL RPT DIARIO CON ID 125', '2017-12-01 11:09:52'),
('30', 'AGREGO INFORMACION DE PRODUCCION DEL RPT DIARIO CON ID 125', '2017-12-01 11:10:38'),
('30', 'ACTUALIZO INFORMACION DE PRODUCCION DEL RPT DIARIO CON ID 125', '2017-12-01 11:10:38'),
('30', 'AGREGO INFORMACION DE PRODUCCION DEL RPT DIARIO CON ID 125', '2017-12-01 11:12:27'),
('30', 'ACTUALIZO INFORMACION DE PRODUCCION DEL RPT DIARIO CON ID 125', '2017-12-01 11:12:28'),
('30', 'AGREGO INFORMACION DE PRODUCCION DEL RPT DIARIO CON ID 125', '2017-12-01 11:13:19'),
('30', 'ACTUALIZO INFORMACION DE PRODUCCION DEL RPT DIARIO CON ID 125', '2017-12-01 11:13:19'),
('30', 'AGREGO INFORMACION DE PRODUCCION DEL RPT DIARIO CON ID 125', '2017-12-01 11:14:11'),
('30', 'ACTUALIZO INFORMACION DE PRODUCCION DEL RPT DIARIO CON ID 125', '2017-12-01 11:14:11'),
('30', 'AGREGO INFORMACION DE PRODUCCION DEL RPT DIARIO CON ID 125', '2017-12-01 11:15:10'),
('30', 'ACTUALIZO INFORMACION DE PRODUCCION DEL RPT DIARIO CON ID 125', '2017-12-01 11:15:10'),
('30', 'AGREGO INFORMACION DE PRODUCCION DEL RPT DIARIO CON ID 125', '2017-12-01 11:17:05'),
('30', 'ACTUALIZO INFORMACION DE PRODUCCION DEL RPT DIARIO CON ID 125', '2017-12-01 11:17:05'),
('30', 'AGREGO NUEVO TIEMPO MUERTO AL CONSECUTIVO 1-1976 DEL TURNO 06:00AM-02:00PM', '2017-12-01 11:18:12'),
('30', 'AGREGO NUEVO TIEMPO MUERTO AL CONSECUTIVO 1-1976 DEL TURNO 06:00AM-02:00PM', '2017-12-01 11:18:48'),
('30', 'AGREGO UNA NUEVA CARGA AL REPORTE CON ID 125', '2017-12-01 11:25:04'),
('30', 'AGREGO UNA NUEVA CARGA AL REPORTE CON ID 125', '2017-12-01 11:25:16'),
('30', 'AGREGO UNA NUEVA CARGA AL REPORTE CON ID 125', '2017-12-01 11:25:56'),
('30', 'AGREGO UNA NUEVA CARGA AL REPORTE CON ID 125', '2017-12-01 11:26:08'),
('30', 'AGREGO UNA NUEVA CARGA AL REPORTE CON ID 125', '2017-12-01 11:26:18'),
('30', 'AGREGO UNA NUEVA CARGA AL REPORTE CON ID 125', '2017-12-01 11:26:27'),
('30', 'AGREGO UNA NUEVA CARGA AL REPORTE CON ID 125', '2017-12-01 11:26:40'),
('30', 'AGREGO UNA NUEVA CARGA AL REPORTE CON ID 125', '2017-12-01 11:26:54'),
('30', 'AGREGO UN NUEVO REGISTRO DE HORA MOLIENDA AL REPORTE CON ID 125', '2017-12-01 11:27:11'),
('30', 'AGREGO UN NUEVO REGISTRO DE HORA MOLIENDA AL REPORTE CON ID 125', '2017-12-01 11:27:29'),
('30', 'AGREGO UN NUEVO REGISTRO DE HORA MOLIENDA AL REPORTE CON ID 125', '2017-12-01 11:27:50'),
('30', 'AGREGO UN REGISTRO DE INSUMO AL RPT CON ID 125', '2017-12-01 11:30:49');
INSERT INTO `log` (`IdUser`, `Accion`, `Fecha`) VALUES
('30', 'AGREGO UN REGISTRO DE INSUMO AL RPT CON ID 125', '2017-12-01 11:31:10'),
('30', 'CERRO SESION ', '2017-12-01 11:33:17'),
('18', 'INGRESO AL SISTEMA', '2017-12-01 11:33:41'),
('18', 'AGREGO INFORMACION DE PRODUCCION DEL RPT DIARIO CON ID 126', '2017-12-01 13:51:29'),
('18', 'ACTUALIZO INFORMACION DE PRODUCCION DEL RPT DIARIO CON ID 126', '2017-12-01 13:51:29'),
('18', 'AGREGO INFORMACION DE PRODUCCION DEL RPT DIARIO CON ID 126', '2017-12-01 13:52:38'),
('18', 'ACTUALIZO INFORMACION DE PRODUCCION DEL RPT DIARIO CON ID 126', '2017-12-01 13:52:38'),
('18', 'AGREGO INFORMACION DE PRODUCCION DEL RPT DIARIO CON ID 126', '2017-12-01 14:24:15'),
('18', 'ACTUALIZO INFORMACION DE PRODUCCION DEL RPT DIARIO CON ID 126', '2017-12-01 14:24:15'),
('18', 'AGREGO INFORMACION DE PRODUCCION DEL RPT DIARIO CON ID 126', '2017-12-01 14:25:00'),
('18', 'ACTUALIZO INFORMACION DE PRODUCCION DEL RPT DIARIO CON ID 126', '2017-12-01 14:25:00'),
('18', 'ELIMINO UN REGISTRO DE PRODUCCION DEL RPT CON ID 126', '2017-12-01 14:25:09'),
('18', 'AGREGO INFORMACION DE PRODUCCION DEL RPT DIARIO CON ID 126', '2017-12-01 14:33:30'),
('18', 'ACTUALIZO INFORMACION DE PRODUCCION DEL RPT DIARIO CON ID 126', '2017-12-01 14:33:30'),
('18', 'AGREGO INFORMACION DE PRODUCCION DEL RPT DIARIO CON ID 126', '2017-12-01 14:34:48'),
('18', 'ACTUALIZO INFORMACION DE PRODUCCION DEL RPT DIARIO CON ID 126', '2017-12-01 14:34:48'),
('18', 'AGREGO INFORMACION DE PRODUCCION DEL RPT DIARIO CON ID 126', '2017-12-01 14:35:45'),
('18', 'ACTUALIZO INFORMACION DE PRODUCCION DEL RPT DIARIO CON ID 126', '2017-12-01 14:35:45'),
('18', 'AGREGO INFORMACION DE PRODUCCION DEL RPT DIARIO CON ID 126', '2017-12-01 14:36:31'),
('18', 'ACTUALIZO INFORMACION DE PRODUCCION DEL RPT DIARIO CON ID 126', '2017-12-01 14:36:31'),
('18', 'AGREGO INFORMACION DE PRODUCCION DEL RPT DIARIO CON ID 126', '2017-12-01 14:36:32'),
('18', 'ACTUALIZO INFORMACION DE PRODUCCION DEL RPT DIARIO CON ID 126', '2017-12-01 14:36:32'),
('18', 'ELIMINO UN REGISTRO DE PRODUCCION DEL RPT CON ID 126', '2017-12-01 14:36:46'),
('18', 'AGREGO INFORMACION DE PRODUCCION DEL RPT DIARIO CON ID 126', '2017-12-01 14:37:35'),
('18', 'ACTUALIZO INFORMACION DE PRODUCCION DEL RPT DIARIO CON ID 126', '2017-12-01 14:37:36'),
('18', 'AGREGO INFORMACION DE PRODUCCION DEL RPT DIARIO CON ID 126', '2017-12-01 14:38:22'),
('18', 'ACTUALIZO INFORMACION DE PRODUCCION DEL RPT DIARIO CON ID 126', '2017-12-01 14:38:22'),
('18', 'AGREGO INFORMACION DE PRODUCCION DEL RPT DIARIO CON ID 126', '2017-12-01 14:39:51'),
('18', 'ACTUALIZO INFORMACION DE PRODUCCION DEL RPT DIARIO CON ID 126', '2017-12-01 14:39:51'),
('18', 'AGREGO INFORMACION DE PRODUCCION DEL RPT DIARIO CON ID 126', '2017-12-01 14:42:05'),
('18', 'ACTUALIZO INFORMACION DE PRODUCCION DEL RPT DIARIO CON ID 126', '2017-12-01 14:42:05'),
('18', 'AGREGO INFORMACION DE PRODUCCION DEL RPT DIARIO CON ID 126', '2017-12-01 14:44:37'),
('18', 'ACTUALIZO INFORMACION DE PRODUCCION DEL RPT DIARIO CON ID 126', '2017-12-01 14:44:37'),
('18', 'AGREGO INFORMACION DE PRODUCCION DEL RPT DIARIO CON ID 126', '2017-12-01 14:47:13'),
('18', 'ACTUALIZO INFORMACION DE PRODUCCION DEL RPT DIARIO CON ID 126', '2017-12-01 14:47:13'),
('18', 'AGREGO NUEVO TIEMPO MUERTO AL CONSECUTIVO 1-1976 DEL TURNO 02:00PM-10:00PM', '2017-12-01 14:48:48'),
('18', 'AGREGO NUEVO TIEMPO MUERTO AL CONSECUTIVO 1-1976 DEL TURNO 02:00PM-10:00PM', '2017-12-01 14:49:54'),
('18', 'AGREGO NUEVO TIEMPO MUERTO AL CONSECUTIVO 1-1976 DEL TURNO 02:00PM-10:00PM', '2017-12-01 14:50:30'),
('18', 'AGREGO NUEVO TIEMPO MUERTO AL CONSECUTIVO 1-1976 DEL TURNO 02:00PM-10:00PM', '2017-12-01 14:51:03'),
('18', 'AGREGO NUEVO TIEMPO MUERTO AL CONSECUTIVO 1-1976 DEL TURNO 02:00PM-10:00PM', '2017-12-01 14:51:54'),
('18', 'AGREGO NUEVO TIEMPO MUERTO AL CONSECUTIVO 1-1976 DEL TURNO 02:00PM-10:00PM', '2017-12-01 14:52:39'),
('18', 'AGREGO NUEVO TIEMPO MUERTO AL CONSECUTIVO 1-1976 DEL TURNO 02:00PM-10:00PM', '2017-12-01 14:53:27'),
('18', 'AGREGO NUEVO TIEMPO MUERTO AL CONSECUTIVO 1-1976 DEL TURNO 02:00PM-10:00PM', '2017-12-01 14:54:58'),
('15', 'INGRESO AL SISTEMA', '2017-12-01 14:55:15'),
('15', 'GENERO UN REPORTE DEL REPORTE DIARIO CON ID 125', '2017-12-01 14:55:41'),
('18', 'AGREGO NUEVO TIEMPO MUERTO AL CONSECUTIVO 1-1976 DEL TURNO 02:00PM-10:00PM', '2017-12-01 14:55:59'),
('18', 'AGREGO NUEVO TIEMPO MUERTO AL CONSECUTIVO 1-1976 DEL TURNO 02:00PM-10:00PM', '2017-12-01 14:56:43'),
('18', 'AGREGO NUEVO TIEMPO MUERTO AL CONSECUTIVO 1-1976 DEL TURNO 02:00PM-10:00PM', '2017-12-01 14:56:44'),
('18', 'ELIMINO UN TIEMPO MUERTO DEL REPORTE CON ID NO. 126', '2017-12-01 14:56:52'),
('18', 'AGREGO UNA NUEVA CARGA AL REPORTE CON ID 126', '2017-12-01 14:57:09'),
('18', 'AGREGO UNA NUEVA CARGA AL REPORTE CON ID 126', '2017-12-01 14:57:19'),
('18', 'AGREGO UNA NUEVA CARGA AL REPORTE CON ID 126', '2017-12-01 14:57:46'),
('18', 'AGREGO UNA NUEVA CARGA AL REPORTE CON ID 126', '2017-12-01 14:57:57'),
('18', 'AGREGO UNA NUEVA CARGA AL REPORTE CON ID 126', '2017-12-01 14:58:09'),
('18', 'AGREGO UNA NUEVA CARGA AL REPORTE CON ID 126', '2017-12-01 14:58:24'),
('18', 'AGREGO UNA NUEVA CARGA AL REPORTE CON ID 126', '2017-12-01 14:58:34'),
('18', 'AGREGO UNA NUEVA CARGA AL REPORTE CON ID 126', '2017-12-01 14:58:44'),
('18', 'AGREGO UNA NUEVA CARGA AL REPORTE CON ID 126', '2017-12-01 14:58:53'),
('18', 'AGREGO UNA NUEVA CARGA AL REPORTE CON ID 126', '2017-12-01 14:59:04'),
('18', 'AGREGO UNA NUEVA CARGA AL REPORTE CON ID 126', '2017-12-01 14:59:19'),
('18', 'AGREGO UNA NUEVA CARGA AL REPORTE CON ID 126', '2017-12-01 14:59:30'),
('18', 'AGREGO UN NUEVO REGISTRO DE HORA MOLIENDA AL REPORTE CON ID 126', '2017-12-01 14:59:49'),
('18', 'AGREGO UN NUEVO REGISTRO DE HORA MOLIENDA AL REPORTE CON ID 126', '2017-12-01 15:00:04'),
('18', 'AGREGO UN NUEVO REGISTRO DE HORA MOLIENDA AL REPORTE CON ID 126', '2017-12-01 15:00:22'),
('18', 'AGREGO UN NUEVO REGISTRO DE HORA MOLIENDA AL REPORTE CON ID 126', '2017-12-01 15:00:42'),
('18', 'AGREGO UN NUEVO REGISTRO DE HORA MOLIENDA AL REPORTE CON ID 126', '2017-12-01 15:01:07'),
('18', 'AGREGO UN NUEVO REGISTRO DE HORA MOLIENDA AL REPORTE CON ID 126', '2017-12-01 15:01:30'),
('18', 'AGREGO UN REGISTRO DE INSUMO AL RPT CON ID 126', '2017-12-01 15:02:08'),
('18', 'AGREGO UN REGISTRO DE INSUMO AL RPT CON ID 126', '2017-12-01 15:02:26'),
('15', 'GENERO UN REPORTE DEL REPORTE DIARIO CON ID 126', '2017-12-01 15:05:07'),
('15', 'GENERO UN REPORTE DEL REPORTE DIARIO CON ID 127', '2017-12-01 15:05:49'),
('15', 'CERRO SESION ', '2017-12-01 15:06:40'),
('10', 'INGRESO AL SISTEMA', '2017-12-01 16:16:44'),
('10', 'AGREGO INFORMACION DE PRODUCCION DEL RPT DIARIO CON ID 127', '2017-12-01 16:17:31'),
('10', 'ACTUALIZO INFORMACION DE PRODUCCION DEL RPT DIARIO CON ID 127', '2017-12-01 16:17:31'),
('10', 'AGREGO INFORMACION DE PRODUCCION DEL RPT DIARIO CON ID 127', '2017-12-01 16:18:10'),
('10', 'ACTUALIZO INFORMACION DE PRODUCCION DEL RPT DIARIO CON ID 127', '2017-12-01 16:18:10'),
('10', 'AGREGO INFORMACION DE PRODUCCION DEL RPT DIARIO CON ID 127', '2017-12-01 16:18:49'),
('10', 'ACTUALIZO INFORMACION DE PRODUCCION DEL RPT DIARIO CON ID 127', '2017-12-01 16:18:49'),
('10', 'AGREGO INFORMACION DE PRODUCCION DEL RPT DIARIO CON ID 127', '2017-12-01 16:19:34'),
('10', 'ACTUALIZO INFORMACION DE PRODUCCION DEL RPT DIARIO CON ID 127', '2017-12-01 16:19:34'),
('10', 'ELIMINO UN REGISTRO DE PRODUCCION DEL RPT CON ID 127', '2017-12-01 16:32:29'),
('10', 'AGREGO INFORMACION DE PRODUCCION DEL RPT DIARIO CON ID 127', '2017-12-01 16:33:17'),
('10', 'ACTUALIZO INFORMACION DE PRODUCCION DEL RPT DIARIO CON ID 127', '2017-12-01 16:33:17'),
('10', 'AGREGO INFORMACION DE PRODUCCION DEL RPT DIARIO CON ID 127', '2017-12-01 16:34:04'),
('10', 'ACTUALIZO INFORMACION DE PRODUCCION DEL RPT DIARIO CON ID 127', '2017-12-01 16:34:04'),
('10', 'AGREGO INFORMACION DE PRODUCCION DEL RPT DIARIO CON ID 127', '2017-12-01 16:34:39'),
('10', 'ACTUALIZO INFORMACION DE PRODUCCION DEL RPT DIARIO CON ID 127', '2017-12-01 16:34:39'),
('10', 'AGREGO INFORMACION DE PRODUCCION DEL RPT DIARIO CON ID 127', '2017-12-01 16:35:35'),
('10', 'ACTUALIZO INFORMACION DE PRODUCCION DEL RPT DIARIO CON ID 127', '2017-12-01 16:35:35'),
('10', 'AGREGO INFORMACION DE PRODUCCION DEL RPT DIARIO CON ID 127', '2017-12-01 16:36:32'),
('10', 'ACTUALIZO INFORMACION DE PRODUCCION DEL RPT DIARIO CON ID 127', '2017-12-01 16:36:32'),
('10', 'AGREGO INFORMACION DE PRODUCCION DEL RPT DIARIO CON ID 127', '2017-12-01 16:40:16'),
('10', 'ACTUALIZO INFORMACION DE PRODUCCION DEL RPT DIARIO CON ID 127', '2017-12-01 16:40:16'),
('10', 'ELIMINO UN REGISTRO DE PRODUCCION DEL RPT CON ID 127', '2017-12-01 16:45:02'),
('10', 'AGREGO NUEVO TIEMPO MUERTO AL CONSECUTIVO 1-1976 DEL TURNO 10:00PM-06:00AM', '2017-12-01 16:46:05'),
('10', 'AGREGO NUEVO TIEMPO MUERTO AL CONSECUTIVO 1-1976 DEL TURNO 10:00PM-06:00AM', '2017-12-01 16:46:42'),
('10', 'AGREGO NUEVO TIEMPO MUERTO AL CONSECUTIVO 1-1976 DEL TURNO 10:00PM-06:00AM', '2017-12-01 16:47:39'),
('10', 'AGREGO NUEVO TIEMPO MUERTO AL CONSECUTIVO 1-1976 DEL TURNO 10:00PM-06:00AM', '2017-12-01 16:48:15'),
('10', 'AGREGO NUEVO TIEMPO MUERTO AL CONSECUTIVO 1-1976 DEL TURNO 10:00PM-06:00AM', '2017-12-01 16:49:12'),
('10', 'AGREGO UNA NUEVA CARGA AL REPORTE CON ID 127', '2017-12-01 16:49:35'),
('10', 'AGREGO UNA NUEVA CARGA AL REPORTE CON ID 127', '2017-12-01 16:49:47'),
('10', 'AGREGO UNA NUEVA CARGA AL REPORTE CON ID 127', '2017-12-01 16:50:05'),
('10', 'AGREGO UNA NUEVA CARGA AL REPORTE CON ID 127', '2017-12-01 16:50:17'),
('10', 'AGREGO UN NUEVO REGISTRO DE HORA MOLIENDA AL REPORTE CON ID 127', '2017-12-01 16:50:37'),
('10', 'AGREGO UN REGISTRO DE PASTA DEL TANQUE CON ID 2 AL RPT CON ID 127', '2017-12-01 16:50:59'),
('10', 'AGREGO UN REGISTRO DE PASTA DEL TANQUE CON ID 4 AL RPT CON ID 127', '2017-12-01 16:51:14'),
('10', 'AGREGO UN REGISTRO DE PASTA DEL TANQUE CON ID 5 AL RPT CON ID 127', '2017-12-01 16:51:26'),
('10', 'AGREGO UN REGISTRO DE PASTA DEL TANQUE CON ID 6 AL RPT CON ID 127', '2017-12-01 16:51:39'),
('10', 'AGREGO UN REGISTRO DE INSUMO AL RPT CON ID 127', '2017-12-01 16:52:03'),
('10', 'AGREGO UN REGISTRO DE INSUMO AL RPT CON ID 127', '2017-12-01 16:52:19'),
('10', 'CERRO SESION ', '2017-12-01 16:52:44'),
('8', 'INGRESO AL SISTEMA', '2017-12-01 16:52:55'),
('8', 'CERRO SESION ', '2017-12-01 16:59:50'),
('8', 'INGRESO AL SISTEMA', '2017-12-01 17:00:04'),
('8', 'INSERTO ORDEN DE PRODUCCION NUMERO 1981', '2017-12-01 17:00:35'),
('8', 'AGREGO EL CONSECUTIVO NO. 1-1981 DEL TURNO 3', '2017-12-01 17:01:14'),
('8', 'AGREGO EL CONSECUTIVO NO. 1-1981 DEL TURNO 4', '2017-12-01 17:01:38'),
('8', 'AGREGO EL CONSECUTIVO NO. 1-1981 DEL TURNO 5', '2017-12-01 17:02:39'),
('8', 'CERRO SESION ', '2017-12-01 17:02:51'),
('30', 'INGRESO AL SISTEMA', '2017-12-01 17:03:10'),
('30', 'AGREGO INFORMACION DE PRODUCCION DEL RPT DIARIO CON ID 128', '2017-12-01 17:03:56'),
('30', 'ACTUALIZO INFORMACION DE PRODUCCION DEL RPT DIARIO CON ID 128', '2017-12-01 17:03:56'),
('30', 'AGREGO INFORMACION DE PRODUCCION DEL RPT DIARIO CON ID 128', '2017-12-01 17:04:46'),
('30', 'ACTUALIZO INFORMACION DE PRODUCCION DEL RPT DIARIO CON ID 128', '2017-12-01 17:04:46'),
('30', 'CERRO SESION ', '2017-12-01 17:04:51'),
('15', 'INGRESO AL SISTEMA', '2017-12-04 08:34:31'),
('15', 'CERRO SESION ', '2017-12-04 08:35:30'),
('15', 'INGRESO AL SISTEMA', '2017-12-04 08:43:58'),
('16', 'INGRESO AL SISTEMA', '2017-12-04 08:44:33'),
('16', 'CERRO SESION ', '2017-12-04 08:46:47'),
('15', 'INGRESO AL SISTEMA', '2017-12-04 08:46:52'),
('15', 'CERRO SESION ', '2017-12-04 08:57:42'),
('16', 'INGRESO AL SISTEMA', '2017-12-04 08:58:19'),
('16', 'CERRO SESION ', '2017-12-04 10:00:41'),
('15', 'INGRESO AL SISTEMA', '2017-12-04 10:00:45'),
('15', 'CERRO SESION ', '2017-12-04 10:03:09'),
('16', 'INGRESO AL SISTEMA', '2017-12-04 10:03:19'),
('16', 'GENERO UN REPORTE DEL REPORTE DIARIO CON ID 9', '2017-12-04 10:23:10'),
('16', 'GENERO UN REPORTE DEL REPORTE DIARIO CON ID 128', '2017-12-04 10:58:12'),
('16', 'GENERO UN REPORTE DEL REPORTE DIARIO CON ID 129', '2017-12-04 10:58:18'),
('16', 'GENERO UN REPORTE DEL REPORTE DIARIO CON ID 130', '2017-12-04 10:58:22'),
('16', 'GENERO UN REPORTE DEL REPORTE DIARIO CON ID 128', '2017-12-04 10:58:26'),
('16', 'CERRO SESION ', '2017-12-04 10:58:48'),
('15', 'INGRESO AL SISTEMA', '2017-12-04 10:58:49'),
('15', 'CERRO SESION ', '2017-12-04 10:59:20'),
('15', 'INGRESO AL SISTEMA', '2017-12-04 10:59:23'),
('15', 'CERRO SESION ', '2017-12-04 11:00:15'),
('16', 'INGRESO AL SISTEMA', '2017-12-04 11:00:25'),
('16', 'CERRO SESION ', '2017-12-04 11:09:45'),
('8', 'CERRO SESION ', '2017-12-04 18:27:37'),
('15', 'INGRESO AL SISTEMA', '2017-12-04 18:27:43'),
('15', 'CERRO SESION ', '2017-12-04 18:31:26'),
('28', 'INGRESO AL SISTEMA', '2017-12-04 18:31:33'),
('28', 'CERRO SESION ', '2017-12-04 18:31:43'),
('28', 'INGRESO AL SISTEMA', '2017-12-04 18:31:49'),
('28', 'CERRO SESION ', '2017-12-04 18:36:31'),
('28', 'INGRESO AL SISTEMA', '2017-12-04 18:36:46'),
('28', 'CERRO SESION ', '2017-12-04 18:50:16'),
('16', 'INGRESO AL SISTEMA', '2017-12-04 18:50:44'),
('16', 'CERRO SESION ', '2017-12-04 19:02:59'),
('28', 'INGRESO AL SISTEMA', '2017-12-04 19:03:03'),
('28', 'GENERO UN REPORTE DEL REPORTE DIARIO CON ID 5', '2017-12-04 19:11:29'),
('28', 'CERRO SESION ', '2017-12-04 19:11:48'),
('16', 'INGRESO AL SISTEMA', '2017-12-04 19:11:54'),
('16', 'CERRO SESION ', '2017-12-04 19:12:16'),
('28', 'INGRESO AL SISTEMA', '2017-12-04 19:12:21'),
('28', 'CERRO SESION ', '2017-12-04 19:14:01'),
('15', 'INGRESO AL SISTEMA', '2017-12-04 19:14:04'),
('15', 'CERRO SESION ', '2017-12-04 19:14:08'),
('16', 'INGRESO AL SISTEMA', '2017-12-04 19:14:18'),
('16', 'CERRO SESION ', '2017-12-04 19:15:04'),
('15', 'INGRESO AL SISTEMA', '2017-12-04 19:15:06'),
('15', 'CERRO SESION ', '2017-12-04 19:19:38'),
('16', 'INGRESO AL SISTEMA', '2017-12-04 19:19:45'),
('16', 'CERRO SESION ', '2017-12-04 19:50:10'),
('15', 'INGRESO AL SISTEMA', '2017-12-04 19:50:12'),
('15', 'CERRO SESION ', '2017-12-04 21:11:25'),
('16', 'INGRESO AL SISTEMA', '2017-12-04 21:11:30'),
('16', 'CERRO SESION ', '2017-12-04 21:29:31'),
('28', 'INGRESO AL SISTEMA', '2017-12-04 21:29:34'),
('28', 'CERRO SESION ', '2017-12-04 21:29:42'),
('28', 'INGRESO AL SISTEMA', '2017-12-04 21:29:51'),
('28', 'CERRO SESION ', '2017-12-04 21:32:50'),
('15', 'INGRESO AL SISTEMA', '2017-12-04 21:32:52'),
('15', 'INSERTO ORDEN DE PRODUCCION NUMERO 9632', '2017-12-04 21:39:58'),
('15', 'AGREGO EL CONSECUTIVO NO. 1-9632 DEL TURNO 3', '2017-12-04 21:40:28'),
('15', 'CAMBIO EL ESTADO AL REPORTE CON ID 131', '2017-12-04 21:40:35'),
('15', 'CAMBIO EL ESTADO AL REPORTE CON ID 131', '2017-12-04 21:40:39'),
('15', 'CERRO SESION ', '2017-12-04 21:42:09'),
('13', 'INGRESO AL SISTEMA', '2017-12-04 21:42:13'),
('13', 'AGREGO INFORMACION DE PRODUCCION DEL RPT DIARIO CON ID 131', '2017-12-04 21:43:52'),
('13', 'ACTUALIZO INFORMACION DE PRODUCCION DEL RPT DIARIO CON ID 131', '2017-12-04 21:43:52'),
('13', 'AGREGO INFORMACION DE PRODUCCION DEL RPT DIARIO CON ID 131', '2017-12-04 21:44:21'),
('13', 'ACTUALIZO INFORMACION DE PRODUCCION DEL RPT DIARIO CON ID 131', '2017-12-04 21:44:21'),
('13', 'AGREGO NUEVO TIEMPO MUERTO AL CONSECUTIVO 1-9632 DEL TURNO 06:00AM-02:00PM', '2017-12-04 21:45:49'),
('13', 'AGREGO UNA NUEVA CARGA AL REPORTE CON ID 131', '2017-12-04 21:46:04'),
('13', 'AGREGO UNA NUEVA CARGA AL REPORTE CON ID 131', '2017-12-04 21:46:07'),
('13', 'AGREGO UNA NUEVA CARGA AL REPORTE CON ID 131', '2017-12-04 21:46:08'),
('13', 'AGREGO UNA NUEVA CARGA AL REPORTE CON ID 131', '2017-12-04 21:46:10'),
('13', 'AGREGO UNA NUEVA CARGA AL REPORTE CON ID 131', '2017-12-04 21:46:13'),
('13', 'AGREGO UNA NUEVA CARGA AL REPORTE CON ID 131', '2017-12-04 21:46:48'),
('13', 'AGREGO UNA NUEVA CARGA AL REPORTE CON ID 131', '2017-12-04 21:46:51'),
('13', 'AGREGO UNA NUEVA CARGA AL REPORTE CON ID 131', '2017-12-04 21:46:56'),
('13', 'AGREGO UN NUEVO REGISTRO DE HORA MOLIENDA AL REPORTE CON ID 131', '2017-12-04 21:49:02'),
('13', 'AGREGO UN REGISTRO DE PASTA DEL TANQUE CON ID 1 AL RPT CON ID 131', '2017-12-04 21:49:16'),
('13', 'AGREGO UN REGISTRO DE INSUMO AL RPT CON ID 131', '2017-12-04 21:49:26'),
('13', 'CERRO SESION ', '2017-12-04 21:49:36'),
('15', 'INGRESO AL SISTEMA', '2017-12-04 21:49:44'),
('15', 'GENERO UN REPORTE DEL REPORTE DIARIO CON ID 131', '2017-12-04 21:49:56'),
('15', 'GENERO UN REPORTE DE CONTROL PISO DEL CONSECUTIVO 1-9632', '2017-12-04 21:54:01'),
('15', 'GENERO UN REPORTE DE CONTROL PISO DEL CONSECUTIVO 1-9632', '2017-12-04 21:54:19'),
('15', 'GENERO UN REPORTE DEL REPORTE DIARIO CON ID 131', '2017-12-04 21:54:47'),
('15', 'CERRO SESION ', '2017-12-04 21:55:01'),
('16', 'INGRESO AL SISTEMA', '2017-12-04 21:55:12');

-- --------------------------------------------------------

--
-- Estructura de tabla para la tabla `maquinas`
--

CREATE TABLE `maquinas` (
  `idMaquina` int(11) NOT NULL,
  `maquina` varchar(30) NOT NULL,
  `comentario` varchar(300) NOT NULL
) ENGINE=InnoDB DEFAULT CHARSET=latin1;

--
-- Volcado de datos para la tabla `maquinas`
--

INSERT INTO `maquinas` (`idMaquina`, `maquina`, `comentario`) VALUES
(1, 'Maquina 1', 'Yankee 1'),
(2, 'Maquina 2', 'Yankee 2');

-- --------------------------------------------------------

--
-- Estructura de tabla para la tabla `metas`
--

CREATE TABLE `metas` (
  `IdMeta` int(11) NOT NULL,
  `Consecutivo` varchar(255) DEFAULT NULL,
  `FechaMeta` date DEFAULT NULL,
  `Eco24/1` varchar(255) DEFAULT NULL,
  `Eco6/4` varchar(255) DEFAULT NULL,
  `Cholin_8/6` varchar(255) DEFAULT NULL,
  `Cholin_900` varchar(255) DEFAULT NULL,
  `Generico_Eco_1000` varchar(255) DEFAULT NULL,
  `Generico_Eco_900` varchar(255) DEFAULT NULL,
  `Cholin_HD_32/1` varchar(255) DEFAULT NULL,
  `BolsonServilleta` varchar(255) DEFAULT NULL,
  `Cholin_HD_Gen32/1` varchar(255) DEFAULT NULL,
  `Estado` bit(1) DEFAULT NULL
) ENGINE=MyISAM DEFAULT CHARSET=latin1;

-- --------------------------------------------------------

--
-- Estructura de tabla para la tabla `mp_insumos`
--

CREATE TABLE `mp_insumos` (
  `IdMpInsumos` int(11) NOT NULL,
  `IdReporteDiario` int(11) DEFAULT NULL,
  `Descripcion` varchar(255) DEFAULT NULL,
  `Dia` varchar(255) DEFAULT NULL,
  `Noche` varchar(255) DEFAULT NULL,
  `Cantidad_PTA_Agua_Dia` varchar(255) DEFAULT NULL,
  `Cantidad_PTA_Agua_Noche` varchar(255) DEFAULT NULL
) ENGINE=InnoDB DEFAULT CHARSET=utf8;

--
-- Volcado de datos para la tabla `mp_insumos`
--

INSERT INTO `mp_insumos` (`IdMpInsumos`, `IdReporteDiario`, `Descripcion`, `Dia`, `Noche`, `Cantidad_PTA_Agua_Dia`, `Cantidad_PTA_Agua_Noche`) VALUES
(1, 2, '17', '50', '0', '10', '0'),
(2, 8, '34', '5', '0', '50', '0'),
(5, 14, '34', '14', '0', '14', '0'),
(6, 14, '31', '4', '0', '4', '0'),
(7, 17, '34', '5', '0', '5', '0'),
(8, 17, '31', '7', '0', '7', '0'),
(9, 15, '31', '1kg', '', '', ''),
(10, 18, '31', '4kg', '', '', ''),
(11, 18, '66', '', '', '0.kg', ''),
(12, 16, '34', '0', '4', '0', '4'),
(13, 20, '66', '25', '0', '25', '0'),
(14, 20, '31', '6', '0', '6', '0'),
(15, 21, '66', '', '', '25kg', ''),
(16, 21, '34', '', '', '2kg', ''),
(17, 21, '31', '3kg', '', '', ''),
(18, 23, '66', '50', '0', '50', '0'),
(19, 23, '34', '6', '0', '6', '0'),
(20, 23, '31', '16', '0', '16', '0'),
(21, 24, '34', '', '', '5kg', ''),
(22, 24, '66', '', '', '25kg', ''),
(23, 24, '31', '11kg', '', '', ''),
(24, 27, '66', '', '', '25kg', ''),
(25, 27, '34', '', '', '4', ''),
(26, 27, '31', '11', '', '', ''),
(27, 26, '34', '4', '0', '4', '0'),
(28, 26, '66', '50', '0', '50', '0'),
(29, 26, '31', '17', '0', '17', '0'),
(30, 32, '34', '0', '0', '5', '0'),
(31, 32, '66', '0', '0', '25', '0'),
(32, 32, '31', '9', '0', '0', '0'),
(33, 33, '31', '17', '17', '', ''),
(34, 33, '66', '', '', '50', '50'),
(35, 33, '34', '6', '6', '6', '6'),
(36, 34, '66', '0', '50', '0', '50'),
(37, 34, '34', '0', '5', '0', '5'),
(38, 35, '34', '0', '0', '5', '0'),
(39, 35, '66', '0', '0', '25', '0'),
(40, 35, '31', '9', '0', '0', '0'),
(41, 36, '31', '11', '', '', ''),
(42, 36, '34', '11', '', '', ''),
(43, 36, '66', '11', '', '25', ''),
(44, 38, '34', '0', '0', '6', '0'),
(45, 38, '66', '0', '0', '50', '0'),
(46, 39, '34', '', 'mixto', '20', ''),
(48, 39, '66', '', 'mixto', '50', ''),
(49, 41, '34', '0', '0', '1', '0'),
(50, 41, '66', '0', '0', '25', '0'),
(51, 41, '31', '3', '0', '0', '0'),
(52, 44, '34', '0', '0', '16', '0'),
(53, 44, '66', '0', '0', '50', '0'),
(54, 44, '31', '9.5', '0', '0', '0'),
(55, 49, '66', '0', '0', '0', '25'),
(56, 49, '34', '0', '0', '0', '15'),
(57, 49, '31', '0', '10', '0', '0'),
(58, 55, '66', '50', '0', '00', '0'),
(59, 55, '34', '9', '0', '16', '0'),
(60, 55, '31', '12.5', '0', '0', '0'),
(61, 62, '66', '0', '0', '50', '0'),
(62, 62, '34', '0', '0', '8', '0'),
(63, 62, '31', '9', '0', '0', '0'),
(64, 66, '34', '12', '0', '0', '0'),
(65, 66, '34', '0', '0', '4', '0'),
(66, 66, '66', '0', '0', '25', '0'),
(68, 67, '66', '', '24', '', '50'),
(69, 71, '34', '0', '13.5', '0', '0'),
(70, 71, '34', '0', '0', '0', '11.5'),
(71, 71, '66', '0', '0', '0', '85'),
(72, 74, '34', '0', '0', '0', '5'),
(73, 74, '66', '0', '0', '0', '25'),
(74, 88, '34', '13.5', '0', '0', '0'),
(75, 88, '66', '0', '0', '25', '0'),
(76, 102, '66', '', '', '50', ''),
(77, 102, '34', '', '', '18', ''),
(79, 101, '34', '0', '1.5', '0', '0'),
(80, 99, '34', '6', '0', '0', '0'),
(81, 99, '66', '50', '0', '0', '0'),
(82, 106, '34', '21', '0', '0', '0'),
(83, 106, '66', '50', '0', '0', '0'),
(84, 107, '34', '20', '0', '', ''),
(85, 107, '66', '50', '0', '0', '0'),
(86, 108, '34', '0', '0', '0', '20'),
(87, 108, '66', '0', '0', '0', '50'),
(88, 109, '34', '17', '0', '0', '0'),
(89, 109, '66', '25', '0', '0', '0'),
(90, 110, '34', '20', '0', '0', '0'),
(91, 110, '66', '50', '0', '0', '0'),
(92, 111, '34', '0', '16.5', '0', '0'),
(93, 111, '66', '0', '50', '0', '0'),
(94, 112, '34', '16', '0', '0', '0'),
(95, 112, '66', '25', '0', '0', '0'),
(96, 113, '34', '28', '0', '0', '0'),
(97, 113, '66', '50', '0', '0', '0'),
(98, 115, '34', '0', '8.5', '0', '0'),
(99, 115, '66', '0', '25', '0', '0'),
(100, 116, '34', '4', '0', '0', '0'),
(101, 116, '66', '50', '0', '0', '0'),
(103, 117, '34', '26', '0', '0', '0'),
(104, 117, '66', '50', '0', '0', '0'),
(105, 118, '34', '0', '7', '0', '0'),
(106, 119, '34', '8', '0', '0', '0'),
(107, 119, '66', '25', '0', '0', '0'),
(108, 121, '34', '0', '13.5', '0', '0'),
(109, 121, '66', '0', '25', '0', '0'),
(110, 120, '34', '0', '7', '0', '0'),
(111, 120, '66', '0', '50', '0', '0'),
(112, 122, '34', '18', '0', '0', '0'),
(113, 122, '66', '25', '0', '0', '0'),
(114, 123, '34', '0', '17', '0', '17'),
(115, 123, '66', '0', '25', '0', '25'),
(117, 124, '66', '0', '25', '0', '0'),
(118, 124, '34', '0', '13', '0', '0'),
(119, 125, '34', '0', '0', '28', '0'),
(120, 125, '66', '0', '0', '50', '0'),
(121, 126, '34', '0', '26', '0', '0'),
(122, 126, '66', '0', '50', '0', '0'),
(123, 127, '34', '0', '0', '0', '16'),
(124, 127, '66', '0', '0', '0', '25'),
(125, 131, '31', '545', '0', '66', '0');

-- --------------------------------------------------------

--
-- Estructura de tabla para la tabla `orden_produccion`
--

CREATE TABLE `orden_produccion` (
  `IdOrden` int(100) UNSIGNED NOT NULL,
  `NoOrden` varchar(50) NOT NULL,
  `Usuario` varchar(50) NOT NULL,
  `FechaInicio` date DEFAULT NULL,
  `FechaFin` date DEFAULT NULL,
  `Estado` int(1) DEFAULT NULL,
  `comentarios` varchar(300) NOT NULL
) ENGINE=InnoDB DEFAULT CHARSET=latin1;

--
-- Volcado de datos para la tabla `orden_produccion`
--

INSERT INTO `orden_produccion` (`IdOrden`, `NoOrden`, `Usuario`, `FechaInicio`, `FechaFin`, `Estado`, `comentarios`) VALUES
(53, '1690', '8', '2017-08-07', '2017-08-13', 2, 'produccion jumbo roll 2da semana de Agosto.'),
(54, '1702', '8', '2017-08-21', '2017-08-27', 2, 'jumbo roll'),
(56, '1708', '15', '2017-08-28', '2017-09-03', 2, 'op jumbo roll'),
(57, '1727', '8', '2017-09-11', '2017-09-17', 0, 'orden 1727 jumbo roll'),
(58, '1725', '8', '2017-09-11', '2017-09-17', 2, 'jumbo Roll'),
(60, '1741', '8', '2017-09-25', '2017-09-30', 2, 'op jumbo roll 1741'),
(61, '1751', '8', '2017-10-02', '2017-09-08', 0, 'jumbo roll'),
(62, '1747', '8', '2017-10-02', '2017-10-08', 2, 'jumbo roll'),
(63, '1755', '8', '2017-10-09', '2017-10-15', 2, 'JUMBO ROLL'),
(64, '1762', '8', '2017-10-10', '2017-10-11', 2, 'higienico'),
(65, '1767', '8', '2017-10-11', '2017-10-12', 2, 'higienico'),
(66, '1800', '8', '2017-10-18', '2017-10-19', 2, 'jumbo roll'),
(67, '1805', '8', '2017-10-19', '2017-10-20', 2, 'jumbo roll'),
(68, '1815', '8', '2017-10-25', '2017-10-26', 2, 'jumbo roll'),
(69, '1820', '8', '2017-10-26', '2017-10-27', 2, 'higienico'),
(70, '4853', '8', '2017-10-31', '2017-11-01', 2, 'jumbo roll'),
(71, '1859', '8', '2017-11-01', '2017-11-02', 2, 'jumbo'),
(72, '1862', '8', '2017-11-02', '2017-11-03', 2, 'jumbo roll'),
(73, '1866', '8', '2017-11-03', '2017-11-04', 2, 'jumbo roll'),
(74, '1884', '8', '2017-11-08', '2017-11-09', 2, 'jumbo'),
(75, '1889', '8', '2017-11-09', '2017-11-10', 2, 'jumbo'),
(76, '1893', '8', '2017-11-10', '2017-11-11', 2, 'jumbo roll'),
(77, '1914', '8', '2017-11-17', '2017-11-18', 2, 'jumbo roll'),
(79, '1918', '8', '2017-11-18', '2017-11-19', 2, 'jumbo roll'),
(80, '1921', '8', '2017-11-19', '2017-11-20', 2, 'jumbo roll'),
(81, '1928', '8', '2017-11-20', '2017-11-21', 2, 'jumbo roll'),
(82, '1935', '8', '2017-11-21', '2017-11-22', 2, 'jumbo roll'),
(83, '1943', '8', '2017-11-22', '2017-11-23', 2, 'jumbo roll'),
(84, '1949', '8', '2017-11-23', '2017-11-24', 2, 'jumbo roll'),
(85, '1957', '8', '2017-11-25', '2017-11-26', 2, 'jumbo roll'),
(86, '1960', '8', '2017-11-26', '2017-11-27', 2, 'jumbo roll'),
(87, '1965', '8', '2017-11-27', '2017-11-28', 2, 'jumbo roll'),
(88, '1970', '8', '2017-11-28', '2017-11-29', 2, 'jumbo roll'),
(89, '1976', '8', '2017-11-29', '2017-11-30', 2, 'jumbo roll'),
(90, '1981', '8', '2017-11-30', '2017-12-01', 2, 'jumbo roll'),
(91, '9632', '15', '2017-12-04', '2017-12-10', 1, 'Prueba');

-- --------------------------------------------------------

--
-- Estructura de tabla para la tabla `pasta`
--

CREATE TABLE `pasta` (
  `IdPasta` int(11) NOT NULL,
  `IdReporteDiario` int(11) DEFAULT NULL,
  `Tanque` int(11) DEFAULT NULL,
  `Dia` varchar(255) DEFAULT NULL,
  `Noche` varchar(255) DEFAULT NULL,
  `Consumo` varchar(255) DEFAULT NULL
) ENGINE=InnoDB DEFAULT CHARSET=utf8;

--
-- Volcado de datos para la tabla `pasta`
--

INSERT INTO `pasta` (`IdPasta`, `IdReporteDiario`, `Tanque`, `Dia`, `Noche`, `Consumo`) VALUES
(1, 2, 1, '6000', '0', '700'),
(2, 2, 2, '9600', '0', '0'),
(3, 8, 1, '7000', '0', '0'),
(4, 8, 2, '8000', '0', '00'),
(5, 14, 0, '0', '0', '0'),
(6, 14, 2, '9860', '0', '0'),
(7, 14, 3, '0', '0', '0'),
(8, 14, 4, '9860', '0', '0'),
(9, 14, 5, '9860', '0', '0'),
(10, 14, 6, '9860', '0', '0'),
(11, 16, 2, '0', '9860', '0'),
(12, 16, 4, '0', '9860', '0'),
(13, 16, 5, '0', '9860', '0'),
(14, 16, 6, '0', '9860', '0'),
(15, 33, 4, '9860', '9860', '0'),
(16, 33, 5, '9860', '9860', '0'),
(17, 33, 6, '9860', '9860', '0'),
(18, 34, 4, '0', '9860', '0'),
(19, 34, 5, '0', '9860', '0'),
(20, 34, 6, '0', '9860', '0'),
(22, 36, 1, '6765', 'mixto', '0'),
(23, 36, 2, '9860', 'mixto', '0'),
(27, 36, 5, '6765', 'mixto', '0'),
(28, 36, 5, '6765', 'mixto', '0'),
(29, 39, 1, '', '6765', '0'),
(30, 39, 2, '', '6765', '0'),
(31, 39, 4, '', '8366', '0'),
(32, 39, 5, '', '9800', '0'),
(33, 49, 1, '0', '0', '0'),
(34, 49, 2, '0', '9860', '0'),
(35, 49, 3, '0', '0', '0'),
(36, 49, 4, '0', '9860', '0'),
(37, 49, 5, '0', '9860', '0'),
(38, 49, 6, '0', '9860', '0'),
(39, 55, 2, '5000', '0', '0'),
(40, 55, 4, '0', '0', '0'),
(41, 55, 5, '6000', '0', '0'),
(42, 55, 6, '8000', '0', '0'),
(43, 67, 2, '', '5000', '0'),
(44, 67, 4, '', '9800', '0'),
(45, 67, 5, '', '9800', '0'),
(46, 67, 6, '', '9800', '0'),
(47, 101, 2, '0', '9372', '0'),
(48, 101, 3, '0', '9372', '0'),
(49, 101, 4, '0', '9860', '0'),
(50, 101, 5, '0', '9860', '0'),
(51, 101, 6, '0', '9860', '0'),
(52, 108, 1, '0', '9372', '0'),
(53, 108, 2, '0', '9860', '0'),
(54, 108, 3, '0', '7300', '0'),
(55, 108, 4, '0', '9860', '0'),
(56, 111, 2, '0', '4600', '0'),
(57, 111, 4, '0', '9860', '0'),
(58, 111, 5, '0', '9860', '0'),
(59, 111, 6, '0', '9860', '0'),
(60, 115, 0, '0', '9860', '0'),
(61, 115, 2, '0', '9860', '0'),
(62, 115, 3, '0', '7300', '0'),
(63, 115, 4, '0', '9860', '0'),
(64, 115, 5, '0', '9860', '0'),
(65, 115, 6, '0', '9860', '0'),
(66, 118, 2, '0', '9800', '0'),
(67, 118, 4, '0', '9800', '0'),
(68, 118, 5, '0', '9800', '0'),
(69, 118, 6, '0', '9800', '0'),
(70, 120, 2, '', '9800', '0'),
(71, 120, 4, '0', '9800', '0'),
(72, 120, 5, '0', '9800', '0'),
(73, 120, 3, '0', '9800', '0'),
(74, 124, 2, '0', '9000', '0'),
(75, 124, 4, '0', '9800', '0'),
(76, 124, 5, '0', '9800', '0'),
(77, 124, 6, '0', '9800', '0'),
(78, 127, 2, '0', '9800', '0'),
(79, 127, 4, '0', '9800', '0'),
(80, 127, 5, '0', '9800', '0'),
(81, 127, 6, '0', '9800', '0'),
(82, 131, 1, '44', '0', '0');

-- --------------------------------------------------------

--
-- Estructura de tabla para la tabla `pasta_procesada`
--

CREATE TABLE `pasta_procesada` (
  `idPastaProc` int(10) UNSIGNED NOT NULL,
  `descripcion` varchar(20) NOT NULL,
  `codigo` varchar(20) DEFAULT NULL,
  `noTanque` int(11) NOT NULL,
  `undMedida` varchar(5) NOT NULL,
  `pstTanqueFinal` decimal(10,2) DEFAULT NULL,
  `consecutivo` varchar(10) DEFAULT NULL
) ENGINE=MyISAM DEFAULT CHARSET=latin1;

--
-- Volcado de datos para la tabla `pasta_procesada`
--

INSERT INTO `pasta_procesada` (`idPastaProc`, `descripcion`, `codigo`, `noTanque`, `undMedida`, `pstTanqueFinal`, `consecutivo`) VALUES
(2, 'fibra', '78', 1, 'kg', '98.60', '1-5657'),
(3, 'PASTA', '', 1, 'KG', '950.00', '1-1708'),
(4, 'fibra', '45', 1, 'gls', '4500.00', '1-4545'),
(7, 'fibra', '', 2, 'kg', '900.00', '1-1928'),
(6, 'fibra', '', 3, 'kg', '900.00', '1-1928'),
(8, 'fibra', '', 4, 'kg', '950.00', '1-1928'),
(12, 'fibra', '', 5, 'kg', '950.00', '1-1928'),
(11, 'fibra', '', 6, 'kg', '950.00', '1-1928'),
(13, 'fibra', '', 1, 'kg', '700.00', '1-1943'),
(14, 'fibra', '', 2, 'kg', '950.00', '1-1943'),
(15, 'fibra', '', 3, 'kg', '700.00', '1-1943'),
(16, 'fibra', '', 4, 'kg', '950.00', '1-1943'),
(17, 'fibra', '0', 2, 'kg', '440.00', '1-1949'),
(18, 'fibra', '0', 4, 'kg', '950.00', '1-1949'),
(19, 'fibra', '0', 5, 'kg', '950.00', '1-1949'),
(20, 'fibra', '0', 6, 'kg', '950.00', '1-1949'),
(21, 'fibra', '', 2, 'kg', '950.00', '1-1957'),
(22, 'fibra', '0', 4, 'kg', '950.00', '1-1957'),
(23, 'fibra', '0', 5, 'kg', '950.00', '1-1957'),
(25, 'fibra', '0', 3, 'kg', '700.00', '1-1957'),
(26, 'fibra', '0', 6, 'kg', '950.00', '1-1957'),
(27, 'fibra', '0', 2, 'kg', '950.00', '1-1960'),
(30, 'fibra', '0', 5, 'kg', '950.00', '1-1960'),
(29, 'fibra', '0', 4, 'kg', '950.00', '1-1960'),
(31, 'fibra', '0', 6, 'kg', '950.00', '1-1960'),
(32, 'fibra', '0', 2, 'kg', '950.00', '1-1965'),
(33, 'fibra', '0', 4, 'kg', '950.00', '1-1965'),
(34, 'fibra', '0', 5, 'kg', '950.00', '1-1965'),
(35, 'fibra', '0', 6, 'kg', '560.00', '1-1965'),
(36, 'fibra', '0', 2, 'kg', '870.00', '1-1970'),
(37, 'fibra', '0', 4, 'kg', '950.00', '1-1970'),
(38, 'fibra', '0', 5, 'kg', '950.00', '1-1970'),
(39, 'fibra', '0', 6, 'kg', '950.00', '1-1970'),
(40, 'fibra', '0', 2, 'kg', '950.00', '1-1976'),
(41, 'fibra', '0', 4, 'kg', '950.00', '1-1976'),
(42, 'fibra', '0', 5, 'kg', '950.00', '1-1976'),
(44, 'fibra', '0', 6, 'kg', '950.00', '1-1976'),
(45, '45', '55', 1, 'kg', '45.30', '1-9632');

-- --------------------------------------------------------

--
-- Estructura de tabla para la tabla `planes`
--

CREATE TABLE `planes` (
  `IdPlan` int(11) NOT NULL,
  `Fecha` date DEFAULT NULL,
  `Comentario` varchar(255) DEFAULT NULL,
  `Estado` bit(1) DEFAULT NULL
) ENGINE=InnoDB DEFAULT CHARSET=utf8;

--
-- Volcado de datos para la tabla `planes`
--

INSERT INTO `planes` (`IdPlan`, `Fecha`, `Comentario`, `Estado`) VALUES
(10, '2017-07-24', 'orden jumbo roll 1674 24-30/jul', b'0'),
(11, '2017-08-07', 'op 1690', b'1'),
(12, '2017-08-21', 'op jumbo roll 1702', b'0');

-- --------------------------------------------------------

--
-- Estructura de tabla para la tabla `produccion`
--

CREATE TABLE `produccion` (
  `IdProduccion` int(11) NOT NULL,
  `IdReporteDiario` int(11) NOT NULL,
  `NoOrden` varchar(255) NOT NULL,
  `Operador` int(11) DEFAULT NULL,
  `Maquina` varchar(255) DEFAULT NULL,
  `HoraInicio` time DEFAULT NULL,
  `HoraFin` time DEFAULT NULL,
  `VelocMaquina` varchar(255) DEFAULT NULL,
  `Peso` varchar(255) DEFAULT NULL,
  `Diametro` varchar(255) DEFAULT NULL,
  `PesoBase` varchar(255) DEFAULT NULL,
  `Merma` varchar(255) DEFAULT NULL
) ENGINE=InnoDB DEFAULT CHARSET=utf8;

--
-- Volcado de datos para la tabla `produccion`
--

INSERT INTO `produccion` (`IdProduccion`, `IdReporteDiario`, `NoOrden`, `Operador`, `Maquina`, `HoraInicio`, `HoraFin`, `VelocMaquina`, `Peso`, `Diametro`, `PesoBase`, `Merma`) VALUES
(1, 2, '1-5657', 14, '2', '06:05:00', '08:00:00', '0', '332', '100', '20', '70'),
(2, 2, '1-5657', 14, '1', '08:05:00', '10:00:00', '0', '100', '110', '80', '80'),
(3, 2, '1-5657', 14, '1', '12:01:00', '12:01:00', '0', '56', '56', '56', '80'),
(5, 6, '1-1702', 22, '1', '06:00:00', '07:53:00', '0', '361.5', '95', '20.37', '0'),
(6, 6, '1-1702', 21, '2', '06:00:00', '07:40:00', '0', '389', '103', '20.83', '0'),
(7, 6, '1-1702', 21, '2', '07:40:00', '09:08:00', '0', '281.5', '80', '20.54', '0'),
(8, 6, '1-1702', 22, '1', '07:53:00', '09:58:00', '0', '410', '102', '20.8', '0'),
(9, 6, '1-1702', 21, '2', '09:08:00', '10:57:00', '0', '414', '99', '21.37', '0'),
(10, 6, '1-1702', 21, '2', '10:53:00', '12:25:00', '0', '390', '95', '21.13', '0'),
(11, 6, '1-1702', 21, '2', '12:25:00', '01:55:00', '0', '354.5', '85', '21.23', '70'),
(12, 6, '1-1702', 21, '2', '12:25:00', '01:55:00', '0', '354.5', '85', '21.23', '70'),
(13, 6, '1-1702', 22, '1', '11:48:00', '01:52:00', '0', '427.5', '101', '20.1', '45'),
(14, 8, '1-1708', 14, '2', '06:00:00', '07:00:00', '0', '200', '50', '20', '60'),
(16, 8, '1-1708', 20, '1', '06:00:00', '06:40:00', '0', '180', '45', '21', '0'),
(17, 8, '1-1708', 20, '1', '06:00:00', '07:26:00', '0', '189', '70', '16', '0'),
(18, 9, '1-1725', 22, '1', '06:22:00', '09:55:00', '0', '415.5', '100', '23.6', '0'),
(20, 9, '1-1725', 22, '1', '09:55:00', '12:22:00', '0', '341', '91', '19.8', '0'),
(21, 9, '1-1725', 22, '1', '12:22:00', '01:50:00', '0', '300.5', '84', '26.5', '65'),
(22, 9, '1-1725', 21, '2', '08:00:00', '08:23:00', '0', '487', '110', '24', '0'),
(23, 9, '1-1725', 21, '2', '08:23:00', '09:47:00', '0', '264', '97', '26.88', '0'),
(24, 9, '1-1725', 21, '2', '09:47:00', '12:25:00', '0', '324.5', '90', '21.3', '0'),
(25, 9, '1-1725', 21, '2', '12:25:00', '01:53:00', '0', '286', '90', '25', '65'),
(26, 13, '1-4545', 14, '1', '02:00:00', '04:00:00', '0', '351', '91', '20.2', '170'),
(27, 13, '1-4545', 14, '1', '04:00:00', '06:00:00', '0', '370', '98', '20.6', '170'),
(28, 13, '1-4545', 20, '2', '02:00:00', '04:00:00', '0', '272.5', '80', '20.8', '90'),
(29, 14, '1-1741', 23, '1', '06:00:00', '07:56:00', '22.00', '380.5', '95', '21.41', '60'),
(30, 14, '1-1741', 23, '1', '07:56:00', '10:00:00', '22.00', '477', '101', '21.1', '0'),
(31, 14, '1-1741', 23, '1', '10:01:00', '11:30:00', '22.00', '333.5', '80', '21.5', '0'),
(32, 17, '2-1741', 23, '1', '06:00:00', '06:11:00', '21.80', '79', '40', '21.5', '0'),
(33, 17, '2-1741', 23, '1', '06:11:00', '07:08:00', '21.77', '227', '60', '21', '0'),
(34, 17, '2-1741', 23, '1', '07:08:00', '07:50:00', '21.00', '189.5', '49', '20.58', '0'),
(40, 17, '2-1741', 23, '1', '07:50:00', '08:50:00', '21.00', '250.5', '61', '20.83', '0'),
(42, 17, '2-1741', 23, '1', '08:50:00', '09:17:00', '21.00', '99.5', '25', '20.66', '0'),
(43, 17, '2-1741', 23, '1', '09:17:00', '09:47:00', '21.00', '128', '40', '20.2', '0'),
(44, 17, '2-1741', 23, '1', '09:47:00', '10:25:00', '21.00', '148.5', '37', '20.66', '0'),
(45, 17, '2-1741', 23, '1', '10:25:00', '11:12:00', '21.00', '120.5', '30', '21', '0'),
(46, 17, '2-1741', 23, '1', '11:12:00', '11:52:00', '21.00', '125.5', '43', '19.25', '0'),
(48, 17, '2-1741', 23, '1', '11:52:00', '12:53:00', '21.00', '217', '50', '20.44', '0'),
(49, 17, '2-1741', 23, '1', '12:53:00', '01:46:00', '21.00', '190', '49', '19.72', '176'),
(50, 17, '2-1741', 23, '1', '12:52:00', '01:45:00', '21.00', '190', '49', '19.72', '176'),
(51, 15, '1-1741', 22, '1', '08:40:00', '09:50:00', '0', '265.5', '0', '23', '0'),
(52, 18, '2-1741', 22, '1', '02:00:00', '02:30:00', '0', '171', '59', '20.8', '0'),
(53, 18, '2-1741', 22, '1', '02:30:00', '02:50:00', '0', '89.5', '44', '20.8', '0'),
(54, 18, '2-1741', 22, '1', '02:50:00', '03:20:00', '0', '115.5', '0', '19.3', '0'),
(55, 18, '2-1741', 22, '1', '03:20:00', '03:45:00', '0', '82.5', '41', '20.3', '0'),
(56, 18, '2-1741', 22, '1', '03:45:00', '04:05:00', '0', '85.5', '41', '19.3', '0'),
(57, 18, '2-1741', 22, '1', '04:05:00', '04:25:00', '0', '82.5', '42', '21.5', '0'),
(58, 20, '3-1741', 23, '1', '06:00:00', '07:03:00', '20.0', '144', '30', '22.5', '0'),
(59, 20, '3-1741', 23, '1', '07:03:00', '07:50:00', '20.0', '160', '50', '21.3', '0'),
(60, 20, '3-1741', 23, '1', '07:50:00', '08:16:00', '20.0', '87', '39', '20.83', '0'),
(62, 20, '3-1741', 23, '1', '08:16:00', '09:05:00', '20.0', '137.5', '49', '21.5', '109.5'),
(63, 20, '3-1741', 27, '2', '08:14:00', '09:26:00', '18.0', '78.5', '30', '22.08', '100.5'),
(64, 21, '3-1741', 22, '1', '08:25:00', '09:40:00', '0', '248.5', '84', '21.6', '0'),
(65, 21, '3-1741', 21, '2', '08:20:00', '09:45:00', '0', '248.5', '82', '20.4', '0'),
(66, 23, '4-1741', 23, '1', '06:00:00', '07:27:00', '15.00', '203.5', '76', '21.08', '0'),
(67, 23, '4-1741', 27, '2', '06:00:00', '07:34:00', '16.00', '308', '87', '21.63', '0'),
(68, 23, '4-1741', 23, '1', '07:27:00', '09:26:00', '21.00', '403.5', '103', '21.56', '0'),
(69, 23, '4-1741', 27, '2', '07:34:00', '09:10:00', '16.00', '270', '80', '21.45', '0'),
(70, 23, '4-1741', 23, '1', '09:26:00', '10:43:00', '23.00', '372.5', '100', '21.16', '0'),
(71, 23, '4-1741', 27, '2', '09:10:00', '10:50:00', '16.00', '295.5', '79', '21.08', '0'),
(72, 23, '4-1741', 23, '1', '10:43:00', '11:56:00', '23.00', '323.5', '89', '21.5', '0'),
(73, 23, '4-1741', 27, '2', '10:50:00', '12:04:00', '16.00', '189.5', '60', '21.29', '0'),
(74, 23, '4-1741', 27, '2', '12:04:00', '12:26:00', '16.00', '65', '29', '21.25', '0'),
(75, 23, '4-1741', 23, '1', '11:56:00', '01:42:00', '23.00', '477', '105', '20.96', '123.5'),
(76, 23, '4-1741', 27, '2', '12:26:00', '01:55:00', '16.00', '252.5', '70', '21.49', '150'),
(77, 24, '4-1741', 22, '1', '02:00:00', '03:30:00', '0', '475.5', '102', '22.8', '0'),
(78, 24, '4-1741', 22, '1', '03:30:00', '04:45:00', '0', '321', '83', '20.8', '0'),
(79, 24, '4-1741', 21, '2', '02:00:00', '03:40:00', '0', '373.5', '95', '21.6', '0'),
(80, 24, '4-1741', 21, '2', '03:40:00', '04:45:00', '0', '229', '76', '20.2', '0'),
(81, 24, '4-1741', 21, '2', '04:45:00', '05:40:00', '0', '204.5', '72', '21.5', '0'),
(82, 24, '4-1741', 22, '1', '04:45:00', '07:05:00', '0', '419.5', '98', '21.4', '0'),
(83, 24, '4-1741', 21, '2', '05:40:00', '07:10:00', '0', '358', '99', '21', '0'),
(84, 24, '4-1741', 22, '1', '07:05:00', '08:05:00', '0', '264', '74', '21.2', '0'),
(85, 24, '4-1741', 22, '1', '08:05:00', '09:25:00', '0', '367', '86', '22.6', '0'),
(86, 24, '4-1741', 21, '2', '07:10:00', '08:05:00', '0', '210.5', '72', '20.6', '0'),
(87, 24, '4-1741', 21, '2', '08:05:00', '09:25:00', '0', '319', '79', '20.5', '93'),
(88, 26, '5-1741', 23, '1', '06:00:00', '06:46:00', '19.00', '88', '54', '22.3', '0'),
(89, 26, '5-1741', 27, '2', '06:00:00', '06:52:00', '16.00', '168', '60', '22.6', '0'),
(90, 26, '5-1741', 23, '1', '06:46:00', '07:36:00', '20.00', '131.5', '59', '23', '0'),
(91, 26, '5-1741', 27, '2', '06:52:00', '07:36:00', '18.00', '136', '52', '22', '0'),
(92, 26, '5-1741', 23, '1', '07:36:00', '08:45:00', '22.00', '170', '73', '20.9', '0'),
(93, 26, '5-1741', 27, '2', '07:36:00', '08:51:00', '18.00', '185.5', '80', '20.5', '0'),
(94, 26, '5-1741', 23, '1', '08:45:00', '09:57:00', '22.00', '212', '73', '19.8', '0'),
(95, 26, '5-1741', 27, '2', '08:51:00', '10:05:00', '19.00', '129.5', '58', '19.8', '0'),
(96, 26, '5-1741', 23, '1', '09:57:00', '11:24:00', '22.00', '358.5', '86', '21.1', '0'),
(97, 26, '5-1741', 27, '2', '10:05:00', '11:24:00', '18.00', '275.5', '74', '21.7', '0'),
(98, 27, '5-1741', 22, '1', '02:00:00', '02:50:00', '0', '207', '74', '19.3', '0'),
(99, 27, '5-1741', 22, '1', '02:50:00', '04:40:00', '0', '333', '94', '21.2', '0'),
(100, 27, '5-1741', 21, '2', '02:00:00', '02:50:00', '0', '167', '63', '21.5', '0'),
(101, 27, '5-1741', 21, '2', '02:50:00', '04:45:00', '0', '396', '93', '19.2', '0'),
(102, 27, '5-1741', 22, '1', '04:40:00', '05:50:00', '0', '237.5', '82', '22.2', '0'),
(103, 27, '5-1741', 21, '2', '04:45:00', '05:50:00', '0', '229', '74', '22.7', '0'),
(104, 27, '5-1741', 22, '1', '05:50:00', '07:35:00', '0', '316.5', '89', '20.8', '0'),
(105, 27, '5-1741', 21, '2', '05:50:00', '07:35:00', '0', '342', '94', '20.7', '0'),
(106, 27, '5-1741', 22, '1', '07:35:00', '08:45:00', '0', '281', '83', '20.5', '0'),
(107, 27, '5-1741', 21, '2', '07:35:00', '08:45:00', '0', '281', '79', '20', '0'),
(108, 27, '5-1741', 22, '1', '08:45:00', '09:50:00', '0', '184.5', '63', '20.5', '45'),
(109, 27, '5-1741', 21, '2', '08:45:00', '09:55:00', '0', '198.5', '68', '20.7', '52'),
(110, 26, '5-1741', 23, '1', '11:24:00', '01:00:00', '19.00', '369', '94', '22.3', '118'),
(111, 26, '5-1741', 27, '2', '11:24:00', '01:15:00', '18.00', '299', '83', '22', '0'),
(112, 26, '5-1741', 27, '2', '01:15:00', '02:04:00', '18.00', '145', '56', '22', '0'),
(113, 32, '2-1747', 22, '1', '06:00:00', '08:02:00', '0', '381', '100', '21.4', '0'),
(114, 32, '2-1747', 22, '1', '08:02:00', '10:01:00', '0', '397.5', '104', '21.37', '0'),
(115, 32, '2-1747', 21, '2', '06:00:00', '08:04:00', '0', '419.5', '96', '20.45', '0'),
(116, 32, '2-1747', 21, '2', '08:04:00', '10:03:00', '0', '391', '103', '20.70', '0'),
(117, 32, '2-1747', 22, '1', '10:01:00', '11:52:00', '0', '369', '100', '19.87', '0'),
(118, 32, '2-1747', 21, '2', '10:03:00', '11:03:00', '0', '328.5', '100', '20.33', '0'),
(119, 32, '2-1747', 22, '1', '11:52:00', '01:50:00', '0', '380.5', '100', '20.4', '50'),
(120, 32, '2-1747', 21, '2', '11:50:00', '01:50:00', '0', '383', '100', '20.2', '50'),
(127, 33, '2-1747', 20, '1', '02:00:00', '04:00:00', '0', '445', '100', '20', '30'),
(128, 33, '2-1747', 20, '1', '04:00:00', '05:35:00', '0', '351.5', '92', '20.6', '30'),
(129, 33, '2-1747', 20, '1', '05:36:00', '07:35:00', '0', '448', '99', '20.7', '30'),
(130, 33, '2-1747', 20, '1', '07:37:00', '09:30:00', '0', '398.5', '97', '19', '30'),
(131, 33, '2-1747', 14, '2', '02:00:00', '04:00:00', '0', '422', '104', '18.9', '0'),
(132, 33, '2-1747', 14, '2', '04:00:00', '05:51:00', '0', '250', '77', '20.7', '0'),
(133, 33, '2-1747', 14, '2', '05:52:00', '08:00:00', '0', '497', '102', '20.2', '0'),
(134, 33, '2-1747', 14, '2', '08:00:00', '09:50:00', '0', '406.5', '89', '19.5', '50'),
(136, 34, '2-1747', 23, '1', '10:00:00', '11:50:00', '21.00', '501.5', '110', '21.3', '0'),
(137, 34, '2-1747', 23, '1', '11:50:00', '02:00:00', '21.00', '517', '109', '21.20', '0'),
(138, 34, '2-1747', 23, '1', '02:00:00', '04:00:00', '21.00', '402', '100', '20.37', '0'),
(139, 34, '2-1747', 27, '2', '10:00:00', '11:50:00', '20.00', '424.5', '102', '22.04', '0'),
(140, 34, '2-1747', 27, '2', '11:50:00', '02:00:00', '20.00', '431', '100', '21.16', '0'),
(141, 34, '2-1747', 27, '2', '02:00:00', '04:00:00', '20.00', '335.5', '92', '22.04', '0'),
(142, 34, '2-1747', 27, '2', '04:00:00', '05:47:00', '20.00', '346.5', '95', '20.70', '52'),
(143, 34, '2-1747', 23, '1', '04:00:00', '05:50:00', '21.00', '427', '103', '21.20', '33'),
(144, 35, '3-1747', 22, '1', '06:00:00', '07:55:00', '0', '410', '105', '21.06', '0'),
(145, 35, '3-1747', 22, '1', '07:55:00', '10:00:00', '0', '436', '106', '20.74', '0'),
(146, 35, '3-1747', 21, '2', '06:00:00', '08:00:00', '0', '406.5', '104', '21.3', '0'),
(147, 35, '3-1747', 21, '2', '08:00:00', '10:00:00', '0', '470.5', '104', '20.74', '0'),
(148, 35, '3-1747', 22, '1', '10:00:00', '11:52:00', '0', '306.5', '100', '18.54', '0'),
(149, 35, '3-1747', 21, '2', '10:03:00', '11:54:00', '0', '352', '100', '19.24', '0'),
(150, 35, '3-1747', 22, '1', '11:52:00', '01:50:00', '0', '412', '101', '20.5', '45'),
(151, 35, '3-1747', 21, '2', '11:54:00', '01:50:00', '0', '353.5', '99', '20.6', '42.5'),
(152, 36, '3-1747', 20, '1', '02:00:00', '03:35:00', '0', '382', '100', '21.5', '0'),
(153, 36, '3-1747', 14, '2', '02:00:00', '03:35:00', '0', '327', '87', '19', '0'),
(154, 36, '3-1747', 20, '1', '03:35:00', '05:35:00', '0', '456', '102', '25.2', '0'),
(155, 36, '3-1747', 14, '2', '03:35:00', '05:14:00', '0', '344', '87', '24.2', '0'),
(156, 36, '3-1747', 20, '1', '05:35:00', '07:35:00', '0', '420', '98', '21', '0'),
(157, 36, '3-1747', 14, '2', '05:15:00', '07:30:00', '0', '479', '101', '20.1', '0'),
(158, 36, '3-1747', 14, '2', '07:30:00', '09:55:00', '0', '556', '114', '20.1', '50'),
(159, 36, '3-1747', 20, '1', '07:35:00', '09:55:00', '0', '193', '67', '23', '50'),
(160, 38, '4-1747', 22, '1', '06:00:00', '08:01:00', '0', '478', '103', '21.6', '0'),
(161, 38, '4-1747', 22, '1', '08:01:00', '09:59:00', '0', '420.5', '103', '21.66', '0'),
(162, 38, '4-1747', 21, '2', '06:00:00', '07:51:00', '0', '529.5', '107', '21.4', '0'),
(163, 38, '4-1747', 21, '2', '07:51:00', '09:21:00', '0', '355', '99', '22.29', '0'),
(164, 38, '4-1747', 22, '1', '09:59:00', '11:54:00', '0', '360.5', '100', '21.75', '0'),
(166, 38, '4-1747', 21, '2', '09:21:00', '11:49:00', '0', '451', '106', '21.20', '0'),
(167, 38, '4-1747', 22, '1', '11:54:00', '01:50:00', '0', '356.5', '100', '20.6', '65'),
(168, 38, '4-1747', 21, '2', '11:45:00', '01:50:00', '0', '406.5', '101', '20', '71'),
(169, 39, '4-1747', 20, '1', '02:00:00', '03:25:00', '0', '410', '91', '22.1', '0'),
(170, 39, '4-1747', 14, '2', '02:00:00', '03:15:00', '0', '262', '76', '21.2', '0'),
(172, 39, '4-1747', 20, '1', '03:25:00', '05:40:00', '0', '455', '99', '21.3', '0'),
(174, 39, '4-1747', 14, '2', '03:15:00', '05:00:00', '0', '339', '74', '21.7', '0'),
(175, 39, '4-1747', 14, '2', '05:00:00', '06:30:00', '0', '269', '74', '20.7', '0'),
(176, 39, '4-1747', 20, '1', '05:40:00', '07:40:00', '0', '404', '97', '21', '0'),
(177, 39, '4-1747', 14, '2', '06:30:00', '07:30:00', '0', '217.5', '71', '20.9', '0'),
(178, 39, '4-1747', 14, '2', '07:30:00', '09:50:00', '0', '504', '106', '20.3', '45'),
(179, 39, '4-1747', 14, '2', '07:30:00', '09:50:00', '0', '504', '106', '20.3', '45'),
(180, 39, '4-1747', 20, '1', '07:40:00', '09:50:00', '0', '436', '103', '21.4', '30'),
(181, 41, '5-1747', 22, '1', '06:00:00', '07:42:00', '0', '434', '100', '21', '0'),
(182, 41, '5-1747', 21, '2', '06:00:00', '07:47:00', '0', '378.5', '104', '21.3', '0'),
(183, 44, '6-1747', 22, '1', '06:00:00', '08:00:00', '0', '400', '104', '22.2', '0'),
(184, 44, '6-1747', 22, '1', '08:00:00', '09:59:00', '0', '398', '100', '21.25', '0'),
(185, 44, '6-1747', 22, '1', '09:59:00', '11:43:00', '0', '305.5', '99', '20.75', '0'),
(186, 44, '6-1747', 21, '2', '06:00:00', '07:57:00', '0', '492', '105', '22.5', '0'),
(187, 44, '6-1747', 21, '2', '07:57:00', '10:03:00', '0', '374', '99', '21.06', '0'),
(188, 44, '6-1747', 21, '2', '10:03:00', '11:39:00', '0', '345.5', '100', '21', '0'),
(189, 44, '6-1747', 22, '1', '11:43:00', '01:30:00', '0', '342.5', '102', '20.8', '80'),
(190, 44, '6-1747', 21, '2', '11:40:00', '01:26:00', '0', '418', '101', '20.9', '85'),
(191, 45, '6-1747', 20, '1', '02:00:00', '03:55:00', '0', '219.5', '77', '22.4', '0'),
(192, 45, '6-1747', 14, '2', '02:00:00', '03:45:00', '0', '453', '100', '20.4', '0'),
(193, 45, '6-1747', 20, '1', '03:55:00', '06:10:00', '0', '355', '93', '21.5', '0'),
(194, 49, '1-1755', 22, '1', '10:00:00', '11:58:00', '0', '408', '105', '20.9', '0'),
(195, 49, '1-1755', 21, '2', '10:00:00', '11:55:00', '0', '410.5', '95', '21.5', '0'),
(196, 49, '1-1755', 22, '1', '11:58:00', '02:00:00', '0', '363', '100', '20.9', '0'),
(197, 49, '1-1755', 21, '2', '11:55:00', '02:00:00', '0', '436', '100', '21.3', '0'),
(198, 49, '1-1755', 22, '1', '02:00:00', '04:01:00', '0', '430', '103', '21', '0'),
(199, 49, '1-1755', 21, '2', '02:00:00', '04:01:00', '0', '558.5', '104', '21.5', '0'),
(200, 49, '1-1755', 22, '1', '04:01:00', '05:35:00', '0', '280', '80', '20.87', '60'),
(201, 49, '1-1755', 21, '2', '04:01:00', '05:50:00', '0', '423', '101', '20.87', '80'),
(202, 55, '1-1767', 20, '1', '06:00:00', '08:00:00', '0', '450', '104', '21.3', '0'),
(205, 55, '1-1767', 14, '2', '08:05:00', '10:00:00', '0', '539.5', '0', '22.4', '0'),
(206, 55, '1-1767', 20, '1', '08:00:00', '10:05:00', '0', '260.5', '77', '21.3', '0'),
(208, 55, '1-1767', 14, '2', '06:00:00', '08:05:00', '0', '467', '94', '21.7', '0'),
(209, 55, '1-1767', 14, '2', '10:00:00', '12:00:00', '0', '429', '97', '20.5', '0'),
(210, 55, '1-1767', 20, '1', '10:05:00', '12:28:00', '0', '401', '102', '21.4', '0'),
(211, 55, '1-1767', 14, '2', '12:00:00', '01:55:00', '0', '403.5', '98', '20.4', '35'),
(212, 55, '1-1767', 20, '1', '12:28:00', '01:49:00', '0', '318', '89', '20.5', '60'),
(213, 62, '1-1805', 22, '1', '02:00:00', '04:00:00', '0', '453.5', '104', '21', '0'),
(214, 62, '1-1805', 22, '1', '04:00:00', '06:00:00', '0', '480.5', '105', '21.83', '0'),
(215, 62, '1-1805', 21, '2', '02:00:00', '04:00:00', '0', '373.5', '106', '22.37', '0'),
(216, 62, '1-1805', 21, '2', '04:01:00', '06:00:00', '0', '420', '106', '21.87', '0'),
(217, 62, '1-1805', 22, '1', '06:10:00', '08:00:00', '0', '495', '104', '21.74', '0'),
(218, 62, '1-1805', 21, '2', '06:00:00', '07:56:00', '0', '450.5', '106', '22.45', '0'),
(219, 62, '1-1805', 22, '1', '08:00:00', '09:50:00', '0', '409', '102', '21.66', '70'),
(220, 62, '1-1805', 21, '2', '08:07:00', '09:55:00', '0', '400.5', '103', '22', '120'),
(221, 66, '1-1820', 22, '1', '06:00:00', '08:05:00', '0', '456', '98', '21.8', '0'),
(222, 66, '1-1820', 21, '2', '06:00:00', '08:04:00', '0', '544', '106', '21.70', '0'),
(223, 66, '1-1820', 22, '1', '08:05:00', '10:03:00', '0', '372', '92', '21.83', '0'),
(224, 66, '1-1820', 21, '2', '08:04:00', '09:59:00', '0', '535', '104', '21.66', '0'),
(225, 67, '1-1820', 20, '1', '02:00:00', '04:00:00', '0', '461', '104', '21.6', '0'),
(226, 67, '1-1820', 14, '2', '02:00:00', '04:00:00', '0', '572', '120', '21.3', '0'),
(227, 67, '1-1820', 20, '1', '04:00:00', '06:00:00', '0', '377.5', '87', '20.7', '0'),
(228, 67, '1-1820', 14, '2', '04:00:00', '06:00:00', '0', '528', '109', '21', '0'),
(231, 67, '1-1820', 20, '1', '06:00:00', '08:00:00', '0', '443', '98', '21', '0'),
(232, 67, '1-1820', 14, '2', '06:00:00', '08:00:00', '0', '504', '99', '21', '0'),
(233, 67, '1-1820', 20, '1', '08:00:00', '10:00:00', '0', '388.5', '0', '19.9', '50'),
(234, 67, '1-1820', 14, '2', '08:00:00', '10:00:00', '0', '471', '0', '21.8', '50'),
(235, 71, '1-4853', 22, '1', '10:00:00', '11:07:00', '0', '239', '60', '21.79', '0'),
(236, 71, '1-4853', 22, '1', '11:07:00', '01:23:00', '0', '451.5', '99', '21.56', '0'),
(237, 71, '1-4853', 22, '1', '01:23:00', '03:56:00', '0', '527.5', '103', '21.70', '0'),
(238, 71, '1-4853', 21, '2', '08:30:00', '10:21:00', '0', '364', '100', '20.70', '0'),
(239, 71, '1-4853', 21, '2', '10:21:00', '12:24:00', '0', '554', '104', '21.53', '0'),
(240, 71, '1-4853', 21, '2', '12:24:00', '02:28:00', '0', '617.5', '113', '21.5', '0'),
(241, 71, '1-4853', 21, '2', '02:30:00', '04:17:00', '0', '570.5', '108', '21.75', '0'),
(242, 71, '1-4853', 22, '1', '03:56:00', '05:50:00', '0', '324', '96', '21.8', '85'),
(243, 71, '1-4853', 21, '2', '04:17:00', '06:00:00', '0', '338.5', '84', '21.99', '60'),
(244, 74, '1-1859', 22, '1', '10:00:00', '11:58:00', '0', '506', '100', '21.66', '0'),
(245, 74, '1-1859', 21, '2', '10:00:00', '11:59:00', '0', '592', '108', '21.41', '0'),
(246, 74, '1-1859', 22, '1', '11:58:00', '02:00:00', '0', '508.5', '101', '21.45', '0'),
(247, 74, '1-1859', 21, '2', '11:59:00', '02:00:00', '0', '558', '106', '21.5', '0'),
(248, 74, '1-1859', 22, '1', '02:00:00', '04:00:00', '0', '481', '99', '21.5', '0'),
(249, 74, '1-1859', 21, '2', '02:00:00', '04:00:00', '0', '616', '102', '21.83', '0'),
(250, 74, '1-1859', 22, '1', '04:00:00', '05:50:00', '0', '355.5', '98', '20.91', '63'),
(251, 74, '1-1859', 21, '2', '04:00:00', '05:50:00', '0', '485', '100', '21.83', '110'),
(253, 88, '1-1893', 21, '2', '02:00:00', '04:01:00', '0', '534.5', '103', '21.5', '0'),
(254, 88, '1-1893', 22, '1', '02:00:00', '04:00:00', '0', '453', '101', '21.08', '0'),
(255, 88, '1-1893', 22, '1', '04:00:00', '05:57:00', '0', '481', '99', '21.16', '0'),
(256, 88, '1-1893', 21, '2', '04:01:00', '06:03:00', '0', '559', '105', '21.5', '0'),
(257, 88, '1-1893', 22, '1', '05:57:00', '08:00:00', '0', '540.5', '101', '21.27', '0'),
(258, 88, '1-1893', 21, '2', '06:00:00', '08:00:00', '0', '460.5', '102', '21.66', '0'),
(259, 102, '1-1928', 27, '2', '02:00:00', '04:00:00', '0', '348.5', '94', '22.12', '0'),
(260, 102, '1-1928', 27, '2', '04:00:00', '06:00:00', '0', '357.5', '95', '21.54', '0'),
(261, 102, '1-1928', 27, '2', '06:00:00', '08:00:00', '0', '300.5', '88', '20.70', '0'),
(262, 102, '1-1928', 27, '2', '08:00:00', '09:55:00', '0', '337.5', '90', '20.70', '120'),
(263, 101, '1-1928', 21, '2', '10:00:00', '11:35:00', '0', '300', '62', '23.33', '20'),
(264, 99, '1-1928', 14, '2', '06:00:00', '08:40:00', '0', '443.5', '108', '19.63', '0'),
(265, 99, '1-1928', 14, '2', '08:40:00', '11:30:00', '0', '517', '107', '21.13', '20'),
(266, 99, '1-1928', 14, '2', '11:30:00', '01:57:00', '0', '406.5', '104', '19.8', '0'),
(267, 106, '1-1943', 20, '1', '06:00:00', '06:32:00', '0', '152', '59', '21.61', '0'),
(268, 106, '1-1943', 20, '1', '06:32:00', '07:07:00', '0', '108', '42', '22.02', '0'),
(269, 106, '1-1943', 20, '1', '07:07:00', '08:10:00', '0', '247', '70', '21.7', '0'),
(270, 106, '1-1943', 20, '1', '08:10:00', '08:45:00', '0', '158', '56', '21.2', '0'),
(271, 106, '1-1943', 20, '1', '08:45:00', '09:30:00', '0', '178', '58', '20.5', '0'),
(272, 106, '1-1943', 20, '1', '09:30:00', '10:30:00', '0', '218', '68', '20.4', '0'),
(273, 106, '1-1943', 20, '1', '10:30:00', '12:00:00', '0', '290.5', '77', '20.5', '0'),
(274, 106, '1-1943', 20, '1', '12:00:00', '01:00:00', '0', '256', '66', '20.4', '0'),
(275, 106, '1-1943', 20, '1', '01:00:00', '02:00:00', '0', '230', '71', '21.2', '80'),
(276, 107, '1-1943', 23, '1', '02:55:00', '02:40:00', '0', '143.5', '58', '21.16', '0'),
(277, 107, '1-1943', 23, '1', '02:40:00', '03:37:00', '0', '206.5', '67', '20.83', '0'),
(278, 107, '1-1943', 23, '1', '03:37:00', '04:18:00', '0', '158', '59', '22.83', '0'),
(280, 107, '1-1943', 23, '1', '04:18:00', '05:23:00', '0', '205.5', '70', '21.5', '0'),
(281, 107, '1-1943', 23, '1', '05:23:00', '06:28:00', '0', '206.5', '67', '20.58', '0'),
(282, 107, '1-1943', 23, '1', '06:28:00', '07:27:00', '0', '208.5', '67', '20.41', '0'),
(283, 107, '1-1943', 23, '1', '07:27:00', '08:28:00', '0', '211', '68', '20.88', '40.5'),
(284, 108, '1-1943', 22, '1', '10:00:00', '10:47:00', '0', '154', '50', '20.94', '0'),
(285, 108, '1-1943', 22, '1', '10:47:00', '01:00:00', '0', '461', '104', '20.96', '0'),
(286, 108, '1-1943', 22, '1', '01:00:00', '03:00:00', '0', '448.5', '102', '21.25', '0'),
(287, 108, '1-1943', 22, '1', '03:00:00', '04:30:00', '0', '352', '80', '21.66', '0'),
(288, 108, '1-1943', 22, '1', '04:30:00', '05:00:00', '0', '93.5', '50', '20.86', '78'),
(289, 108, '1-1943', 21, '2', '10:42:00', '01:03:00', '0', '276', '90', '24.9', '0'),
(290, 108, '1-1943', 21, '2', '01:03:00', '03:30:00', '0', '358.5', '101', '22.36', '0'),
(291, 108, '1-1943', 21, '2', '03:50:00', '05:30:00', '0', '222', '90', '21.16', '90'),
(292, 108, '1-1943', 21, '2', '10:00:00', '10:42:00', '0', '208', '75', '20.8', '0'),
(293, 109, '1-1949', 20, '1', '11:07:00', '12:08:00', '0', '110', '40', '20.3', '0'),
(294, 109, '1-1949', 20, '1', '12:08:00', '01:10:00', '0', '183.5', '66', '20.6', '0'),
(295, 109, '1-1949', 20, '1', '01:10:00', '01:58:00', '0', '242.5', '63', '20.6', '80'),
(296, 109, '1-1949', 14, '2', '11:00:00', '12:15:00', '0', '242.5', '75', '20.5', '0'),
(297, 109, '1-1949', 14, '2', '12:15:00', '01:13:00', '0', '193', '72', '20.5', '0'),
(298, 109, '1-1949', 14, '2', '01:13:00', '02:02:00', '0', '147.5', '63', '20.1', '60'),
(299, 110, '1-1949', 23, '1', '02:00:00', '03:27:00', '0', '176.5', '65', '26.25', '0'),
(300, 110, '1-1949', 23, '1', '03:27:00', '04:55:00', '0', '383', '90', '21.49', '0'),
(301, 110, '1-1949', 23, '1', '04:53:00', '05:08:00', '0', '59', '32', '22', '80'),
(302, 110, '1-1949', 27, '2', '02:00:00', '03:50:00', '0', '242.5', '81', '22.75', '0'),
(303, 110, '1-1949', 27, '2', '03:50:00', '04:33:00', '0', '123.5', '53', '21.75', '0'),
(304, 110, '1-1949', 27, '2', '04:33:00', '05:33:00', '0', '181.5', '66', '22.8', '100'),
(305, 111, '1-1949', 22, '1', '10:00:00', '11:47:00', '0', '394', '88', '21.08', '0'),
(306, 111, '1-1949', 22, '1', '11:47:00', '02:00:00', '0', '468', '99', '21.43', '0'),
(307, 111, '1-1949', 22, '1', '02:00:00', '04:10:00', '0', '488.5', '103', '21.66', '0'),
(308, 111, '1-1949', 22, '1', '04:10:00', '05:50:00', '0', '360.5', '99', '21.58', '75'),
(309, 111, '1-1949', 21, '2', '10:00:00', '12:00:00', '0', '340.5', '93', '21.9', '0'),
(310, 111, '1-1949', 21, '2', '02:00:00', '04:08:00', '0', '478.5', '101', '22.25', '0'),
(311, 111, '1-1949', 21, '2', '04:08:00', '05:50:00', '0', '357.5', '100', '21.83', '83'),
(312, 112, '1-1957', 20, '1', '06:00:00', '08:00:00', '0', '475', '98', '21.5', '0'),
(313, 112, '1-1957', 20, '1', '08:00:00', '10:00:00', '0', '445', '98', '21.5', '0'),
(314, 112, '1-1957', 20, '1', '10:00:00', '12:05:00', '0', '491.5', '102', '20.6', '0'),
(315, 112, '1-1957', 20, '1', '12:05:00', '01:55:00', '0', '412.5', '96', '22.7', '70'),
(316, 113, '1-1957', 23, '1', '02:00:00', '04:00:00', '0', '385.5', '92', '22.33', '0'),
(317, 113, '1-1957', 23, '1', '04:00:00', '06:38:00', '0', '454', '99', '21.28', '0'),
(318, 113, '1-1957', 23, '1', '06:00:00', '08:07:00', '0', '442.5', '94', '21.62', '0'),
(319, 113, '1-1957', 23, '1', '08:05:00', '09:55:00', '0', '366.5', '89', '20.91', '90'),
(320, 115, '1-1957', 22, '1', '10:00:00', '11:58:00', '0', '379', '95', '21.36', '0'),
(321, 115, '1-1957', 22, '1', '11:57:00', '02:53:00', '0', '434', '100', '21.60', '0'),
(322, 115, '1-1957', 22, '1', '02:54:00', '03:50:00', '0', '195', '50', '21.60', '45'),
(323, 116, '1-1960', 20, '1', '06:00:00', '07:15:00', '0', '144', '60', '24.15', '0'),
(324, 116, '1-1960', 20, '1', '07:13:00', '08:58:00', '0', '260', '80', '21.27', '0'),
(325, 116, '1-1960', 20, '1', '08:25:00', '10:20:00', '0', '274', '80', '20.79', '0'),
(326, 116, '1-1960', 20, '1', '10:22:00', '12:02:00', '0', '308', '80', '21.34', '0'),
(327, 117, '1-1960', 23, '1', '02:00:00', '02:48:00', '0', '164', '60', '21.06', '0'),
(328, 117, '1-1960', 23, '1', '02:47:00', '03:48:00', '0', '204', '57', '20.9', '0'),
(329, 117, '1-1960', 23, '1', '03:47:00', '04:15:00', '0', '100.5', '45', '21.2', '0'),
(330, 117, '1-1960', 23, '1', '04:15:00', '05:00:00', '0', '171', '58', '21.8', '0'),
(331, 117, '1-1960', 23, '1', '05:00:00', '05:30:00', '0', '270', '50', '23.7', '0'),
(332, 117, '1-1960', 23, '1', '05:30:00', '06:15:00', '0', '169', '61', '22.8', '0'),
(334, 117, '1-1960', 23, '1', '06:15:00', '07:33:00', '0', '258.5', '74', '22.1', '0'),
(335, 117, '1-1960', 23, '1', '07:33:00', '08:15:00', '0', '150.5', '55', '21.1', '0'),
(336, 117, '1-1960', 23, '1', '08:15:00', '09:55:00', '0', '363.5', '85', '21.4', '40'),
(337, 118, '1-1960', 22, '1', '10:00:00', '12:00:00', '0', '387', '94', '21', '0'),
(338, 118, '1-1960', 22, '1', '12:00:00', '02:00:00', '0', '360.5', '85', '20.5', '0'),
(339, 118, '1-1960', 22, '1', '02:00:00', '03:50:00', '0', '304', '77', '21.4', '50'),
(340, 119, '1-1965', 23, '1', '12:30:00', '12:50:00', '0', '121.5', '49', '21', '0'),
(341, 119, '1-1965', 23, '1', '12:50:00', '01:17:00', '0', '120.5', '48', '21.258', '0'),
(342, 119, '1-1965', 23, '1', '01:17:00', '02:00:00', '0', '159', '58', '19.75', '10'),
(343, 121, '1-1965', 22, '1', '02:00:00', '02:45:00', '0', '173.5', '0', '20.33', '0'),
(344, 121, '1-1965', 22, '1', '02:45:00', '03:28:00', '0', '161', '0', '20.38', '0'),
(345, 121, '1-1965', 22, '1', '03:27:00', '04:07:00', '0', '147.5', '0', '21.33', '0'),
(346, 121, '1-1965', 22, '1', '04:07:00', '04:42:00', '0', '109.5', '0', '20.08', '0'),
(347, 121, '1-1965', 22, '1', '04:42:00', '05:12:00', '0', '96', '0', '26.16', '0'),
(348, 121, '1-1965', 22, '1', '05:12:00', '05:37:00', '0', '100', '0', '21.83', '0'),
(349, 121, '1-1965', 22, '1', '05:38:00', '06:02:00', '0', '108', '0', '22', '0'),
(350, 121, '1-1965', 22, '1', '06:02:00', '06:30:00', '0', '118.5', '0', '21.5', '0'),
(351, 121, '1-1965', 22, '1', '06:30:00', '07:13:00', '0', '146', '0', '21.16', '50'),
(352, 121, '1-1965', 22, '1', '07:13:00', '07:43:00', '0', '130', '45', '21.16', '0'),
(353, 121, '1-1965', 22, '1', '07:13:00', '07:43:00', '0', '130', '45', '21.16', '0'),
(354, 121, '1-1965', 22, '1', '07:43:00', '08:13:00', '0', '115', '45', '20.10', '0'),
(355, 121, '1-1965', 22, '1', '08:13:00', '08:40:00', '0', '102', '46', '21.06', '0'),
(356, 121, '1-1965', 22, '1', '08:40:00', '09:10:00', '0', '127', '40', '21.66', '0'),
(357, 121, '1-1965', 22, '1', '09:10:00', '09:50:00', '0', '164', '53', '21.33', '0'),
(358, 120, '1-1965', 20, '1', '10:00:00', '10:40:00', '0', '255.5', '65', '20.5', '0'),
(359, 120, '1-1965', 20, '1', '10:40:00', '11:30:00', '0', '204', '64', '20.4', '0'),
(360, 120, '1-1965', 20, '1', '11:30:00', '12:14:00', '0', '149.5', '58', '20.5', '0'),
(361, 120, '1-1965', 20, '1', '12:15:00', '01:00:00', '0', '170', '60', '20.5', '0'),
(362, 120, '1-1965', 20, '1', '01:00:00', '02:02:00', '0', '251.5', '70', '23.1', '0'),
(363, 120, '1-1965', 20, '1', '01:00:00', '02:02:00', '0', '251.5', '70', '23.1', '0'),
(364, 120, '1-1965', 20, '1', '02:00:00', '03:00:00', '0', '158', '70', '23.1', '0'),
(365, 120, '1-1965', 20, '1', '03:00:00', '03:57:00', '0', '179', '62', '18.6', '0'),
(366, 120, '1-1965', 20, '1', '03:57:00', '04:48:00', '0', '169', '60', '21.5', '0'),
(367, 120, '1-1965', 20, '1', '04:48:00', '06:00:00', '0', '173', '62', '18.4', '80'),
(368, 122, '1-1970', 23, '1', '06:00:00', '06:38:00', '0', '141.5', '57', '22.66', '0'),
(369, 122, '1-1970', 23, '1', '06:38:00', '07:07:00', '0', '81.5', '43', '18.58', '0'),
(370, 122, '1-1970', 23, '1', '07:07:00', '07:48:00', '0', '124', '52', '23.83', '0'),
(371, 122, '1-1970', 23, '1', '07:48:00', '08:17:00', '0', '120', '50', '25.5', '0'),
(373, 122, '1-1970', 23, '1', '08:17:00', '08:47:00', '0', '98.5', '47', '18.41', '0'),
(374, 122, '1-1970', 23, '1', '08:47:00', '09:12:00', '0', '94', '43', '23.16', '0'),
(375, 122, '1-1970', 23, '1', '09:12:00', '09:38:00', '0', '97', '0', '22.91', '0'),
(376, 122, '1-1970', 23, '1', '09:38:00', '10:08:00', '0', '101', '45', '19.5', '0'),
(377, 122, '1-1970', 23, '1', '10:08:00', '10:50:00', '0', '148', '55', '18.75', '0'),
(378, 122, '1-1970', 23, '1', '10:51:00', '11:30:00', '0', '153', '57', '19.33', '0'),
(379, 122, '1-1970', 23, '1', '11:30:00', '12:28:00', '0', '104.5', '46', '22.16', '0'),
(380, 122, '1-1970', 23, '1', '12:00:00', '12:23:00', '0', '97', '43', '21.91', '0'),
(381, 122, '1-1970', 23, '1', '12:23:00', '12:50:00', '0', '100.5', '46', '21.16', '0'),
(382, 122, '1-1970', 23, '1', '12:50:00', '01:13:00', '0', '86', '42', '21.16', '0'),
(383, 122, '1-1970', 23, '1', '01:15:00', '01:58:00', '0', '150.5', '56', '19.5', '60'),
(385, 123, '1-1970', 22, '1', '02:32:00', '03:02:00', '0', '110.5', '0', '20.3', '0'),
(387, 123, '1-1970', 22, '1', '03:02:00', '03:28:00', '0', '112.5', '0', '21.3', '0'),
(388, 123, '1-1970', 22, '1', '03:28:00', '04:12:00', '0', '175.5', '0', '20.66', '0'),
(389, 123, '1-1970', 22, '1', '04:12:00', '04:52:00', '0', '163.5', '0', '22.66', '0'),
(391, 123, '1-1970', 22, '1', '04:52:00', '05:45:00', '0', '211', '0', '20.66', '0'),
(392, 123, '1-1970', 22, '1', '04:45:00', '06:18:00', '0', '126', '0', '20.10', '0'),
(393, 123, '1-1970', 22, '1', '06:18:00', '06:57:00', '0', '152', '0', '20.33', '0'),
(395, 123, '1-1970', 22, '1', '06:57:00', '07:20:00', '0', '88.5', '0', '21.33', '0'),
(396, 123, '1-1970', 22, '1', '07:20:00', '08:07:00', '0', '179.5', '59', '21.05', '0'),
(397, 123, '1-1970', 22, '1', '08:07:00', '09:05:00', '0', '237', '68', '22.05', '0'),
(398, 123, '1-1970', 22, '1', '09:05:00', '09:50:00', '0', '174.5', '60', '21.33', '45'),
(399, 124, '1-1970', 20, '1', '10:00:00', '12:00:00', '0', '420', '94', '19.7', '0'),
(401, 124, '1-1970', 20, '1', '12:00:00', '01:03:00', '0', '237', '72', '20.2', '0'),
(402, 124, '1-1970', 20, '1', '01:03:00', '02:25:00', '0', '350', '82', '20.5', '0'),
(403, 124, '1-1970', 20, '1', '02:25:00', '02:55:00', '0', '111', '49', '20.8', '0'),
(404, 124, '1-1970', 20, '1', '02:55:00', '03:33:00', '0', '146.5', '56', '20.4', '0'),
(405, 124, '1-1970', 20, '1', '03:33:00', '04:15:00', '0', '112', '50', '20.2', '0'),
(406, 124, '1-1970', 22, '1', '04:15:00', '04:57:00', '0', '148', '57', '20.5', '0'),
(407, 124, '1-1970', 20, '1', '04:57:00', '06:00:00', '0', '225', '64', '20.4', '80'),
(408, 125, '1-1976', 23, '1', '06:00:00', '06:30:00', '0', '102', '50', '22.75', '0'),
(409, 125, '1-1976', 23, '1', '06:30:00', '07:15:00', '0', '197', '64', '22.8', '0'),
(410, 125, '1-1976', 23, '1', '07:15:00', '08:45:00', '0', '143', '52', '20.91', '0'),
(411, 125, '1-1976', 23, '1', '08:45:00', '09:25:00', '0', '146', '52', '21', '0'),
(412, 125, '1-1976', 23, '1', '09:25:00', '09:43:00', '0', '79.5', '40', '22.5', '0'),
(413, 125, '1-1976', 23, '1', '09:43:00', '10:15:00', '0', '89.5', '45', '22.41', '0'),
(414, 125, '1-1976', 23, '1', '10:15:00', '10:52:00', '0', '139.5', '55', '21.6', '0'),
(415, 125, '1-1976', 23, '1', '10:50:00', '11:27:00', '0', '144.5', '53', '21.16', '0'),
(416, 125, '1-1976', 23, '1', '11:27:00', '11:58:00', '0', '138', '52', '21.83', '0'),
(417, 125, '1-1976', 23, '1', '11:58:00', '12:47:00', '0', '163.5', '57', '21.8', '0'),
(418, 125, '1-1976', 23, '1', '07:15:00', '08:20:00', '0', '219', '68', '21', '0'),
(419, 125, '1-1976', 23, '1', '12:47:00', '01:07:00', '0', '84', '40', '20.5', '0'),
(420, 125, '1-1976', 23, '1', '01:07:00', '01:30:00', '0', '87', '40', '21.5', '0'),
(421, 125, '1-1976', 23, '1', '01:30:00', '02:00:00', '0', '97.5', '45', '21.83', '60'),
(422, 126, '1-1976', 22, '1', '02:00:00', '02:51:00', '0', '167.5', '55', '22.38', '0'),
(423, 126, '1-1976', 22, '1', '02:55:00', '03:27:00', '0', '143', '52', '22.38', '0'),
(425, 126, '1-1976', 22, '1', '03:27:00', '04:05:00', '0', '155', '49', '21.33', '0'),
(426, 126, '1-1976', 20, '1', '04:05:00', '04:43:00', '0', '135', '49', '21.33', '0'),
(427, 126, '1-1976', 22, '1', '04:43:00', '05:20:00', '0', '159.5', '47', '21.33', '0'),
(428, 126, '1-1976', 22, '1', '04:43:00', '05:20:00', '0', '159.5', '47', '21.33', '0'),
(429, 126, '1-1976', 22, '1', '05:20:00', '05:55:00', '0', '134.5', '46', '19.83', '0'),
(431, 126, '1-1976', 22, '1', '05:55:00', '06:42:00', '0', '137', '39', '21.83', '0'),
(432, 126, '1-1976', 22, '1', '06:42:00', '07:20:00', '0', '157.5', '63', '21.33', '0'),
(433, 126, '1-1976', 22, '1', '06:42:00', '07:20:00', '0', '157.5', '63', '21.33', '0'),
(434, 126, '1-1976', 22, '1', '07:20:00', '08:27:00', '0', '161.5', '54', '21.91', '0'),
(435, 126, '1-1976', 22, '1', '08:27:00', '09:05:00', '0', '151.5', '54', '21.27', '0'),
(436, 126, '1-1976', 22, '1', '09:05:00', '09:50:00', '0', '164.5', '54', '21.33', '85'),
(437, 127, '1-1976', 20, '1', '10:00:00', '11:07:00', '0', '265.5', '76', '20.0', '0'),
(439, 127, '1-1976', 20, '1', '11:07:00', '11:53:00', '0', '137.5', '54', '20.1', '0'),
(440, 127, '1-1976', 20, '1', '11:53:00', '02:22:00', '0', '157.5', '59', '22.3', '0'),
(441, 127, '1-1976', 20, '1', '12:43:00', '02:22:00', '0', '147', '58', '18.7', '0'),
(442, 127, '1-1976', 20, '1', '02:22:00', '03:00:00', '0', '130', '52', '20.5', '0'),
(443, 127, '1-1976', 20, '1', '03:00:00', '03:40:00', '0', '140', '54', '21', '0'),
(445, 127, '1-1976', 20, '1', '04:43:00', '05:50:00', '0', '232.5', '70', '20.9', '80'),
(446, 127, '1-1976', 20, '1', '03:40:00', '04:43:00', '0', '236.5', '72', '21.2', '0'),
(447, 128, '1-1981', 23, '1', '02:00:00', '03:18:00', '0', '309', '79', '20.60', '0'),
(448, 128, '1-1981', 23, '1', '03:17:00', '03:48:00', '0', '126', '43', '22.83', '0'),
(449, 131, '1-9632', 14, '1', '06:20:00', '06:55:00', '0', '55', '55', '55', '5'),
(450, 131, '1-9632', 14, '2', '06:20:00', '06:55:00', '0', '55', '20.6', '66', '66');

-- --------------------------------------------------------

--
-- Estructura de tabla para la tabla `produccion_diaria`
--

CREATE TABLE `produccion_diaria` (
  `id_produccion` int(11) NOT NULL,
  `fecha` date NOT NULL,
  `val1` decimal(7,2) NOT NULL,
  `val2` decimal(7,2) NOT NULL,
  `val3` decimal(7,2) NOT NULL,
  `val4` decimal(7,2) DEFAULT NULL,
  `val5` decimal(7,2) DEFAULT NULL,
  `val6` decimal(7,2) DEFAULT NULL,
  `val7` decimal(7,2) DEFAULT NULL,
  `val8` decimal(7,2) DEFAULT NULL,
  `val9` decimal(7,2) DEFAULT NULL,
  `IdMeta` varchar(50) DEFAULT NULL
) ENGINE=MyISAM DEFAULT CHARSET=latin1;

-- --------------------------------------------------------

--
-- Estructura de tabla para la tabla `reportes`
--

CREATE TABLE `reportes` (
  `IdReporte` int(11) NOT NULL,
  `NoOrden` varchar(255) NOT NULL,
  `Tipo` varchar(255) NOT NULL,
  `Usuario` varchar(255) NOT NULL,
  `FechaInicio` date DEFAULT NULL,
  `FechaFin` date DEFAULT NULL,
  `Estado` int(11) DEFAULT NULL,
  `IdPlan` int(11) DEFAULT NULL
) ENGINE=InnoDB DEFAULT CHARSET=utf8;

-- --------------------------------------------------------

--
-- Estructura de tabla para la tabla `reporte_diario`
--

CREATE TABLE `reporte_diario` (
  `IdReporteDiario` int(11) NOT NULL,
  `Consecutivo` varchar(11) DEFAULT NULL,
  `NoOrder` varchar(255) NOT NULL,
  `Turno` varchar(255) DEFAULT NULL,
  `FechaInicio` date DEFAULT NULL,
  `FechaFinal` date DEFAULT NULL,
  `Coordinador` int(11) DEFAULT NULL,
  `Grupo` varchar(255) DEFAULT NULL,
  `TipoPapel` varchar(255) DEFAULT NULL,
  `ProduccionTotal` varchar(255) DEFAULT NULL,
  `MermaTotal` varchar(255) NOT NULL,
  `Estado` bit(1) DEFAULT NULL,
  `cantTurnos` int(11) DEFAULT NULL
) ENGINE=InnoDB DEFAULT CHARSET=utf8;

--
-- Volcado de datos para la tabla `reporte_diario`
--

INSERT INTO `reporte_diario` (`IdReporteDiario`, `Consecutivo`, `NoOrder`, `Turno`, `FechaInicio`, `FechaFinal`, `Coordinador`, `Grupo`, `TipoPapel`, `ProduccionTotal`, `MermaTotal`, `Estado`, `cantTurnos`) VALUES
(1, '1-6688', '6688', '1', '2017-07-31', '2017-07-31', 10, NULL, 'higienico', NULL, '', b'1', 2),
(2, '1-5657', '5657', '1', '2017-07-28', '2017-07-28', 13, NULL, 'higienico', '488', '', b'1', 2),
(4, '1-5657', '5657', '2', '2017-08-28', '2017-08-29', 13, NULL, 'higienico', NULL, '', b'1', 2),
(5, '1-1690', '1690', '1', '2017-08-07', '2017-08-08', 18, NULL, 'higienico', NULL, '', b'1', 2),
(6, '1-1702', '1702', '1', '2017-08-21', '2017-08-27', 26, NULL, 'papel higienico', '3382.5', '', b'1', 2),
(7, '1-8989', '8989', '3', '2017-08-28', '2017-08-28', 13, NULL, 'higienico', NULL, '', b'1', 3),
(8, '1-1708', '1708', '3', '2017-08-28', '2017-08-28', 10, NULL, 'higienico', '569', '', b'1', 3),
(9, '1-1725', '1725', '3', '2017-09-11', '2017-09-11', 18, NULL, 'higienico', '2418.5', '', b'1', 3),
(10, '1-1725', '1725', '4', '2017-09-11', '2017-09-11', 10, NULL, 'higienico', NULL, '', b'1', 3),
(11, '1-1725', '1725', '5', '2017-09-11', '2017-09-12', 19, NULL, 'higienico', NULL, '', b'1', 3),
(12, '1-4545', '4545', '3', '2017-09-18', '2017-09-18', 13, NULL, 'higienico', NULL, '', b'1', 3),
(13, '1-4545', '4545', '4', '2017-09-18', '2017-09-18', 19, NULL, 'higienico', '993.5', '', b'1', 3),
(14, '1-1741', '1741', '3', '2017-09-25', '2017-09-25', 19, NULL, 'higienico', '1191', '', b'1', 3),
(15, '1-1741', '1741', '4', '2017-09-25', '2017-09-25', 18, NULL, 'higienico', '265.5', '', b'1', 3),
(16, '1-1741', '1741', '5', '2017-09-25', '2017-09-26', 10, NULL, 'higienico', NULL, '', b'1', 3),
(17, '2-1741', '1741', '3', '2017-09-26', '2017-09-26', 19, NULL, 'higienico', '1965', '', b'1', 3),
(18, '2-1741', '1741', '4', '2017-09-26', '2017-09-26', 18, NULL, 'higienico', '626.5', '', b'1', 3),
(19, '2-1741', '1741', '5', '2017-09-26', '2017-09-27', 10, NULL, 'higienico', NULL, '', b'1', 3),
(20, '3-1741', '1741', '3', '2017-09-27', '2017-09-27', 19, NULL, 'higienico', '607', '', b'1', 3),
(21, '3-1741', '1741', '4', '2017-09-27', '2017-09-27', 18, NULL, 'higienico', '497', '', b'1', 3),
(22, '3-1741', '1741', '5', '2017-09-27', '2017-09-28', 10, NULL, 'higienico', NULL, '', b'1', 3),
(23, '4-1741', '1741', '3', '2017-09-28', '2017-09-28', 19, NULL, 'higienico', '3160.5', '', b'1', 3),
(24, '4-1741', '1741', '4', '2017-09-28', '2017-09-28', 18, NULL, 'higienico', '3541.5', '', b'1', 3),
(25, '4-1741', '1741', '5', '2017-09-28', '2017-09-29', 10, NULL, 'higienico', NULL, '', b'1', 3),
(26, '5-1741', '1741', '3', '2017-09-29', '2017-09-29', 19, NULL, 'HIGIENICO', '2667.5', '', b'1', 3),
(27, '5-1741', '1741', '4', '2017-09-29', '2017-09-29', 18, NULL, 'higiénico', '3173', '', b'1', 3),
(28, '5-1741', '1741', '5', '2017-09-29', '2017-09-30', 10, NULL, 'higiénico', NULL, '', b'1', 3),
(29, '1-1747', '1747', '3', '2017-10-02', '2017-10-02', 18, NULL, 'higienico', NULL, '', b'1', 3),
(30, '1-1747', '1747', '4', '2017-10-02', '2017-10-02', 10, NULL, 'higienico', NULL, '', b'1', 3),
(31, '1-1747', '1747', '5', '2017-10-02', '2017-10-03', 19, NULL, 'higienico', NULL, '', b'1', 3),
(32, '2-1747', '1747', '3', '2017-10-03', '2017-10-03', 18, NULL, 'higienico', '3050', '', b'1', 3),
(33, '2-1747', '1747', '4', '2017-10-03', '2017-10-03', 10, NULL, 'higienico', '3218.5', '', b'1', 3),
(34, '2-1747', '1747', '5', '2017-10-03', '2017-10-03', 19, NULL, 'higienico', '3385', '', b'1', 3),
(35, '3-1747', '1747', '3', '2017-10-04', '2017-10-04', 18, NULL, 'higienico', '3147', '', b'1', 3),
(36, '3-1747', '1747', '4', '2017-10-04', '2017-10-04', 10, NULL, 'higienico', '3157', '', b'1', 3),
(37, '3-1747', '1747', '5', '2017-10-04', '2017-10-05', 19, NULL, 'higienico', NULL, '', b'1', 3),
(38, '4-1747', '1747', '3', '2017-10-05', '2017-10-05', 18, NULL, 'higienico', '3357.5', '', b'1', 3),
(39, '4-1747', '1747', '4', '2017-10-05', '2017-10-05', 10, NULL, 'higienico', '3800.5', '', b'1', 3),
(40, '4-1747', '1747', '5', '2017-10-05', '2017-10-06', 19, NULL, 'higienico', NULL, '', b'1', 3),
(41, '5-1747', '1747', '3', '2017-10-06', '2017-10-06', 18, NULL, 'higienico', '812.5', '', b'1', 3),
(42, '5-1747', '1747', '4', '2017-10-06', '2017-10-06', 10, NULL, 'higienico', NULL, '', b'1', 3),
(43, '5-1747', '1747', '5', '2017-10-06', '2017-10-07', 19, NULL, 'higienico', NULL, '', b'1', 3),
(44, '6-1747', '1747', '3', '2017-10-07', '2017-10-07', 18, NULL, 'higienico', '3075.5', '', b'1', 3),
(45, '6-1747', '1747', '4', '2017-10-07', '2017-10-07', 10, NULL, 'Higienico', '1027.5', '', b'1', 3),
(46, '6-1747', '1747', '5', '2017-10-07', '2017-10-08', 19, NULL, 'higienico', NULL, '', b'1', 3),
(47, '1-1755', '1755', '3', '2017-10-09', '2017-10-09', 10, NULL, 'HIGHIGIENICO', NULL, '', b'1', 3),
(48, '1-1755', '1755', '4', '2017-10-09', '2017-10-09', 19, NULL, 'HIGIENICO', NULL, '', b'1', 3),
(49, '1-1755', '1755', '5', '2017-10-09', '2017-10-10', 18, NULL, 'HIGIENICO', '3309', '', b'1', 3),
(50, '2-1755', '1755', '3', '2017-10-10', '2017-10-10', 10, NULL, 'higienico', NULL, '', b'1', 3),
(51, '2-1755', '1755', '4', '2017-10-10', '2017-10-10', 19, NULL, 'higienico', NULL, '', b'1', 3),
(52, '1-1762', '1762', '3', '2017-10-10', '2017-10-10', 10, NULL, 'higienico', NULL, '', b'1', 3),
(53, '1-1762', '1762', '4', '2017-10-10', '2017-10-10', 19, NULL, 'higienico', NULL, '', b'1', 3),
(54, '1-1762', '1762', '5', '2017-10-10', '2017-10-11', 19, NULL, 'higienico', NULL, '', b'1', 3),
(55, '1-1767', '1767', '3', '2017-10-11', '2017-10-11', 10, NULL, 'higienico', '3268.5', '', b'1', 3),
(56, '1-1767', '1767', '4', '2017-10-11', '2017-10-11', 19, NULL, 'higiénico', NULL, '', b'1', 3),
(57, '1-1767', '1767', '5', '2017-10-11', '2017-10-12', 18, NULL, 'HIGIENICO', NULL, '', b'1', 3),
(58, '1-1800', '1800', '3', '2017-10-18', '2017-10-18', 19, NULL, 'higienico', NULL, '', b'1', 3),
(59, '1-1800', '1800', '4', '2017-10-18', '2017-10-18', 18, NULL, 'higienico', NULL, '', b'1', 3),
(60, '1-1800', '1800', '5', '2017-10-18', '2017-10-19', 10, NULL, 'higienico', NULL, '', b'1', 3),
(61, '1-1805', '1805', '3', '2017-10-19', '2017-10-19', 19, NULL, 'HIGIENICO', NULL, '', b'1', 3),
(62, '1-1805', '1805', '4', '2017-10-19', '2017-10-19', 18, NULL, 'HIGHIGIENICO', '3482.5', '', b'1', 3),
(63, '1-1805', '1805', '5', '2017-10-19', '2017-10-20', 10, NULL, 'HIGIENICO', NULL, '', b'1', 3),
(64, '1-1815', '1815', '4', '2017-10-25', '2017-10-25', 10, NULL, 'higienico', NULL, '', b'1', 3),
(65, '1-1815', '1815', '5', '2017-10-25', '2017-10-25', 19, NULL, 'higienico', NULL, '', b'1', 3),
(66, '1-1820', '1820', '3', '2017-10-26', '2017-10-26', 18, NULL, 'higienico', '1907', '', b'1', 3),
(67, '1-1820', '1820', '4', '2017-10-26', '2017-10-26', 10, NULL, 'higienico', '3745', '', b'1', 3),
(68, '1-1820', '1820', '5', '2017-10-26', '2017-10-27', 19, NULL, 'higienico', NULL, '', b'1', 3),
(69, '1-4853', '4853', '3', '2017-10-31', '2017-10-31', 10, NULL, 'higienico', NULL, '', b'1', 3),
(70, '1-4853', '4853', '4', '2017-10-31', '2017-10-31', 19, NULL, 'higienico', NULL, '', b'1', 3),
(71, '1-4853', '4853', '5', '2017-10-31', '2017-10-31', 18, NULL, 'higienico', '3986.5', '', b'1', 3),
(72, '1-1859', '1859', '3', '2017-11-01', '2017-11-01', 10, NULL, 'higienico', NULL, '', b'1', 3),
(73, '1-1859', '1859', '4', '2017-11-01', '2017-11-01', 19, NULL, 'HIGIENICO', NULL, '', b'1', 3),
(74, '1-1859', '1859', '5', '2017-11-01', '2017-11-02', 18, NULL, 'HIGIENICO', '4102', '', b'1', 3),
(75, '1-1862', '1862', '3', '2017-11-02', '2017-11-02', 10, NULL, 'HIGIENICO', NULL, '', b'1', 3),
(76, '1-1862', '1862', '4', '2017-11-02', '2017-11-02', 19, NULL, 'HIGIENICO', NULL, '', b'1', 3),
(77, '1-1862', '1862', '5', '2017-11-02', '2017-11-03', 18, NULL, 'HIGIENICO', NULL, '', b'1', 3),
(78, '1-1866', '1866', '3', '2017-11-03', '2017-11-03', 10, NULL, 'higienico', NULL, '', b'1', 3),
(79, '1-1866', '1866', '4', '2017-11-03', '2017-11-03', 19, NULL, 'higienico', NULL, '', b'1', 3),
(80, '1-1866', '1866', '5', '2017-11-03', '2017-11-04', 18, NULL, 'higienico', NULL, '', b'1', 3),
(81, '1-1884', '1884', '3', '2017-11-08', '2017-11-08', 19, NULL, 'higiénico', NULL, '', b'1', 3),
(82, '1-1884', '1884', '4', '2017-11-08', '2017-11-08', 18, NULL, 'higiénico', NULL, '', b'1', 3),
(83, '1-1884', '1884', '5', '2017-11-08', '2017-11-09', 10, NULL, 'higiénico', NULL, '', b'1', 3),
(84, '1-1889', '1889', '3', '2017-11-09', '2017-11-09', 19, NULL, 'higiénico', NULL, '', b'1', 3),
(85, '1-1889', '1889', '4', '2017-11-09', '2017-11-09', 18, NULL, 'higiénico', NULL, '', b'1', 3),
(86, '1-1889', '1889', '5', '2017-11-09', '2017-11-10', 10, NULL, 'higiénico', NULL, '', b'1', 3),
(87, '1-1893', '1893', '3', '2017-11-10', '2017-11-10', 19, NULL, 'higiénico', NULL, '', b'1', 3),
(88, '1-1893', '1893', '4', '2017-11-10', '2017-11-10', 18, NULL, 'higiénico', '3028.5', '', b'1', 3),
(89, '1-1893', '1893', '5', '2017-11-10', '2017-11-11', 10, NULL, 'higiénico', NULL, '', b'1', 3),
(90, '1-1914', '1914', '3', '2017-11-17', '2017-11-17', 18, NULL, 'higiénico', NULL, '', b'1', 3),
(91, '1-1914', '1914', '4', '2017-11-17', '2017-11-17', 10, NULL, 'higiénico', NULL, '', b'1', 3),
(92, '1-1914', '1914', '5', '2017-11-17', '2017-11-18', 19, NULL, 'higiénico', NULL, '', b'1', 3),
(93, '1-1918', '1918', '3', '2017-11-18', '2017-11-18', 18, NULL, 'higiénico', NULL, '', b'1', 3),
(94, '1-1918', '1918', '4', '2017-11-18', '2017-11-18', 10, NULL, 'higiénico', NULL, '', b'1', 3),
(95, '1-1918', '1918', '5', '2017-11-18', '2017-11-19', 19, NULL, 'higiénico', NULL, '', b'1', 3),
(96, '1-1921', '1921', '3', '2017-11-19', '2017-11-19', 18, NULL, 'higiénico', NULL, '', b'1', 3),
(97, '1-1921', '1921', '4', '2017-11-19', '2017-11-19', 10, NULL, 'higiénico', NULL, '', b'1', 3),
(98, '1-1921', '1921', '5', '2017-11-19', '2017-11-20', 19, NULL, 'higiénico', NULL, '', b'1', 3),
(99, '1-1928', '1928', '3', '2017-11-20', '2017-11-20', 10, NULL, 'higiénico', '1367', '', b'0', 3),
(101, '1-1928', '1928', '5', '2017-11-20', '2017-11-21', 18, NULL, 'higiénico', '300', '', b'0', 3),
(102, '1-1928', '1928', '4', '2017-11-20', '2017-11-20', 30, NULL, 'higiénico', '1344', '', b'0', 3),
(103, '1-1935', '1935', '3', '2017-11-21', '2017-11-21', 10, NULL, 'higiénico', NULL, '', b'1', 3),
(104, '1-1935', '1935', '4', '2017-11-21', '2017-11-21', 30, NULL, 'higiénico', NULL, '', b'1', 3),
(105, '1-1935', '1935', '5', '2017-11-21', '2017-11-22', 18, NULL, 'higiénico', NULL, '', b'1', 3),
(106, '1-1943', '1943', '3', '2017-11-22', '2017-11-22', 10, NULL, 'higienico', '1837.5', '', b'1', 3),
(107, '1-1943', '1943', '4', '2017-11-22', '2017-11-22', 30, NULL, 'higiénico', '1339.5', '', b'1', 3),
(108, '1-1943', '1943', '5', '2017-11-22', '2017-11-23', 18, NULL, 'higiénico', '2573.5', '', b'1', 3),
(109, '1-1949', '1949', '3', '2017-11-23', '2017-11-23', 10, NULL, 'higienico', '1119', '', b'1', 3),
(110, '1-1949', '1949', '4', '2017-11-23', '2017-11-23', 30, NULL, 'higiénico', '1166', '', b'1', 3),
(111, '1-1949', '1949', '5', '2017-11-23', '2017-11-24', 18, NULL, 'higiénico', '2887.5', '', b'1', 3),
(112, '1-1957', '1957', '3', '2017-11-25', '2017-11-26', 10, NULL, 'higiénico', '1824', '', b'0', 3),
(113, '1-1957', '1957', '4', '2017-11-25', '2017-11-25', 30, NULL, 'higiénico', '1648.5', '', b'0', 3),
(115, '1-1957', '1957', '5', '2017-11-25', '2017-11-26', 18, NULL, 'higienico', '1008', '', b'0', 3),
(116, '1-1960', '1960', '3', '2017-11-26', '2017-11-26', 10, NULL, 'higiénico', '986', '', b'1', 3),
(117, '1-1960', '1960', '4', '2017-11-26', '2017-11-26', 30, NULL, 'higiénico', '1851', '', b'1', 3),
(118, '1-1960', '1960', '5', '2017-11-26', '2017-11-27', 18, NULL, 'higiénico', '1051.5', '', b'1', 3),
(119, '1-1965', '1965', '3', '2017-11-27', '2017-11-27', 10, NULL, 'higiénico', '401', '', b'1', 3),
(120, '1-1965', '1965', '4', '2017-11-27', '2017-11-27', 30, NULL, 'higiénico', '1961', '', b'1', 3),
(121, '1-1965', '1965', '5', '2017-11-27', '2017-11-28', 18, NULL, 'higiénico', '1928', '', b'1', 3),
(122, '1-1970', '1970', '3', '2017-11-28', '2017-11-28', 30, NULL, 'higiénico', '1697', '', b'1', 3),
(123, '1-1970', '1970', '4', '2017-11-28', '2017-11-28', 18, NULL, 'higiénico', '2052', '', b'1', 3),
(124, '1-1970', '1970', '5', '2017-11-28', '2017-11-29', 10, NULL, 'higiénico', '1749.5', '', b'1', 3),
(125, '1-1976', '1976', '3', '2017-11-29', '2017-12-29', 30, NULL, 'higiénico', '1830', '', b'1', 3),
(126, '1-1976', '1976', '4', '2017-11-29', '2017-11-29', 18, NULL, 'higiénico', '1983.5', '', b'1', 3),
(127, '1-1976', '1976', '5', '2017-11-29', '2017-11-30', 10, NULL, 'higiénico', '1582.5', '', b'1', 3),
(128, '1-1981', '1981', '3', '2017-11-30', '2017-11-30', 30, NULL, 'higiénico', '435', '', b'1', 3),
(129, '1-1981', '1981', '4', '2017-11-30', '2017-11-30', 18, NULL, 'higiénico', NULL, '', b'1', 3),
(130, '1-1981', '1981', '5', '2017-11-30', '2017-11-30', 10, NULL, 'higiénico', NULL, '', b'1', 3),
(131, '1-9632', '9632', '3', '2017-12-04', '2017-12-04', 13, NULL, 'Higienico', '110', '', b'1', 3);

-- --------------------------------------------------------

--
-- Estructura de tabla para la tabla `tanques`
--

CREATE TABLE `tanques` (
  `IdTanque` int(11) NOT NULL,
  `Tanque` varchar(255) DEFAULT NULL
) ENGINE=InnoDB DEFAULT CHARSET=utf8;

--
-- Volcado de datos para la tabla `tanques`
--

INSERT INTO `tanques` (`IdTanque`, `Tanque`) VALUES
(1, 'Tanque #1'),
(2, 'Tanque #2'),
(3, 'Tanque #3'),
(4, 'Tanque #4'),
(5, 'Tanque #5'),
(6, 'Tanque #6');

-- --------------------------------------------------------

--
-- Estructura de tabla para la tabla `tiempos_muertos`
--

CREATE TABLE `tiempos_muertos` (
  `IdTiempoMuerto` int(11) NOT NULL,
  `IdReporteDiario` int(11) DEFAULT NULL,
  `Consecutivo` varchar(11) DEFAULT NULL,
  `NoOrden` varchar(255) DEFAULT NULL,
  `HoraInicio` time DEFAULT NULL,
  `Turno` varchar(50) DEFAULT NULL,
  `HoraFin` time DEFAULT NULL,
  `Maquina` varchar(255) DEFAULT NULL,
  `Descripcion` varchar(255) DEFAULT NULL
) ENGINE=InnoDB DEFAULT CHARSET=utf8;

--
-- Volcado de datos para la tabla `tiempos_muertos`
--

INSERT INTO `tiempos_muertos` (`IdTiempoMuerto`, `IdReporteDiario`, `Consecutivo`, `NoOrden`, `HoraInicio`, `Turno`, `HoraFin`, `Maquina`, `Descripcion`) VALUES
(1, 2, '1-5657', '5657', '07:10:00', '6:00am-6:00pm', '07:30:00', '1', 'Problemas electricos'),
(2, 2, '1-5657', '5657', '08:00:00', '6:00am-6:00pm', '08:10:00', '2', 'Problemas electricos'),
(3, 4, '1-5657', '5657', '19:00:00', '6:00pm-6:00am', '19:25:00', '1', 'preuba'),
(5, 4, '1-5657', '5657', '20:50:00', '6:00pm-6:00am', '21:15:00', '2', 'prueba'),
(6, 2, '1-5657', '5657', '09:00:00', '6:00am-6:00pm', '09:25:00', '1', 'problemas'),
(7, 2, '1-5657', '5657', '09:05:00', '6:00am-6:00pm', '09:35:00', '2', 'prueba'),
(8, 8, '1-1708', '1708', '06:40:00', '06:00AM-02:00PM', '14:00:00', '1', 'paro porque sele daño la valinera al depurador'),
(9, 9, '1-1725', '1725', '06:20:00', '06:00AM-02:00PM', '06:25:00', '1', 'cambio de cuchilla'),
(10, 9, '1-1725', '1725', '07:40:00', '06:00AM-02:00PM', '08:30:00', '1', 'problema con la bomba fan'),
(12, 9, '1-1725', '1725', '09:15:00', '06:00AM-02:00PM', '09:20:00', '1', 'cambio de cuchilla'),
(13, 9, '1-1725', '1725', '11:17:00', '06:00AM-02:00PM', '11:38:00', '1', 'Cortocircuito en panel eléctrico, se dispara la bomba.'),
(14, 9, '1-1725', '1725', '10:04:00', '06:00AM-02:00PM', '10:25:00', '2', 'hoja con grumos'),
(15, 9, '1-1725', '1725', '11:02:00', '06:00AM-02:00PM', '11:15:00', '2', 'baja presión de agua'),
(16, 9, '1-1725', '1725', '11:25:00', '06:00AM-02:00PM', '11:40:00', '2', 'Reflector dañado'),
(17, 9, '1-1725', '1725', '01:05:00', '06:00AM-02:00PM', '01:10:00', '2', 'cambio de cuchilla'),
(18, 13, '1-4545', '4545', '14:10:00', '02:00PM-10:00PM', '14:30:00', '1', 'ajuste de maquina'),
(21, 13, '1-4545', '4545', '14:10:00', '02:00PM-10:00PM', '14:50:00', '2', 'cambio de cuchilla'),
(22, 14, '1-1741', '1741', '07:50:00', '06:00AM-02:00PM', '07:55:00', '1', 'cambio de cuchilla'),
(26, 14, '1-1741', '1741', '09:10:00', '06:00AM-02:00PM', '09:20:00', '1', 'cambio de cuchilla baja presión cojín  de limpiesa'),
(28, 14, '1-1741', '1741', '11:30:00', '06:00AM-02:00PM', '14:00:00', '1', 'se quebró valineras de la bomba gemelas de pasta'),
(29, 14, '1-1741', '1741', '06:00:00', '06:00AM-02:00PM', '14:30:00', '2', 'se quebro valvula che del condensado esto permitiendo no retornar condensado'),
(30, 17, '2-1741', '1741', '08:35:00', '06:00AM-02:00PM', '08:40:00', '1', 'cambio de cuchilla'),
(31, 17, '2-1741', '1741', '09:50:00', '06:00AM-02:00PM', '10:00:00', '1', 'cambio de cuchilla baja presión de aire cojín de limpieza '),
(32, 17, '2-1741', '1741', '11:40:00', '06:00AM-02:00PM', '11:45:00', '1', 'cambio de cuchillas '),
(33, 17, '2-1741', '1741', '06:00:00', '06:00AM-02:00PM', '14:00:00', '2', 'se quebro la valvula che del condesado'),
(35, 15, '1-1741', '1741', '14:00:00', '02:00PM-10:00PM', '20:40:00', '1', 'bomba de pasta dañada'),
(37, 15, '1-1741', '1741', '14:00:00', '02:00PM-10:00PM', '22:00:00', '2', 'valvula chet dañada'),
(38, 18, '2-1741', '1741', '16:25:00', '02:00PM-10:00PM', '22:00:00', '1', 'paro por ordenes de ingeniero wayma'),
(39, 18, '2-1741', '1741', '14:00:00', '02:00PM-10:00PM', '22:00:00', '2', 'valvula chect aun en mal estado'),
(40, 16, '1-1741', '1741', '22:00:00', '10:00PM-06:00AM', '06:00:00', '1', 'paro por que la maquina 2 no estaba trabajando según las orientaciones ing. Whyman tienen que estar las 2 maquinas trabajando'),
(41, 16, '1-1741', '1741', '22:00:00', '10:00PM-06:00AM', '06:00:00', '2', 'mantenimiento entrego la maquina alas 2am se calento ambas maquinas alas 3am intentamos sacar papel pero hubo  problemas con el guia de ambas maquinas y el pope estaba desactivado maquina2 '),
(42, 16, '1-1741', '1741', '06:00:00', '10:00PM-06:00AM', '06:35:00', '2', 'ya las 2 maquinas están produciendo papel'),
(44, 20, '3-1741', '1741', '07:50:00', '06:00AM-02:00PM', '08:00:00', '1', 'cambio de cuchilla y baja presión de aire cojín de limpieza'),
(45, 20, '3-1741', '1741', '08:35:00', '06:00AM-02:00PM', '08:45:00', '1', 'cambio de cuchilla y baja presión de aire cojín de limpieza'),
(46, 20, '3-1741', '1741', '09:10:00', '06:00AM-02:00PM', '14:00:00', '', 'ahorro de energia'),
(47, 20, '3-1741', '1741', '06:35:00', '06:00AM-02:00PM', '08:14:00', '2', 'cambio de guía de fieltro'),
(48, 20, '3-1741', '1741', '09:26:00', '06:00AM-02:00PM', '14:00:00', '2', 'para revisar válvula che retorno del condensado'),
(49, 21, '3-1741', '1741', '14:00:00', '02:00PM-10:00PM', '16:20:00', '1', 'paro por mantenimiento en yankee dos'),
(50, 21, '3-1741', '1741', '16:20:00', '02:00PM-10:00PM', '16:30:00', '1', 'calentamiento de cecador'),
(51, 21, '3-1741', '1741', '14:00:00', '02:00PM-10:00PM', '16:20:00', '2', 'ajustes valvula chet y llaves del condensado '),
(52, 21, '3-1741', '1741', '16:30:00', '02:00PM-10:00PM', '20:20:00', '2', 'paro por incendio se limpio techos de yankee chimenea y tiempo para calentar cecador'),
(54, 21, '3-1741', '1741', '16:30:00', '02:00PM-10:00PM', '20:25:00', '1', 'paro  por incendio se limpio techo de yankee chimenea tiempo para calentar el secador'),
(55, 23, '4-1741', '1741', '06:30:00', '06:00AM-02:00PM', '06:40:00', '1', 'cambio de cuchilla y baja presión de aire cojín de limpieza '),
(56, 23, '4-1741', '1741', '09:10:00', '06:00AM-02:00PM', '09:25:00', '1', 'cambio de cuchilla baja presión de aire cojín crepador \n'),
(58, 23, '4-1741', '1741', '07:10:00', '06:00AM-02:00PM', '07:28:00', '2', 'cambio de cuchilla baja presión de aire cojín de limpieza '),
(59, 23, '4-1741', '1741', '09:10:00', '06:00AM-02:00PM', '09:18:00', '2', 'cambio de cuchilla baja presión de aire'),
(60, 24, '4-1741', '1741', '16:43:00', '02:00PM-10:00PM', '17:26:00', '1', 'paro por cambio de bandas del motor del hood'),
(61, 24, '4-1741', '1741', '18:09:00', '02:00PM-10:00PM', '18:12:00', '2', 'cambio de cuchilla limpieza de yankee'),
(62, 27, '5-1741', '1741', '16:10:00', '02:00PM-10:00PM', '16:15:00', '1', 'cambio de cuchilla'),
(63, 27, '5-1741', '1741', '19:45:00', '02:00PM-10:00PM', '19:50:00', '1', 'cambio de cuchilla'),
(64, 27, '5-1741', '1741', '17:00:00', '02:00PM-10:00PM', '17:05:00', '2', 'cambio de cuchilla y limpieza de yankee'),
(66, 26, '5-1741', '1741', '08:55:00', '06:00AM-02:00PM', '09:30:00', '1', 'paro por falta de pasta en el tanque 6'),
(67, 26, '5-1741', '1741', '11:23:00', '06:00AM-02:00PM', '11:28:00', '1', 'cambio de cuchillas '),
(68, 26, '5-1741', '1741', '13:00:00', '06:00AM-02:00PM', '13:42:00', '1', 'se quebro el perno ala chumacera al rodó quiebre '),
(69, 26, '5-1741', '1741', '08:55:00', '06:00AM-02:00PM', '09:30:00', '2', 'paro por falta de pasta tanque 6'),
(70, 26, '5-1741', '1741', '12:20:00', '06:00AM-02:00PM', '12:30:00', '2', 'limpieza de malla '),
(71, 29, '1-1747', '1747', '06:00:00', '06:00AM-02:00PM', '14:00:00', '1', 'paro por falta de fibra blanca y cambio de balvula de vapor'),
(72, 29, '1-1747', '1747', '06:00:00', '06:00AM-02:00PM', '14:00:00', '2', 'paro por falta de fibra blanca y cambio de balvula de vapor'),
(73, 32, '2-1747', '1747', '08:15:00', '06:00AM-02:00PM', '08:20:00', '1', 'cambio de cuchilla'),
(74, 32, '2-1747', '1747', '08:40:00', '06:00AM-02:00PM', '08:43:00', '2', 'cambio de cuchilla'),
(75, 32, '2-1747', '1747', '10:20:00', '06:00AM-02:00PM', '10:25:00', '2', 'cambio de cuchilla'),
(76, 32, '2-1747', '1747', '12:20:00', '06:00AM-02:00PM', '12:30:00', '2', 'limpieza de caja de entrada tenia grumos se lavo con agua'),
(77, 33, '2-1747', '1747', '17:45:00', '02:00PM-10:00PM', '18:00:00', '1', 'saturada canasta depurador'),
(78, 33, '2-1747', '1747', '20:55:00', '02:00PM-10:00PM', '21:00:00', '1', 'cambio de cuchilla'),
(79, 33, '2-1747', '1747', '16:40:00', '02:00PM-10:00PM', '17:34:00', '2', 'paro por guia dañado serecoje el fieltro'),
(80, 33, '2-1747', '1747', '17:40:00', '02:00PM-10:00PM', '17:45:00', '2', 'cambio de cuchullas'),
(81, 34, '2-1747', '1747', '22:40:00', '10:00PM-06:00AM', '22:50:00', '1', 'limpieza de malla\n'),
(82, 34, '2-1747', '1747', '01:33:00', '10:00PM-06:00AM', '01:43:00', '1', 'limpieza de fieltro'),
(83, 34, '2-1747', '1747', '22:40:00', '10:00PM-06:00AM', '22:44:00', '2', 'cambio de cuchillas '),
(84, 34, '2-1747', '1747', '03:12:00', '10:00PM-06:00AM', '03:20:00', '2', 'cambio  de cuchillas'),
(85, 35, '3-1747', '1747', '07:55:00', '06:00AM-02:00PM', '08:01:00', '1', 'cambio de cuchilla'),
(86, 35, '3-1747', '1747', '07:35:00', '06:00AM-02:00PM', '07:41:00', '2', 'depurador saturado de desconpresiono'),
(87, 35, '3-1747', '1747', '07:55:00', '06:00AM-02:00PM', '08:00:00', '2', 'cambio de cinta de malla lado derecho'),
(88, 36, '3-1747', '1747', '16:00:00', '02:00PM-10:00PM', '16:25:00', '1', 'depurador saturado de basura se purgo en varias ocaciones'),
(89, 36, '3-1747', '1747', '19:55:00', '02:00PM-10:00PM', '20:00:00', '1', 'limpieza de malla  '),
(90, 36, '3-1747', '1747', '15:00:00', '02:00PM-10:00PM', '15:09:00', '2', 'canbio de cuchilla '),
(91, 36, '3-1747', '1747', '16:20:00', '02:00PM-10:00PM', '16:27:00', '2', 'se perdio la hoja se purgo el de purtador'),
(92, 38, '4-1747', '1747', '06:20:00', '06:00AM-02:00PM', '06:25:00', '1', 'cambio de cuchilla'),
(93, 38, '4-1747', '1747', '08:40:00', '06:00AM-02:00PM', '08:45:00', '1', 'cambio de cuchila'),
(94, 38, '4-1747', '1747', '08:10:00', '06:00AM-02:00PM', '08:15:00', '2', 'cambio de cuchilla'),
(95, 38, '4-1747', '1747', '09:07:00', '06:00AM-02:00PM', '09:17:00', '2', 'limpieza de malla y cambio de cuchilla'),
(96, 39, '4-1747', '1747', '15:50:00', '02:00PM-10:00PM', '16:10:00', '1', 'baja precion  de aire al cambiar la cuchilla'),
(97, 39, '4-1747', '1747', '19:30:00', '02:00PM-10:00PM', '19:40:00', '1', 'se pego la hoja en el rodó del pope'),
(98, 39, '4-1747', '1747', '16:15:00', '02:00PM-10:00PM', '16:21:00', '2', 'cambio de cuchilla'),
(99, 39, '4-1747', '1747', '17:50:00', '02:00PM-10:00PM', '17:56:00', '2', 'se labo el fieltro con agua de pozo debido a un agujero q le estaba saliendo en una esquina  '),
(100, 39, '4-1747', '1747', '18:38:00', '02:00PM-10:00PM', '18:42:00', '2', 'cambio de cuchilla'),
(101, 39, '4-1747', '1747', '20:15:00', '02:00PM-10:00PM', '20:21:00', '2', 'se desaparece la hoja debido a q el depurador estaba con un poco de basura se procedió a purgarlo '),
(102, 41, '5-1747', '1747', '07:47:00', '06:00AM-02:00PM', '02:00:00', '1', 'cambio de malla'),
(103, 41, '5-1747', '1747', '07:42:00', '06:00AM-02:00PM', '02:00:00', '2', 'cambio de malla'),
(104, 44, '6-1747', '1747', '06:30:00', '06:00AM-02:00PM', '06:35:00', '1', 'mal formacion cambio de cuchilla'),
(105, 44, '6-1747', '1747', '08:30:00', '06:00AM-02:00PM', '08:36:00', '2', 'cambio de cuchilla y mala formacion de hoja '),
(106, 44, '6-1747', '1747', '08:45:00', '06:00AM-02:00PM', '08:56:00', '2', 'baja presion de aire en el cojin'),
(107, 49, '1-1755', '1755', '22:20:00', '10:00PM-06:00AM', '22:25:00', '1', 'cambio de cuchilla'),
(108, 49, '1-1755', '1755', '23:25:00', '10:00PM-06:00AM', '23:30:00', '1', 'cambio de cuchilla'),
(109, 49, '1-1755', '1755', '23:38:00', '10:00PM-06:00AM', '23:43:00', '2', 'cambio de cuchilla y liempieza de secador'),
(110, 49, '1-1755', '1755', '01:45:00', '10:00PM-06:00AM', '01:49:00', '2', 'cambio de cuchilla\n'),
(111, 49, '1-1755', '1755', '02:30:00', '10:00PM-06:00AM', '02:35:00', '2', 'baja presion de aire'),
(112, 49, '1-1755', '1755', '03:10:00', '10:00PM-06:00AM', '03:15:00', '2', 'cambio de cuchilla'),
(113, 49, '1-1755', '1755', '03:36:00', '10:00PM-06:00AM', '03:40:00', '2', 'baja presion de aire'),
(114, 55, '1-1767', '1767', '08:40:00', '06:00AM-02:00PM', '09:20:00', '1', 'separo la maquina para a serle cambio de tape a ambas esquinas por que tenia menos de los 264 de diámetro '),
(115, 55, '1-1767', '1767', '18:30:00', '06:00AM-02:00PM', '18:39:00', '2', 'canbio de cuchillas'),
(116, 55, '1-1767', '1767', '22:05:00', '06:00AM-02:00PM', '22:12:00', '2', 'cambio de cuchilla'),
(117, 62, '1-1805', '1805', '16:10:00', '02:00PM-10:00PM', '16:17:00', '1', 'cambio de cuchilla'),
(118, 62, '1-1805', '1805', '18:00:00', '02:00PM-10:00PM', '18:10:00', '1', 'bomba de pasta no elevaba bien en caja'),
(119, 62, '1-1805', '1805', '14:00:00', '02:00PM-10:00PM', '14:16:00', '2', 'ajuste de maquina'),
(120, 62, '1-1805', '1805', '15:50:00', '02:00PM-10:00PM', '15:57:00', '2', 'cambio de cuchilla y problema con caja de vacio'),
(121, 62, '1-1805', '1805', '17:10:00', '02:00PM-10:00PM', '17:15:00', '2', 'cambio de cuchilla '),
(122, 62, '1-1805', '1805', '18:00:00', '02:00PM-10:00PM', '18:18:00', '2', 'problema con bomba de pasta'),
(123, 62, '1-1805', '1805', '19:56:00', '02:00PM-10:00PM', '20:07:00', '2', 'cambio de cinta en la malla lado derecho'),
(124, 66, '1-1820', '1820', '06:30:00', '06:00AM-02:00PM', '06:35:00', '1', 'cambio de cuchilla'),
(125, 66, '1-1820', '1820', '08:38:00', '06:00AM-02:00PM', '08:44:00', '1', 'cambio de cuchilla'),
(126, 67, '1-1820', '1820', '13:30:00', '02:00PM-10:00PM', '13:45:00', '1', 'baja precion de aire... canbio de cuchilla'),
(128, 67, '1-1820', '1820', '17:50:00', '02:00PM-10:00PM', '17:59:00', '1', 'canbio de cuchilla...'),
(129, 67, '1-1820', '1820', '19:30:00', '02:00PM-10:00PM', '19:40:00', '2', 'cabio de cuchilla'),
(130, 67, '1-1820', '1820', '20:20:00', '02:00PM-10:00PM', '20:31:00', '2', 'mala formación en la hoja limpieza de malla '),
(131, 67, '1-1820', '1820', '17:50:00', '02:00PM-10:00PM', '17:59:00', '', 'canbio de cuchilla...'),
(132, 74, '1-1859', '1859', '22:30:00', '10:00PM-06:00AM', '22:35:00', '1', 'cambio de cuchilla'),
(133, 74, '1-1859', '1859', '12:15:00', '10:00PM-06:00AM', '12:20:00', '1', 'cambio de cuchilla'),
(134, 74, '1-1859', '1859', '01:50:00', '10:00PM-06:00AM', '01:57:00', '1', 'cambio de cinta en malla lado izquierdo'),
(135, 74, '1-1859', '1859', '23:25:00', '10:00PM-06:00AM', '23:35:00', '2', 'cambio de cuchilla falta de presion de aire'),
(136, 74, '1-1859', '1859', '23:40:00', '10:00PM-06:00AM', '23:43:00', '2', 'cambio de cuchilla'),
(137, 74, '1-1859', '1859', '02:50:00', '10:00PM-06:00AM', '02:55:00', '2', 'cambio de bomba de pasta ya que esta se daño las balineras'),
(138, 88, '1-1893', '1893', '14:45:00', '02:00PM-10:00PM', '14:50:00', '1', 'cambio de cuchilla'),
(139, 88, '1-1893', '1893', '16:30:00', '02:00PM-10:00PM', '16:35:00', '1', 'cambio de cuchilla'),
(140, 88, '1-1893', '1893', '14:43:00', '02:00PM-10:00PM', '14:47:00', '2', 'cambio de cuchilla'),
(141, 88, '1-1893', '1893', '16:40:00', '02:00PM-10:00PM', '16:45:00', '2', 'cambio de cuchilla'),
(142, 102, '1-1928', '1928', '06:00:00', '02:00PM-10:00PM', '14:00:00', '1', 'problema con el acople del yankee'),
(143, 102, '1-1928', '1928', '15:22:00', '02:00PM-10:00PM', '15:28:00', '2', 'limpieza de yankee + cambio de cuchilla'),
(144, 102, '1-1928', '1928', '16:40:00', '02:00PM-10:00PM', '16:48:00', '2', 'limpieza de yankee + cambio de cuchilla'),
(145, 102, '1-1928', '1928', '19:50:00', '02:00PM-10:00PM', '20:00:00', '2', 'limpieza de yankee + cambio de cuchilla'),
(146, 101, '1-1928', '1928', '23:13:00', '10:00PM-06:00AM', '05:30:00', '1', 'problema en el acople de el llankee'),
(147, 101, '1-1928', '1928', '23:35:00', '10:00PM-06:00AM', '06:00:00', '2', 'cambio de variador, caja reductora y ahorro de energía.'),
(148, 99, '1-1928', '1928', '06:00:00', '06:00AM-02:00PM', '14:00:00', '1', 'problema con el pope del yankee 1'),
(149, 99, '1-1928', '1928', '09:30:00', '06:00AM-02:00PM', '09:35:00', '2', 'cambio de cuchilla'),
(150, 99, '1-1928', '1928', '10:40:00', '06:00AM-02:00PM', '10:50:00', '1', 'cambio de cuchilla'),
(151, 99, '1-1928', '1928', '00:12:00', '06:00AM-02:00PM', '00:17:00', '2', 'cambio de cuchilla'),
(152, 106, '1-1943', '1943', '09:00:00', '06:00AM-02:00PM', '09:15:00', '1', 'cambio de cuchilla'),
(153, 106, '1-1943', '1943', '10:15:00', '06:00AM-02:00PM', '10:30:00', '1', 'baja presión de aire'),
(154, 106, '1-1943', '1943', '11:05:00', '06:00AM-02:00PM', '11:15:00', '1', 'baja presión de aire'),
(155, 106, '1-1943', '1943', '00:10:00', '06:00AM-02:00PM', '00:15:00', '1', 'cambio de cuchilla'),
(156, 107, '1-1943', '1943', '16:15:00', '02:00PM-10:00PM', '16:20:00', '1', 'limpieza de yankee'),
(157, 107, '1-1943', '1943', '14:00:00', '02:00PM-10:00PM', '22:00:00', '2', 'caja reductora dañada'),
(158, 108, '1-1943', '1943', '22:20:00', '10:00PM-06:00AM', '22:25:00', '1', 'cambio de cuchilla'),
(159, 108, '1-1943', '1943', '12:32:00', '10:00PM-06:00AM', '12:37:00', '1', 'cambio de cuchilla'),
(160, 108, '1-1943', '1943', '04:45:00', '10:00PM-06:00AM', '05:00:00', '1', 'problema por falta de pasta'),
(161, 108, '1-1943', '1943', '05:38:00', '10:00PM-06:00AM', '06:00:00', '1', 'paro por falta de pasta'),
(162, 108, '1-1943', '1943', '23:30:00', '10:00PM-06:00AM', '23:37:00', '2', 'cambio de cuchilla'),
(163, 108, '1-1943', '1943', '12:32:00', '10:00PM-06:00AM', '01:03:00', '2', 'se disparo el breyker y el cercador giraba alreves.'),
(164, 108, '1-1943', '1943', '01:30:00', '10:00PM-06:00AM', '01:40:00', '2', 'se disparo el breyker'),
(165, 108, '1-1943', '1943', '03:10:00', '10:00PM-06:00AM', '03:16:00', '2', 'cambio de cuchilla'),
(166, 108, '1-1943', '1943', '05:00:00', '10:00PM-06:00AM', '06:00:00', '2', 'paro por falta de pasta'),
(167, 109, '1-1949', '1949', '06:00:00', '06:00AM-02:00PM', '11:00:00', '1', 'bomba dañada del tnque 6 + depurador en mal estado.'),
(168, 109, '1-1949', '1949', '06:00:00', '06:00AM-02:00PM', '11:00:00', '2', 'bomba del tanque 6 dañada'),
(169, 110, '1-1949', '1949', '14:38:00', '02:00PM-10:00PM', '15:08:00', '1', 'baja presión de aire'),
(170, 110, '1-1949', '1949', '17:08:00', '02:00PM-10:00PM', '20:42:00', '1', 'falta de pasta en tanque 6'),
(172, 110, '1-1949', '1949', '14:30:00', '02:00PM-10:00PM', '15:12:00', '2', 'aceite en la pila'),
(173, 110, '1-1949', '1949', '16:48:00', '02:00PM-10:00PM', '16:55:00', '2', 'limpieza del yankee y cambio de cuchilla.'),
(174, 110, '1-1949', '1949', '17:12:00', '02:00PM-10:00PM', '17:33:00', '2', 'baja presión de aire'),
(175, 111, '1-1949', '1949', '22:30:00', '10:00PM-06:00AM', '22:35:00', '1', 'cambio de cuchilla'),
(176, 111, '1-1949', '1949', '00:15:00', '10:00PM-06:00AM', '00:20:00', '1', 'cambio de cuchilla'),
(177, 111, '1-1949', '1949', '05:19:00', '10:00PM-06:00AM', '05:25:00', '1', 'bomba de químico dañada'),
(178, 111, '1-1949', '1949', '23:30:00', '10:00PM-06:00AM', '23:35:00', '2', 'cambio de cuchilla'),
(179, 111, '1-1949', '1949', '01:15:00', '10:00PM-06:00AM', '01:18:00', '2', 'cambio de cuchilla'),
(180, 111, '1-1949', '1949', '01:35:00', '10:00PM-06:00AM', '01:40:00', '2', 'cambio de cuchilla'),
(181, 112, '1-1957', '1957', '07:46:00', '06:00AM-02:00PM', '08:00:00', '1', 'se purgo el depurador'),
(182, 112, '1-1957', '1957', '10:20:00', '06:00AM-02:00PM', '10:35:00', '1', 'baja presión de aire'),
(183, 112, '1-1957', '1957', '12:00:00', '06:00AM-02:00PM', '12:10:00', '1', 'baja presión de aire'),
(184, 112, '1-1957', '1957', '06:00:00', '06:00AM-02:00PM', '14:00:00', '2', 'problema con la caja de entrada del yankee '),
(185, 113, '1-1957', '1957', '18:43:00', '02:00PM-10:00PM', '19:05:00', '1', 'fuga de vapor'),
(186, 113, '1-1957', '1957', '19:50:00', '02:00PM-10:00PM', '19:55:00', '1', 'limpieza de yankee'),
(187, 113, '1-1957', '1957', '20:31:00', '02:00PM-10:00PM', '20:35:00', '1', 'camio de cuchiolla'),
(188, 113, '1-1957', '1957', '21:40:00', '02:00PM-10:00PM', '21:43:00', '1', 'cambio de cuichilla'),
(189, 115, '1-1957', '1957', '22:45:00', '10:00PM-06:00AM', '22:50:00', '1', 'cambio de cuchilla'),
(190, 115, '1-1957', '1957', '23:45:00', '10:00PM-06:00AM', '23:50:00', '1', 'problema de rodo  del pope'),
(191, 115, '1-1957', '1957', '12:15:00', '10:00PM-06:00AM', '00:20:00', '1', 'cambio de cuchilla'),
(192, 115, '1-1957', '1957', '01:00:00', '10:00PM-06:00AM', '02:07:00', '1', 'se disparo el panel electrico'),
(193, 115, '1-1957', '1957', '03:50:00', '10:00PM-06:00AM', '06:00:00', '1', 'problema con el fieltro'),
(194, 116, '1-1960', '1960', '07:00:00', '06:00AM-02:00PM', '07:20:00', '1', 'variador malo'),
(195, 116, '1-1960', '1960', '09:10:00', '06:00AM-02:00PM', '09:40:00', '1', 'variador malo'),
(196, 116, '1-1960', '1960', '06:00:00', '06:00AM-02:00PM', '14:00:00', '2', 'caja reductora dañada'),
(197, 117, '1-1960', '1960', '18:52:00', '02:00PM-10:00PM', '18:57:00', '1', 'limpieza del yankee'),
(198, 117, '1-1960', '1960', '14:00:00', '02:00PM-10:00PM', '22:46:00', '2', 'caja reductora dañada del yankee'),
(199, 118, '1-1960', '1960', '22:38:00', '10:00PM-06:00AM', '22:43:00', '1', 'cambio de cuchilla'),
(200, 118, '1-1960', '1960', '12:14:00', '10:00PM-06:00AM', '12:20:00', '1', 'cambio de cuchilla'),
(201, 118, '1-1960', '1960', '03:08:00', '10:00PM-06:00AM', '03:18:00', '1', 'se purgo el depurador + lavado de la caja + cambio de cuchilla'),
(202, 118, '1-1960', '1960', '03:50:00', '10:00PM-06:00AM', '06:13:00', '1', 'paro popr inundacion en la planta.'),
(203, 119, '1-1965', '1965', '06:00:00', '06:00AM-02:00PM', '00:30:00', '1', 'cambio de acople en la bomba 2 de la pila y balinera quebrada'),
(204, 119, '1-1965', '1965', '06:00:00', '06:00AM-02:00PM', '14:00:00', '2', 'caja reductora dañada'),
(205, 121, '1-1965', '1965', '16:43:00', '10:00PM-06:00AM', '16:45:00', '1', 'cambio de cuchilla'),
(206, 121, '1-1965', '1965', '14:00:00', '10:00PM-06:00AM', '22:00:00', '2', 'caja reductora dañada'),
(208, 120, '1-1965', '1965', '22:45:00', '02:00PM-10:00PM', '23:59:00', '1', 'se purgo el depurador'),
(209, 120, '1-1965', '1965', '13:30:00', '02:00PM-10:00PM', '13:40:00', '1', 'yankee frenado'),
(210, 120, '1-1965', '1965', '03:45:00', '02:00PM-10:00PM', '04:00:00', '1', 'baja precio de aire por compresor apagado'),
(211, 120, '1-1965', '1965', '22:00:00', '02:00PM-10:00PM', '06:00:00', '2', 'caja reductora del yankee dañada'),
(212, 122, '1-1970', '1970', '06:00:00', '06:00AM-02:00PM', '14:00:00', '2', 'se daño la caja reductora'),
(213, 123, '1-1970', '1970', '15:10:00', '02:00PM-10:00PM', '15:15:00', '1', 'cambio de cuchilla'),
(214, 123, '1-1970', '1970', '16:15:00', '02:00PM-10:00PM', '16:20:00', '1', 'cambio de cuchilla'),
(215, 123, '1-1970', '1970', '20:32:00', '02:00PM-10:00PM', '20:37:00', '1', 'cambio de cuchilla'),
(216, 123, '1-1970', '1970', '14:00:00', '02:00PM-10:00PM', '22:00:00', '2', 'caja reductora dañada'),
(217, 124, '1-1970', '1970', '23:30:00', '10:00PM-06:00AM', '23:40:00', '1', 'compresor apagado'),
(218, 124, '1-1970', '1970', '01:08:00', '10:00PM-06:00AM', '01:20:00', '1', 'cambio de cuchilla'),
(219, 124, '1-1970', '1970', '02:40:00', '10:00PM-06:00AM', '02:55:00', '1', 'compresor apagado'),
(220, 124, '1-1970', '1970', '03:40:00', '10:00PM-06:00AM', '04:00:00', '1', 'se purgo el depuradador por estar obstruido'),
(221, 124, '1-1970', '1970', '05:30:00', '10:00PM-06:00AM', '05:40:00', '1', 'baja presión de aire'),
(222, 124, '1-1970', '1970', '22:00:00', '10:00PM-06:00AM', '06:00:00', '2', 'caja reductora dañada'),
(223, 125, '1-1976', '1976', '08:08:00', '06:00AM-02:00PM', '08:18:00', '1', 'cambio de cuchilla + limpieza de yankee'),
(224, 125, '1-1976', '1976', '06:00:00', '06:00AM-02:00PM', '14:00:00', '2', 'caja reductora dañada'),
(225, 126, '1-1976', '1976', '14:30:00', '02:00PM-10:00PM', '14:35:00', '1', 'cambio de cuchilla'),
(226, 126, '1-1976', '1976', '16:07:00', '02:00PM-10:00PM', '16:17:00', '1', 'compresor apagado'),
(227, 126, '1-1976', '1976', '17:05:00', '02:00PM-10:00PM', '17:20:00', '1', 'cambio de cuchilla'),
(228, 126, '1-1976', '1976', '18:18:00', '02:00PM-10:00PM', '18:25:00', '1', 'baja presion de agua'),
(229, 126, '1-1976', '1976', '18:40:00', '02:00PM-10:00PM', '18:46:00', '1', 'hoja se enreda en el brazo del pope'),
(230, 126, '1-1976', '1976', '19:10:00', '02:00PM-10:00PM', '19:15:00', '1', 'hoja se enreda en el brazo del pope'),
(231, 126, '1-1976', '1976', '20:03:00', '02:00PM-10:00PM', '20:13:00', '1', 'baja presión de aire'),
(232, 126, '1-1976', '1976', '14:00:00', '02:00PM-10:00PM', '17:57:00', '2', 'calentamiento de maquina + cambio de empaque de válvula.'),
(233, 126, '1-1976', '1976', '14:00:00', '02:00PM-10:00PM', '17:58:00', '2', 'calentamiento de maquina + cambio de empaque de válvula.'),
(234, 126, '1-1976', '1976', '18:37:00', '02:00PM-10:00PM', '22:00:00', '', 'problema en la caja reductora'),
(236, 127, '1-1976', '1976', '22:40:00', '10:00PM-06:00AM', '23:00:00', '1', 'compresor  de aire apagado'),
(237, 127, '1-1976', '1976', '23:30:00', '10:00PM-06:00AM', '23:45:00', '1', 'se purgo el depurador'),
(238, 127, '1-1976', '1976', '12:55:00', '10:00PM-06:00AM', '02:30:00', '1', 'cambio de llave de los ciclones'),
(239, 127, '1-1976', '1976', '03:50:00', '10:00PM-06:00AM', '04:00:00', '1', 'baja presiona de aire'),
(240, 127, '1-1976', '1976', '22:00:00', '10:00PM-06:00AM', '06:48:00', '2', 'piñones dañados + caja reductora de yankee mala'),
(241, 131, '1-9632', '9632', '06:20:00', '06:00AM-02:00PM', '06:45:00', '1', 'prueba');

-- --------------------------------------------------------

--
-- Estructura de tabla para la tabla `tmp_produccion`
--

CREATE TABLE `tmp_produccion` (
  `fecha` date NOT NULL,
  `1` decimal(7,2) DEFAULT NULL,
  `2` decimal(7,2) DEFAULT NULL,
  `3` decimal(7,2) DEFAULT NULL,
  `4` decimal(7,2) DEFAULT NULL,
  `5` decimal(7,2) DEFAULT NULL,
  `6` decimal(7,2) DEFAULT NULL,
  `7` decimal(7,2) DEFAULT NULL,
  `8` decimal(7,2) DEFAULT NULL,
  `9` decimal(7,2) DEFAULT NULL,
  `TBD` decimal(7,2) DEFAULT NULL,
  `TNS` decimal(7,2) DEFAULT NULL
) ENGINE=MyISAM DEFAULT CHARSET=latin1;

-- --------------------------------------------------------

--
-- Estructura de tabla para la tabla `turnos`
--

CREATE TABLE `turnos` (
  `IdTurno` int(11) NOT NULL,
  `Turno` varchar(255) DEFAULT NULL,
  `Comentario` varchar(255) DEFAULT NULL,
  `horaInicio` time DEFAULT NULL,
  `horaFinal` time DEFAULT NULL,
  `tipo` varchar(10) NOT NULL,
  `estado` bit(1) NOT NULL
) ENGINE=InnoDB DEFAULT CHARSET=utf8;

--
-- Volcado de datos para la tabla `turnos`
--

INSERT INTO `turnos` (`IdTurno`, `Turno`, `Comentario`, `horaInicio`, `horaFinal`, `tipo`, `estado`) VALUES
(1, '6:00am-6:00pm', 'Matutino', '06:00:00', '18:00:00', 'M', b'0'),
(2, '6:00pm-6:00am', 'Vespertino', '18:00:00', '06:00:00', 'N', b'0'),
(3, '06:00AM-02:00PM', 'Matutino', '06:00:00', '14:00:00', 'M', b'1'),
(4, '02:00PM-10:00PM', 'Mixto', '14:00:00', '22:00:00', 'MX', b'1'),
(5, '10:00PM-06:00AM', 'Nocturno', '22:00:00', '06:00:00', 'N', b'1');

-- --------------------------------------------------------

--
-- Estructura de tabla para la tabla `usuarios`
--

CREATE TABLE `usuarios` (
  `IdUsuario` int(11) NOT NULL,
  `Usuario` varchar(255) DEFAULT NULL,
  `Nombre` varchar(255) DEFAULT NULL,
  `Password` varchar(255) DEFAULT NULL,
  `Privilegio` varchar(255) DEFAULT NULL,
  `Estado` varchar(255) DEFAULT NULL
) ENGINE=InnoDB DEFAULT CHARSET=utf8;

--
-- Volcado de datos para la tabla `usuarios`
--

INSERT INTO `usuarios` (`IdUsuario`, `Usuario`, `Nombre`, `Password`, `Privilegio`, `Estado`) VALUES
(8, 'Kperalta', 'Keyla Peralta Aleman', 'cc0daad49e992d2cdedc94221083c3d0', '3', '1'),
(9, 'Esolis', 'Exaul Espinal Solis', '851519c7540f500a0561d1f62eb52b84', '2', '1'),
(10, 'malvarado', 'Mariano Alvarado', 'df34bfca22ba6ef9b0a764394a15fff2', '4', '1'),
(12, 'jose.jimenez', 'Jose Jimenez', 'cc0daad49e992d2cdedc94221083c3d0', '3', '1'),
(13, 'joseHernandez', 'Jose hernandez', 'e10adc3949ba59abbe56e057f20f883e', '4', '1'),
(14, 'kevinBlanco', 'Kevin Blanco', NULL, '5', '1'),
(15, 'admin', 'admin', 'e10adc3949ba59abbe56e057f20f883e', '3', '1'),
(16, 'wbermudez', 'Whyman bermudez', 'e10adc3949ba59abbe56e057f20f883e', '0', '1'),
(17, 'eespinal', 'Exaul Espinal', '7e53ab4a1805bf6d1fa23447cf3463ea', '3', '1'),
(18, 'Edwing Dominguez', 'Edwing Dominguez', '1e1a61697f6018023dbfa99eca046843', '4', '1'),
(19, 'cmaltez', 'Cristian Maltez', '3562ece7e45deb319d132a0287a0bbc6', '4', '0'),
(20, 'mendez', 'Carlos Mendez', NULL, '5', '1'),
(21, 'ricardo', 'Ricardo Talavera', NULL, '5', '1'),
(22, 'Cesar', 'Cesar Romero', NULL, '5', '1'),
(23, 'Axel', 'Axel Lopez', NULL, '5', '1'),
(24, 'Ariel', 'Ariek', NULL, '5', '0'),
(25, 'Ariel', 'Ariel Amador', NULL, '5', '0'),
(26, 'kperalta', 'keyla peralta', '109795cd105a8f19e6540af69cc8d0a3', '4', '1'),
(27, 'Michael', 'michael meza', NULL, '5', '1'),
(28, 'asaenz', 'Alvaro saenz', 'e10adc3949ba59abbe56e057f20f883e', '7', '1'),
(30, 'cmaltez', 'cristian maltez', 'c781a3de24e2549bf8158bd1b41fd02b', '4', '1');

-- --------------------------------------------------------

--
-- Estructura Stand-in para la vista `view_cargas_pulper`
--
CREATE TABLE `view_cargas_pulper` (
`IdCargaPulper` int(11)
,`IdInsumo` int(11)
,`Cantidad` float(11,1)
,`IdReporteDiario` int(11)
,`Descripcion` varchar(100)
,`IdCategoria` int(100)
,`UnidadMedida` varchar(255)
,`Tipo` varchar(255)
);

-- --------------------------------------------------------

--
-- Estructura Stand-in para la vista `view_cargas_pulper_completo`
--
CREATE TABLE `view_cargas_pulper_completo` (
`descripcion` varchar(100)
,`IdCargaPulper` int(11)
,`IdInsumo` int(11)
,`Cantidad` float(11,1)
,`IdReporteDiario` int(11)
);

-- --------------------------------------------------------

--
-- Estructura Stand-in para la vista `view_detallesplanescat1`
--
CREATE TABLE `view_detallesplanescat1` (
`IdDetallePlan` int(11)
,`IdPlan` int(11)
,`Comentario` varchar(255)
,`IdInsumo` int(11)
,`categoria` varchar(100)
,`Descripcion` varchar(100)
,`Estado` bit(1)
);

-- --------------------------------------------------------

--
-- Estructura Stand-in para la vista `view_detallesplanescat2`
--
CREATE TABLE `view_detallesplanescat2` (
`IdPlan` int(11)
,`IdDetallePlan` int(11)
,`IdInsumo` int(11)
,`Comentario` varchar(255)
,`categoria` varchar(100)
,`Descripcion` varchar(100)
,`Estado` bit(1)
);

-- --------------------------------------------------------

--
-- Estructura Stand-in para la vista `view_detallesplanescat3`
--
CREATE TABLE `view_detallesplanescat3` (
`IdPlan` int(11)
,`IdDetallePlan` int(11)
,`Comentario` varchar(255)
,`IdInsumo` int(11)
,`categoria` varchar(100)
,`Descripcion` varchar(100)
,`Estado` bit(1)
);

-- --------------------------------------------------------

--
-- Estructura Stand-in para la vista `view_detallesplanescat4`
--
CREATE TABLE `view_detallesplanescat4` (
`IdPlan` int(11)
,`IdDetallePlan` int(11)
,`IdInsumo` int(11)
,`Comentario` varchar(255)
,`categoria` varchar(100)
,`Tanque` varchar(255)
,`Estado` bit(1)
);

-- --------------------------------------------------------

--
-- Estructura Stand-in para la vista `view_mp_insumos`
--
CREATE TABLE `view_mp_insumos` (
`IdMpInsumos` int(11)
,`IdReporteDiario` int(11)
,`Descripcion` varchar(100)
,`Dia` varchar(255)
,`Noche` varchar(255)
,`Cantidad_PTA_Agua_Dia` varchar(255)
,`Cantidad_PTA_Agua_Noche` varchar(255)
);

-- --------------------------------------------------------

--
-- Estructura Stand-in para la vista `view_orden_produccion`
--
CREATE TABLE `view_orden_produccion` (
`IdOrden` int(100) unsigned
,`NoOrden` varchar(50)
,`Usuario` varchar(255)
,`FechaInicio` date
,`FechaFin` date
,`Estado` int(1)
);

-- --------------------------------------------------------

--
-- Estructura Stand-in para la vista `view_ordproduccioncoordinador`
--
CREATE TABLE `view_ordproduccioncoordinador` (
`IdOrden` int(100) unsigned
,`NoOrden` varchar(50)
,`Usuario` varchar(255)
,`FechaInicio` date
,`FechaFin` date
,`Estado` int(1)
);

-- --------------------------------------------------------

--
-- Estructura Stand-in para la vista `view_pasta`
--
CREATE TABLE `view_pasta` (
`IdPasta` int(11)
,`IdReporteDiario` int(11)
,`Tanque` varchar(255)
,`Dia` varchar(255)
,`Noche` varchar(255)
,`Consumo` varchar(255)
);

-- --------------------------------------------------------

--
-- Estructura Stand-in para la vista `view_produccion`
--
CREATE TABLE `view_produccion` (
`IdProduccion` int(11)
,`IdReporteDiario` int(11)
,`NoOrden` varchar(255)
,`Nombre` varchar(255)
,`Maquina` varchar(30)
,`HoraInicio` time
,`HoraFin` time
,`VelocMaquina` varchar(255)
,`Peso` varchar(255)
,`Diametro` varchar(255)
,`PesoBase` varchar(255)
,`Merma` varchar(255)
);

-- --------------------------------------------------------

--
-- Estructura Stand-in para la vista `view_reporte`
--
CREATE TABLE `view_reporte` (
`IdReporte` int(11)
,`NoOrden` varchar(255)
,`Tipo` varchar(255)
,`Usuario` varchar(255)
,`FechaInicio` date
,`FechaFin` date
,`Estado` int(11)
);

-- --------------------------------------------------------

--
-- Estructura Stand-in para la vista `view_reportediario`
--
CREATE TABLE `view_reportediario` (
`IdReporteDiario` int(11)
,`Consecutivo` varchar(11)
,`NoOrder` varchar(255)
,`Turno` varchar(255)
,`Comentario` varchar(255)
,`tipo` varchar(10)
,`FechaInicio` date
,`FechaFinal` date
,`Coordinador` int(11)
,`Nombre` varchar(255)
,`IdUsuario` int(11)
,`Grupo` varchar(255)
,`TipoPapel` varchar(255)
);

-- --------------------------------------------------------

--
-- Estructura Stand-in para la vista `view_reportediariodetalle`
--
CREATE TABLE `view_reportediariodetalle` (
`IdReporteDiario` int(11)
,`Consecutivo` varchar(11)
,`NoOrder` varchar(255)
,`Turno` varchar(255)
,`Comentario` varchar(255)
,`FechaInicio` date
,`FechaFinal` date
,`Coordinador` int(11)
,`Nombre` varchar(255)
,`Grupo` varchar(255)
,`TipoPapel` varchar(255)
,`ProduccionTotal` varchar(255)
,`MermaTotal` varchar(255)
,`Estado` bit(1)
,`tipo` varchar(10)
,`Cant` bigint(21)
);

-- --------------------------------------------------------

--
-- Estructura Stand-in para la vista `view_vistacoordinador`
--
CREATE TABLE `view_vistacoordinador` (
`IdReporteDiario` int(11)
,`Consecutivo` varchar(11)
,`NoOrder` varchar(255)
,`Turno` varchar(255)
,`FechaInicio` date
,`FechaFinal` date
,`Coordinador` int(11)
,`Nombre` varchar(255)
,`IdUsuario` int(11)
,`Grupo` varchar(255)
,`TipoPapel` varchar(255)
);

-- --------------------------------------------------------

--
-- Estructura para la vista `view_cargas_pulper`
--
DROP TABLE IF EXISTS `view_cargas_pulper`;

CREATE ALGORITHM=UNDEFINED DEFINER=`root`@`localhost` SQL SECURITY DEFINER VIEW `view_cargas_pulper`  AS  select `cp`.`IdCargaPulper` AS `IdCargaPulper`,`cp`.`IdInsumo` AS `IdInsumo`,`cp`.`Cantidad` AS `Cantidad`,`cp`.`IdReporteDiario` AS `IdReporteDiario`,`im`.`Descripcion` AS `Descripcion`,`im`.`IdCategoria` AS `IdCategoria`,`im`.`UnidadMedida` AS `UnidadMedida`,`im`.`Tipo` AS `Tipo` from (`cargas_pulper` `cp` join `insumos` `im` on((`cp`.`IdInsumo` = `im`.`IdInsumo`))) where (`im`.`IdCategoria` = 1) ;

-- --------------------------------------------------------

--
-- Estructura para la vista `view_cargas_pulper_completo`
--
DROP TABLE IF EXISTS `view_cargas_pulper_completo`;

CREATE ALGORITHM=UNDEFINED DEFINER=`root`@`localhost` SQL SECURITY DEFINER VIEW `view_cargas_pulper_completo`  AS  select `insumos`.`Descripcion` AS `descripcion`,`cargas_pulper`.`IdCargaPulper` AS `IdCargaPulper`,`cargas_pulper`.`IdInsumo` AS `IdInsumo`,`cargas_pulper`.`Cantidad` AS `Cantidad`,`cargas_pulper`.`IdReporteDiario` AS `IdReporteDiario` from (`insumos` join `cargas_pulper`) ;

-- --------------------------------------------------------

--
-- Estructura para la vista `view_detallesplanescat1`
--
DROP TABLE IF EXISTS `view_detallesplanescat1`;

CREATE ALGORITHM=UNDEFINED DEFINER=`root`@`localhost` SQL SECURITY DEFINER VIEW `view_detallesplanescat1`  AS  select `dp`.`IdDetallePlan` AS `IdDetallePlan`,`dp`.`IdPlan` AS `IdPlan`,`p`.`Comentario` AS `Comentario`,`dp`.`IdInsumo` AS `IdInsumo`,`c`.`categoria` AS `categoria`,`i`.`Descripcion` AS `Descripcion`,`p`.`Estado` AS `Estado` from (((`detalle_planes` `dp` join `planes` `p` on((`p`.`IdPlan` = `dp`.`IdPlan`))) join `categoria` `c` on((`c`.`IdCategoria` = `dp`.`Categoria`))) join `insumos` `i` on((`i`.`IdInsumo` = `dp`.`IdInsumo`))) where ((`dp`.`Categoria` = 1) and (`p`.`Estado` = 1)) ;

-- --------------------------------------------------------

--
-- Estructura para la vista `view_detallesplanescat2`
--
DROP TABLE IF EXISTS `view_detallesplanescat2`;

CREATE ALGORITHM=UNDEFINED DEFINER=`root`@`localhost` SQL SECURITY DEFINER VIEW `view_detallesplanescat2`  AS  select `dp`.`IdPlan` AS `IdPlan`,`dp`.`IdDetallePlan` AS `IdDetallePlan`,`dp`.`IdInsumo` AS `IdInsumo`,`p`.`Comentario` AS `Comentario`,`c`.`categoria` AS `categoria`,`i`.`Descripcion` AS `Descripcion`,`p`.`Estado` AS `Estado` from (((`detalle_planes` `dp` join `planes` `p` on((`p`.`IdPlan` = `dp`.`IdPlan`))) join `categoria` `c` on((`c`.`IdCategoria` = `dp`.`Categoria`))) join `insumos` `i` on((`i`.`IdInsumo` = `dp`.`IdInsumo`))) where ((`dp`.`Categoria` = 2) and (`p`.`Estado` = 1)) ;

-- --------------------------------------------------------

--
-- Estructura para la vista `view_detallesplanescat3`
--
DROP TABLE IF EXISTS `view_detallesplanescat3`;

CREATE ALGORITHM=UNDEFINED DEFINER=`root`@`localhost` SQL SECURITY DEFINER VIEW `view_detallesplanescat3`  AS  select `dp`.`IdPlan` AS `IdPlan`,`dp`.`IdDetallePlan` AS `IdDetallePlan`,`p`.`Comentario` AS `Comentario`,`dp`.`IdInsumo` AS `IdInsumo`,`c`.`categoria` AS `categoria`,`i`.`Descripcion` AS `Descripcion`,`p`.`Estado` AS `Estado` from (((`detalle_planes` `dp` join `planes` `p` on((`p`.`IdPlan` = `dp`.`IdPlan`))) join `categoria` `c` on((`c`.`IdCategoria` = `dp`.`Categoria`))) join `insumos` `i` on((`i`.`IdInsumo` = `dp`.`IdInsumo`))) where ((`dp`.`Categoria` = 3) and (`p`.`Estado` = 1)) ;

-- --------------------------------------------------------

--
-- Estructura para la vista `view_detallesplanescat4`
--
DROP TABLE IF EXISTS `view_detallesplanescat4`;

CREATE ALGORITHM=UNDEFINED DEFINER=`root`@`localhost` SQL SECURITY DEFINER VIEW `view_detallesplanescat4`  AS  select distinct `dp`.`IdPlan` AS `IdPlan`,`dp`.`IdDetallePlan` AS `IdDetallePlan`,`dp`.`IdInsumo` AS `IdInsumo`,`p`.`Comentario` AS `Comentario`,`c`.`categoria` AS `categoria`,`t`.`Tanque` AS `Tanque`,`p`.`Estado` AS `Estado` from (((`detalle_planes` `dp` join `planes` `p` on((`p`.`IdPlan` = `dp`.`IdPlan`))) join `categoria` `c` on((`c`.`IdCategoria` = `dp`.`Categoria`))) join `tanques` `t` on((`t`.`IdTanque` = `dp`.`IdInsumo`))) where ((`dp`.`Categoria` = 4) and (`p`.`Estado` = 1)) ;

-- --------------------------------------------------------

--
-- Estructura para la vista `view_mp_insumos`
--
DROP TABLE IF EXISTS `view_mp_insumos`;

CREATE ALGORITHM=UNDEFINED DEFINER=`root`@`localhost` SQL SECURITY DEFINER VIEW `view_mp_insumos`  AS  select `mp`.`IdMpInsumos` AS `IdMpInsumos`,`mp`.`IdReporteDiario` AS `IdReporteDiario`,`i`.`Descripcion` AS `Descripcion`,`mp`.`Dia` AS `Dia`,`mp`.`Noche` AS `Noche`,`mp`.`Cantidad_PTA_Agua_Dia` AS `Cantidad_PTA_Agua_Dia`,`mp`.`Cantidad_PTA_Agua_Noche` AS `Cantidad_PTA_Agua_Noche` from (`mp_insumos` `mp` join `insumos` `i` on((`mp`.`Descripcion` = `i`.`IdInsumo`))) ;

-- --------------------------------------------------------

--
-- Estructura para la vista `view_orden_produccion`
--
DROP TABLE IF EXISTS `view_orden_produccion`;

CREATE ALGORITHM=UNDEFINED DEFINER=`root`@`localhost` SQL SECURITY DEFINER VIEW `view_orden_produccion`  AS  select `ord`.`IdOrden` AS `IdOrden`,`ord`.`NoOrden` AS `NoOrden`,`us`.`Nombre` AS `Usuario`,`ord`.`FechaInicio` AS `FechaInicio`,`ord`.`FechaFin` AS `FechaFin`,`ord`.`Estado` AS `Estado` from (`orden_produccion` `ord` join `usuarios` `us` on((`ord`.`Usuario` = `us`.`IdUsuario`))) order by (`ord`.`Estado` = 1) desc ;

-- --------------------------------------------------------

--
-- Estructura para la vista `view_ordproduccioncoordinador`
--
DROP TABLE IF EXISTS `view_ordproduccioncoordinador`;

CREATE ALGORITHM=UNDEFINED DEFINER=`root`@`localhost` SQL SECURITY DEFINER VIEW `view_ordproduccioncoordinador`  AS  select `ord`.`IdOrden` AS `IdOrden`,`ord`.`NoOrden` AS `NoOrden`,`us`.`Nombre` AS `Usuario`,`ord`.`FechaInicio` AS `FechaInicio`,`ord`.`FechaFin` AS `FechaFin`,`ord`.`Estado` AS `Estado` from (`orden_produccion` `ord` join `usuarios` `us` on((`ord`.`Usuario` = `us`.`IdUsuario`))) order by (`ord`.`Estado` = 1) desc ;

-- --------------------------------------------------------

--
-- Estructura para la vista `view_pasta`
--
DROP TABLE IF EXISTS `view_pasta`;

CREATE ALGORITHM=UNDEFINED DEFINER=`root`@`localhost` SQL SECURITY DEFINER VIEW `view_pasta`  AS  select `p`.`IdPasta` AS `IdPasta`,`p`.`IdReporteDiario` AS `IdReporteDiario`,`t`.`Tanque` AS `Tanque`,`p`.`Dia` AS `Dia`,`p`.`Noche` AS `Noche`,`p`.`Consumo` AS `Consumo` from (`pasta` `p` join `tanques` `t` on((`t`.`IdTanque` = `p`.`Tanque`))) ;

-- --------------------------------------------------------

--
-- Estructura para la vista `view_produccion`
--
DROP TABLE IF EXISTS `view_produccion`;

CREATE ALGORITHM=UNDEFINED DEFINER=`root`@`localhost` SQL SECURITY DEFINER VIEW `view_produccion`  AS  select `pro`.`IdProduccion` AS `IdProduccion`,`pro`.`IdReporteDiario` AS `IdReporteDiario`,`pro`.`NoOrden` AS `NoOrden`,`us`.`Nombre` AS `Nombre`,`mq`.`maquina` AS `Maquina`,`pro`.`HoraInicio` AS `HoraInicio`,`pro`.`HoraFin` AS `HoraFin`,`pro`.`VelocMaquina` AS `VelocMaquina`,`pro`.`Peso` AS `Peso`,`pro`.`Diametro` AS `Diametro`,`pro`.`PesoBase` AS `PesoBase`,`pro`.`Merma` AS `Merma` from ((`produccion` `pro` join `usuarios` `us` on((`us`.`IdUsuario` = `pro`.`Operador`))) join `maquinas` `mq` on((`pro`.`Maquina` = `mq`.`idMaquina`))) order by `mq`.`maquina` ;

-- --------------------------------------------------------

--
-- Estructura para la vista `view_reporte`
--
DROP TABLE IF EXISTS `view_reporte`;

CREATE ALGORITHM=UNDEFINED DEFINER=`root`@`localhost` SQL SECURITY DEFINER VIEW `view_reporte`  AS  select `rpt`.`IdReporte` AS `IdReporte`,`rpt`.`NoOrden` AS `NoOrden`,`rpt`.`Tipo` AS `Tipo`,`us`.`Nombre` AS `Usuario`,`rpt`.`FechaInicio` AS `FechaInicio`,`rpt`.`FechaFin` AS `FechaFin`,`rpt`.`Estado` AS `Estado` from (`reportes` `rpt` join `usuarios` `us` on((`rpt`.`Usuario` = `us`.`IdUsuario`))) ;

-- --------------------------------------------------------

--
-- Estructura para la vista `view_reportediario`
--
DROP TABLE IF EXISTS `view_reportediario`;

CREATE ALGORITHM=UNDEFINED DEFINER=`root`@`localhost` SQL SECURITY DEFINER VIEW `view_reportediario`  AS  select `rd`.`IdReporteDiario` AS `IdReporteDiario`,`rd`.`Consecutivo` AS `Consecutivo`,`rd`.`NoOrder` AS `NoOrder`,`rd`.`Turno` AS `Turno`,`t`.`Comentario` AS `Comentario`,`t`.`tipo` AS `tipo`,`rd`.`FechaInicio` AS `FechaInicio`,`rd`.`FechaFinal` AS `FechaFinal`,`rd`.`Coordinador` AS `Coordinador`,`us`.`Nombre` AS `Nombre`,`us`.`IdUsuario` AS `IdUsuario`,`rd`.`Grupo` AS `Grupo`,`rd`.`TipoPapel` AS `TipoPapel` from (((`reporte_diario` `rd` join `usuarios` `us` on((`us`.`IdUsuario` = `rd`.`Coordinador`))) join `orden_produccion` `op` on((`rd`.`NoOrder` = convert(`op`.`NoOrden` using utf8)))) join `turnos` `t` on((`rd`.`Turno` = `t`.`IdTurno`))) where (`op`.`Estado` = 1) ;

-- --------------------------------------------------------

--
-- Estructura para la vista `view_reportediariodetalle`
--
DROP TABLE IF EXISTS `view_reportediariodetalle`;

CREATE ALGORITHM=UNDEFINED DEFINER=`root`@`localhost` SQL SECURITY DEFINER VIEW `view_reportediariodetalle`  AS  select `rd`.`IdReporteDiario` AS `IdReporteDiario`,`rd`.`Consecutivo` AS `Consecutivo`,`rd`.`NoOrder` AS `NoOrder`,`tr`.`Turno` AS `Turno`,`tr`.`Comentario` AS `Comentario`,`rd`.`FechaInicio` AS `FechaInicio`,`rd`.`FechaFinal` AS `FechaFinal`,`rd`.`Coordinador` AS `Coordinador`,`us`.`Nombre` AS `Nombre`,`rd`.`Grupo` AS `Grupo`,`rd`.`TipoPapel` AS `TipoPapel`,`rd`.`ProduccionTotal` AS `ProduccionTotal`,`rd`.`MermaTotal` AS `MermaTotal`,`rd`.`Estado` AS `Estado`,`tr`.`tipo` AS `tipo`,(select count(0) from `turnos` where (`turnos`.`estado` = 1)) AS `Cant` from ((`reporte_diario` `rd` join `turnos` `tr` on((`rd`.`Turno` = `tr`.`IdTurno`))) join `usuarios` `us` on((`us`.`IdUsuario` = `rd`.`Coordinador`))) order by `rd`.`IdReporteDiario` ;

-- --------------------------------------------------------

--
-- Estructura para la vista `view_vistacoordinador`
--
DROP TABLE IF EXISTS `view_vistacoordinador`;

CREATE ALGORITHM=UNDEFINED DEFINER=`root`@`localhost` SQL SECURITY DEFINER VIEW `view_vistacoordinador`  AS  select `rd`.`IdReporteDiario` AS `IdReporteDiario`,`rd`.`Consecutivo` AS `Consecutivo`,`rd`.`NoOrder` AS `NoOrder`,`rd`.`Turno` AS `Turno`,`rd`.`FechaInicio` AS `FechaInicio`,`rd`.`FechaFinal` AS `FechaFinal`,`rd`.`Coordinador` AS `Coordinador`,`us`.`Nombre` AS `Nombre`,`us`.`IdUsuario` AS `IdUsuario`,`rd`.`Grupo` AS `Grupo`,`rd`.`TipoPapel` AS `TipoPapel` from ((`reporte_diario` `rd` join `orden_produccion` `op` on((`rd`.`NoOrder` = convert(`op`.`NoOrden` using utf8)))) join `usuarios` `us` on((`us`.`IdUsuario` = `rd`.`Coordinador`))) where (`rd`.`Estado` = 1) ;

--
-- Índices para tablas volcadas
--

--
-- Indices de la tabla `articulos`
--
ALTER TABLE `articulos`
  ADD PRIMARY KEY (`IdArticulo`);

--
-- Indices de la tabla `cargas_pulper`
--
ALTER TABLE `cargas_pulper`
  ADD PRIMARY KEY (`IdCargaPulper`);

--
-- Indices de la tabla `categoria`
--
ALTER TABLE `categoria`
  ADD PRIMARY KEY (`IdCategoria`);

--
-- Indices de la tabla `consumoelectrico`
--
ALTER TABLE `consumoelectrico`
  ADD PRIMARY KEY (`idConsumoElec`);

--
-- Indices de la tabla `control_piso`
--
ALTER TABLE `control_piso`
  ADD PRIMARY KEY (`idControlPiso`);

--
-- Indices de la tabla `control_piso_detalle`
--
ALTER TABLE `control_piso_detalle`
  ADD PRIMARY KEY (`idDetalle`);

--
-- Indices de la tabla `detalle_planes`
--
ALTER TABLE `detalle_planes`
  ADD PRIMARY KEY (`IdDetallePlan`);

--
-- Indices de la tabla `horas_molienda`
--
ALTER TABLE `horas_molienda`
  ADD PRIMARY KEY (`IdHora`);

--
-- Indices de la tabla `insumos`
--
ALTER TABLE `insumos`
  ADD PRIMARY KEY (`IdInsumo`);

--
-- Indices de la tabla `maquinas`
--
ALTER TABLE `maquinas`
  ADD PRIMARY KEY (`idMaquina`);

--
-- Indices de la tabla `metas`
--
ALTER TABLE `metas`
  ADD PRIMARY KEY (`IdMeta`);

--
-- Indices de la tabla `mp_insumos`
--
ALTER TABLE `mp_insumos`
  ADD PRIMARY KEY (`IdMpInsumos`);

--
-- Indices de la tabla `orden_produccion`
--
ALTER TABLE `orden_produccion`
  ADD PRIMARY KEY (`IdOrden`);

--
-- Indices de la tabla `pasta`
--
ALTER TABLE `pasta`
  ADD PRIMARY KEY (`IdPasta`);

--
-- Indices de la tabla `pasta_procesada`
--
ALTER TABLE `pasta_procesada`
  ADD PRIMARY KEY (`idPastaProc`);

--
-- Indices de la tabla `planes`
--
ALTER TABLE `planes`
  ADD PRIMARY KEY (`IdPlan`);

--
-- Indices de la tabla `produccion`
--
ALTER TABLE `produccion`
  ADD PRIMARY KEY (`IdProduccion`);

--
-- Indices de la tabla `produccion_diaria`
--
ALTER TABLE `produccion_diaria`
  ADD PRIMARY KEY (`id_produccion`);

--
-- Indices de la tabla `reportes`
--
ALTER TABLE `reportes`
  ADD PRIMARY KEY (`IdReporte`);

--
-- Indices de la tabla `reporte_diario`
--
ALTER TABLE `reporte_diario`
  ADD PRIMARY KEY (`IdReporteDiario`);

--
-- Indices de la tabla `tanques`
--
ALTER TABLE `tanques`
  ADD PRIMARY KEY (`IdTanque`);

--
-- Indices de la tabla `tiempos_muertos`
--
ALTER TABLE `tiempos_muertos`
  ADD PRIMARY KEY (`IdTiempoMuerto`);

--
-- Indices de la tabla `turnos`
--
ALTER TABLE `turnos`
  ADD PRIMARY KEY (`IdTurno`);

--
-- Indices de la tabla `usuarios`
--
ALTER TABLE `usuarios`
  ADD PRIMARY KEY (`IdUsuario`);

--
-- AUTO_INCREMENT de las tablas volcadas
--

--
-- AUTO_INCREMENT de la tabla `articulos`
--
ALTER TABLE `articulos`
  MODIFY `IdArticulo` int(11) NOT NULL AUTO_INCREMENT, AUTO_INCREMENT=10;
--
-- AUTO_INCREMENT de la tabla `cargas_pulper`
--
ALTER TABLE `cargas_pulper`
  MODIFY `IdCargaPulper` int(11) NOT NULL AUTO_INCREMENT, AUTO_INCREMENT=756;
--
-- AUTO_INCREMENT de la tabla `categoria`
--
ALTER TABLE `categoria`
  MODIFY `IdCategoria` int(11) NOT NULL AUTO_INCREMENT, AUTO_INCREMENT=5;
--
-- AUTO_INCREMENT de la tabla `consumoelectrico`
--
ALTER TABLE `consumoelectrico`
  MODIFY `idConsumoElec` int(10) UNSIGNED NOT NULL AUTO_INCREMENT, AUTO_INCREMENT=12;
--
-- AUTO_INCREMENT de la tabla `control_piso`
--
ALTER TABLE `control_piso`
  MODIFY `idControlPiso` int(11) NOT NULL AUTO_INCREMENT, AUTO_INCREMENT=16;
--
-- AUTO_INCREMENT de la tabla `control_piso_detalle`
--
ALTER TABLE `control_piso_detalle`
  MODIFY `idDetalle` int(11) UNSIGNED NOT NULL AUTO_INCREMENT, AUTO_INCREMENT=73;
--
-- AUTO_INCREMENT de la tabla `detalle_planes`
--
ALTER TABLE `detalle_planes`
  MODIFY `IdDetallePlan` int(11) NOT NULL AUTO_INCREMENT, AUTO_INCREMENT=41;
--
-- AUTO_INCREMENT de la tabla `horas_molienda`
--
ALTER TABLE `horas_molienda`
  MODIFY `IdHora` int(11) NOT NULL AUTO_INCREMENT, AUTO_INCREMENT=208;
--
-- AUTO_INCREMENT de la tabla `insumos`
--
ALTER TABLE `insumos`
  MODIFY `IdInsumo` int(11) NOT NULL AUTO_INCREMENT, AUTO_INCREMENT=67;
--
-- AUTO_INCREMENT de la tabla `maquinas`
--
ALTER TABLE `maquinas`
  MODIFY `idMaquina` int(11) NOT NULL AUTO_INCREMENT, AUTO_INCREMENT=3;
--
-- AUTO_INCREMENT de la tabla `metas`
--
ALTER TABLE `metas`
  MODIFY `IdMeta` int(11) NOT NULL AUTO_INCREMENT;
--
-- AUTO_INCREMENT de la tabla `mp_insumos`
--
ALTER TABLE `mp_insumos`
  MODIFY `IdMpInsumos` int(11) NOT NULL AUTO_INCREMENT, AUTO_INCREMENT=126;
--
-- AUTO_INCREMENT de la tabla `orden_produccion`
--
ALTER TABLE `orden_produccion`
  MODIFY `IdOrden` int(100) UNSIGNED NOT NULL AUTO_INCREMENT, AUTO_INCREMENT=92;
--
-- AUTO_INCREMENT de la tabla `pasta`
--
ALTER TABLE `pasta`
  MODIFY `IdPasta` int(11) NOT NULL AUTO_INCREMENT, AUTO_INCREMENT=83;
--
-- AUTO_INCREMENT de la tabla `pasta_procesada`
--
ALTER TABLE `pasta_procesada`
  MODIFY `idPastaProc` int(10) UNSIGNED NOT NULL AUTO_INCREMENT, AUTO_INCREMENT=46;
--
-- AUTO_INCREMENT de la tabla `planes`
--
ALTER TABLE `planes`
  MODIFY `IdPlan` int(11) NOT NULL AUTO_INCREMENT, AUTO_INCREMENT=13;
--
-- AUTO_INCREMENT de la tabla `produccion`
--
ALTER TABLE `produccion`
  MODIFY `IdProduccion` int(11) NOT NULL AUTO_INCREMENT, AUTO_INCREMENT=451;
--
-- AUTO_INCREMENT de la tabla `produccion_diaria`
--
ALTER TABLE `produccion_diaria`
  MODIFY `id_produccion` int(11) NOT NULL AUTO_INCREMENT;
--
-- AUTO_INCREMENT de la tabla `reportes`
--
ALTER TABLE `reportes`
  MODIFY `IdReporte` int(11) NOT NULL AUTO_INCREMENT;
--
-- AUTO_INCREMENT de la tabla `reporte_diario`
--
ALTER TABLE `reporte_diario`
  MODIFY `IdReporteDiario` int(11) NOT NULL AUTO_INCREMENT, AUTO_INCREMENT=132;
--
-- AUTO_INCREMENT de la tabla `tanques`
--
ALTER TABLE `tanques`
  MODIFY `IdTanque` int(11) NOT NULL AUTO_INCREMENT, AUTO_INCREMENT=7;
--
-- AUTO_INCREMENT de la tabla `tiempos_muertos`
--
ALTER TABLE `tiempos_muertos`
  MODIFY `IdTiempoMuerto` int(11) NOT NULL AUTO_INCREMENT, AUTO_INCREMENT=242;
--
-- AUTO_INCREMENT de la tabla `turnos`
--
ALTER TABLE `turnos`
  MODIFY `IdTurno` int(11) NOT NULL AUTO_INCREMENT, AUTO_INCREMENT=6;
--
-- AUTO_INCREMENT de la tabla `usuarios`
--
ALTER TABLE `usuarios`
  MODIFY `IdUsuario` int(11) NOT NULL AUTO_INCREMENT, AUTO_INCREMENT=31;
/*!40101 SET CHARACTER_SET_CLIENT=@OLD_CHARACTER_SET_CLIENT */;
/*!40101 SET CHARACTER_SET_RESULTS=@OLD_CHARACTER_SET_RESULTS */;
/*!40101 SET COLLATION_CONNECTION=@OLD_COLLATION_CONNECTION */;
