-- phpMyAdmin SQL Dump
-- version 3.2.0.1
-- http://www.phpmyadmin.net
--
-- Servidor: localhost
-- Tiempo de generación: 24-04-2017 a las 13:00:54
-- Versión del servidor: 5.1.36
-- Versión de PHP: 5.4.45

SET SQL_MODE="NO_AUTO_VALUE_ON_ZERO";


/*!40101 SET @OLD_CHARACTER_SET_CLIENT=@@CHARACTER_SET_CLIENT */;
/*!40101 SET @OLD_CHARACTER_SET_RESULTS=@@CHARACTER_SET_RESULTS */;
/*!40101 SET @OLD_COLLATION_CONNECTION=@@COLLATION_CONNECTION */;
/*!40101 SET NAMES utf8 */;

--
-- Base de datos: `siscov`
--

-- --------------------------------------------------------

--
-- Estructura de tabla para la tabla `calendar`
--

CREATE TABLE IF NOT EXISTS `calendar` (
  `Id` int(11) NOT NULL AUTO_INCREMENT,
  `IdTb` int(10) NOT NULL,
  `title` varchar(255) CHARACTER SET utf8 COLLATE utf8_bin NOT NULL,
  `start` date NOT NULL,
  `end` date NOT NULL,
  PRIMARY KEY (`Id`)
) ENGINE=InnoDB  DEFAULT CHARSET=latin1 AUTO_INCREMENT=945 ;

--
-- Volcar la base de datos para la tabla `calendar`
--

INSERT INTO `calendar` (`Id`, `IdTb`, `title`, `start`, `end`) VALUES
(1, 1, '0', '2017-04-03', '2017-04-03'),
(2, 1, '0', '2017-04-08', '2017-04-08'),
(3, 44, '50', '2017-04-02', '2017-04-02'),
(4, 44, '10', '2017-04-01', '2017-04-01'),
(5, 44, '10', '2017-04-03', '2017-04-03'),
(6, 44, '10', '2017-04-04', '2017-04-04'),
(7, 44, '20', '2017-04-08', '2017-04-08'),
(8, 44, '30', '2017-04-07', '2017-04-07'),
(9, 1, '95', '2017-04-04', '2017-04-04'),
(10, 1, '195', '2017-04-02', '2017-04-02'),
(11, 1, '100', '2017-04-05', '2017-04-05'),
(12, 1, '0', '2017-04-06', '2017-04-06'),
(13, 1, '0', '2017-04-07', '2017-04-07'),
(14, 1, '100', '2017-04-10', '2017-04-10'),
(15, 1, '300', '2017-04-09', '2017-04-09'),
(16, 1, '100', '2017-04-11', '2017-04-11'),
(17, 1, '100', '2017-04-12', '2017-04-12'),
(18, 1, '0', '2017-04-13', '2017-04-13'),
(19, 1, '85', '2017-04-14', '2017-04-14'),
(20, 1, '85', '2017-04-15', '2017-04-15'),
(21, 1, '100', '2017-04-17', '2017-04-17'),
(22, 1, '500', '2017-04-16', '2017-04-16'),
(23, 1, '100', '2017-04-18', '2017-04-18'),
(24, 1, '100', '2017-04-19', '2017-04-19'),
(25, 1, '100', '2017-04-20', '2017-04-20'),
(26, 1, '100', '2017-04-21', '2017-04-21'),
(27, 1, '0', '2017-04-01', '2017-04-01'),
(28, 1, '0', '2017-03-31', '2017-03-31'),
(29, 3, '0', '2017-04-01', '2017-04-01'),
(30, 3, '0', '2017-03-31', '2017-03-31'),
(31, 3, '0', '2017-04-03', '2017-04-03'),
(32, 3, '195', '2017-04-02', '2017-04-02'),
(33, 3, '95', '2017-04-04', '2017-04-04'),
(34, 3, '100', '2017-04-05', '2017-04-05'),
(35, 3, '0', '2017-04-06', '2017-04-06'),
(36, 3, '0', '2017-04-07', '2017-04-07'),
(37, 3, '0', '2017-04-08', '2017-04-08'),
(38, 3, '100', '2017-04-10', '2017-04-10'),
(39, 3, '300', '2017-04-09', '2017-04-09'),
(40, 3, '100', '2017-04-11', '2017-04-11'),
(41, 3, '100', '2017-04-12', '2017-04-12'),
(42, 3, '0', '2017-04-13', '2017-04-13'),
(43, 3, '85', '2017-04-14', '2017-04-14'),
(44, 3, '85', '2017-04-15', '2017-04-15'),
(45, 3, '100', '2017-04-17', '2017-04-17'),
(46, 3, '500', '2017-04-16', '2017-04-16'),
(47, 3, '100', '2017-04-18', '2017-04-18'),
(48, 3, '100', '2017-04-19', '2017-04-19'),
(49, 3, '100', '2017-04-20', '2017-04-20'),
(50, 3, '100', '2017-04-21', '2017-04-21'),
(51, 5, '0', '2017-04-01', '2017-04-01'),
(52, 5, '0', '2017-03-31', '2017-03-31'),
(53, 5, '0', '2017-04-03', '2017-04-03'),
(54, 5, '195', '2017-04-02', '2017-04-02'),
(55, 5, '95', '2017-04-04', '2017-04-04'),
(56, 5, '100', '2017-04-05', '2017-04-05'),
(57, 5, '0', '2017-04-06', '2017-04-06'),
(58, 5, '0', '2017-04-07', '2017-04-07'),
(59, 5, '0', '2017-04-08', '2017-04-08'),
(60, 5, '100', '2017-04-10', '2017-04-10'),
(61, 5, '300', '2017-04-09', '2017-04-09'),
(62, 5, '100', '2017-04-11', '2017-04-11'),
(63, 5, '100', '2017-04-12', '2017-04-12'),
(64, 5, '0', '2017-04-13', '2017-04-13'),
(65, 5, '85', '2017-04-14', '2017-04-14'),
(66, 5, '85', '2017-04-15', '2017-04-15'),
(67, 5, '100', '2017-04-17', '2017-04-17'),
(68, 5, '500', '2017-04-16', '2017-04-16'),
(69, 5, '100', '2017-04-18', '2017-04-18'),
(70, 5, '100', '2017-04-19', '2017-04-19'),
(71, 5, '100', '2017-04-20', '2017-04-20'),
(72, 5, '100', '2017-04-21', '2017-04-21'),
(73, 6, '0', '2017-04-01', '2017-04-01'),
(74, 6, '0', '2017-03-31', '2017-03-31'),
(75, 6, '0', '2017-04-03', '2017-04-03'),
(76, 6, '195', '2017-04-02', '2017-04-02'),
(77, 6, '95', '2017-04-04', '2017-04-04'),
(78, 6, '100', '2017-04-05', '2017-04-05'),
(79, 6, '0', '2017-04-06', '2017-04-06'),
(80, 6, '0', '2017-04-07', '2017-04-07'),
(81, 6, '0', '2017-04-08', '2017-04-08'),
(82, 6, '100', '2017-04-10', '2017-04-10'),
(83, 6, '300', '2017-04-09', '2017-04-09'),
(84, 6, '100', '2017-04-11', '2017-04-11'),
(85, 6, '100', '2017-04-12', '2017-04-12'),
(86, 6, '0', '2017-04-13', '2017-04-13'),
(87, 6, '85', '2017-04-14', '2017-04-14'),
(88, 6, '85', '2017-04-15', '2017-04-15'),
(89, 6, '100', '2017-04-17', '2017-04-17'),
(90, 6, '500', '2017-04-16', '2017-04-16'),
(91, 6, '100', '2017-04-18', '2017-04-18'),
(92, 6, '100', '2017-04-19', '2017-04-19'),
(93, 6, '100', '2017-04-20', '2017-04-20'),
(94, 6, '100', '2017-04-21', '2017-04-21'),
(95, 7, '0', '2017-04-01', '2017-04-01'),
(96, 7, '0', '2017-03-31', '2017-03-31'),
(97, 7, '0', '2017-04-03', '2017-04-03'),
(98, 7, '195', '2017-04-02', '2017-04-02'),
(99, 7, '95', '2017-04-04', '2017-04-04'),
(100, 7, '100', '2017-04-05', '2017-04-05'),
(101, 7, '0', '2017-04-06', '2017-04-06'),
(102, 7, '0', '2017-04-07', '2017-04-07'),
(103, 7, '0', '2017-04-08', '2017-04-08'),
(104, 7, '100', '2017-04-10', '2017-04-10'),
(105, 7, '300', '2017-04-09', '2017-04-09'),
(106, 7, '100', '2017-04-11', '2017-04-11'),
(107, 7, '100', '2017-04-12', '2017-04-12'),
(108, 7, '0', '2017-04-13', '2017-04-13'),
(109, 7, '85', '2017-04-14', '2017-04-14'),
(110, 7, '85', '2017-04-15', '2017-04-15'),
(111, 7, '100', '2017-04-17', '2017-04-17'),
(112, 7, '500', '2017-04-16', '2017-04-16'),
(113, 7, '100', '2017-04-18', '2017-04-18'),
(114, 7, '100', '2017-04-19', '2017-04-19'),
(115, 7, '100', '2017-04-20', '2017-04-20'),
(116, 7, '100', '2017-04-21', '2017-04-21'),
(117, 8, '0', '2017-04-01', '2017-04-01'),
(118, 8, '0', '2017-03-31', '2017-03-31'),
(119, 8, '0', '2017-04-03', '2017-04-03'),
(120, 8, '195', '2017-04-02', '2017-04-02'),
(121, 8, '95', '2017-04-04', '2017-04-04'),
(122, 8, '100', '2017-04-05', '2017-04-05'),
(123, 8, '0', '2017-04-06', '2017-04-06'),
(124, 8, '0', '2017-04-07', '2017-04-07'),
(125, 8, '0', '2017-04-08', '2017-04-08'),
(126, 8, '100', '2017-04-10', '2017-04-10'),
(127, 8, '300', '2017-04-09', '2017-04-09'),
(128, 8, '100', '2017-04-11', '2017-04-11'),
(129, 8, '100', '2017-04-12', '2017-04-12'),
(130, 8, '0', '2017-04-13', '2017-04-13'),
(131, 8, '85', '2017-04-14', '2017-04-14'),
(132, 8, '85', '2017-04-15', '2017-04-15'),
(133, 8, '100', '2017-04-17', '2017-04-17'),
(134, 8, '500', '2017-04-16', '2017-04-16'),
(135, 8, '100', '2017-04-18', '2017-04-18'),
(136, 8, '100', '2017-04-19', '2017-04-19'),
(137, 8, '100', '2017-04-20', '2017-04-20'),
(138, 8, '100', '2017-04-21', '2017-04-21'),
(139, 9, '0', '2017-04-01', '2017-04-01'),
(140, 9, '0', '2017-03-31', '2017-03-31'),
(141, 9, '0', '2017-04-03', '2017-04-03'),
(142, 9, '195', '2017-04-02', '2017-04-02'),
(143, 9, '95', '2017-04-04', '2017-04-04'),
(144, 9, '100', '2017-04-05', '2017-04-05'),
(145, 9, '0', '2017-04-06', '2017-04-06'),
(146, 9, '0', '2017-04-07', '2017-04-07'),
(147, 9, '0', '2017-04-08', '2017-04-08'),
(148, 9, '100', '2017-04-10', '2017-04-10'),
(149, 9, '300', '2017-04-09', '2017-04-09'),
(150, 9, '100', '2017-04-11', '2017-04-11'),
(151, 9, '100', '2017-04-12', '2017-04-12'),
(152, 9, '0', '2017-04-13', '2017-04-13'),
(153, 9, '85', '2017-04-14', '2017-04-14'),
(154, 9, '85', '2017-04-15', '2017-04-15'),
(155, 9, '100', '2017-04-17', '2017-04-17'),
(156, 9, '500', '2017-04-16', '2017-04-16'),
(157, 9, '100', '2017-04-18', '2017-04-18'),
(158, 9, '100', '2017-04-19', '2017-04-19'),
(159, 9, '100', '2017-04-20', '2017-04-20'),
(160, 9, '100', '2017-04-21', '2017-04-21'),
(161, 11, '0', '2017-04-01', '2017-04-01'),
(162, 11, '0', '2017-03-31', '2017-03-31'),
(163, 11, '0', '2017-04-03', '2017-04-03'),
(164, 11, '195', '2017-04-02', '2017-04-02'),
(165, 11, '95', '2017-04-04', '2017-04-04'),
(166, 11, '100', '2017-04-05', '2017-04-05'),
(167, 11, '0', '2017-04-06', '2017-04-06'),
(168, 11, '0', '2017-04-07', '2017-04-07'),
(169, 11, '0', '2017-04-08', '2017-04-08'),
(170, 11, '100', '2017-04-10', '2017-04-10'),
(171, 11, '300', '2017-04-09', '2017-04-09'),
(172, 11, '100', '2017-04-11', '2017-04-11'),
(173, 11, '100', '2017-04-12', '2017-04-12'),
(174, 11, '0', '2017-04-13', '2017-04-13'),
(175, 11, '85', '2017-04-14', '2017-04-14'),
(176, 11, '85', '2017-04-15', '2017-04-15'),
(177, 11, '100', '2017-04-17', '2017-04-17'),
(178, 11, '500', '2017-04-16', '2017-04-16'),
(179, 11, '100', '2017-04-18', '2017-04-18'),
(180, 11, '100', '2017-04-19', '2017-04-19'),
(181, 11, '100', '2017-04-20', '2017-04-20'),
(182, 11, '100', '2017-04-21', '2017-04-21'),
(183, 12, '0', '2017-04-01', '2017-04-01'),
(184, 12, '0', '2017-03-31', '2017-03-31'),
(185, 12, '0', '2017-04-03', '2017-04-03'),
(186, 12, '195', '2017-04-02', '2017-04-02'),
(187, 12, '95', '2017-04-04', '2017-04-04'),
(188, 12, '100', '2017-04-05', '2017-04-05'),
(189, 12, '0', '2017-04-06', '2017-04-06'),
(190, 12, '0', '2017-04-07', '2017-04-07'),
(191, 12, '0', '2017-04-08', '2017-04-08'),
(192, 12, '100', '2017-04-10', '2017-04-10'),
(193, 12, '300', '2017-04-09', '2017-04-09'),
(194, 12, '100', '2017-04-11', '2017-04-11'),
(195, 12, '100', '2017-04-12', '2017-04-12'),
(196, 12, '0', '2017-04-13', '2017-04-13'),
(197, 12, '85', '2017-04-14', '2017-04-14'),
(198, 12, '85', '2017-04-15', '2017-04-15'),
(199, 12, '100', '2017-04-17', '2017-04-17'),
(200, 12, '500', '2017-04-16', '2017-04-16'),
(201, 12, '100', '2017-04-18', '2017-04-18'),
(202, 12, '100', '2017-04-19', '2017-04-19'),
(203, 12, '100', '2017-04-20', '2017-04-20'),
(204, 12, '100', '2017-04-21', '2017-04-21'),
(205, 13, '0', '2017-04-01', '2017-04-01'),
(206, 13, '0', '2017-03-31', '2017-03-31'),
(207, 13, '0', '2017-04-03', '2017-04-03'),
(208, 13, '195', '2017-04-02', '2017-04-02'),
(209, 13, '95', '2017-04-04', '2017-04-04'),
(210, 13, '100', '2017-04-05', '2017-04-05'),
(211, 13, '0', '2017-04-06', '2017-04-06'),
(212, 13, '0', '2017-04-07', '2017-04-07'),
(213, 13, '0', '2017-04-08', '2017-04-08'),
(214, 13, '100', '2017-04-10', '2017-04-10'),
(215, 13, '300', '2017-04-09', '2017-04-09'),
(216, 13, '100', '2017-04-11', '2017-04-11'),
(217, 13, '100', '2017-04-12', '2017-04-12'),
(218, 13, '0', '2017-04-13', '2017-04-13'),
(219, 13, '85', '2017-04-14', '2017-04-14'),
(220, 13, '85', '2017-04-15', '2017-04-15'),
(221, 13, '100', '2017-04-17', '2017-04-17'),
(222, 13, '500', '2017-04-16', '2017-04-16'),
(223, 13, '100', '2017-04-18', '2017-04-18'),
(224, 13, '100', '2017-04-19', '2017-04-19'),
(225, 13, '100', '2017-04-20', '2017-04-20'),
(226, 13, '100', '2017-04-21', '2017-04-21'),
(227, 14, '0', '2017-04-01', '2017-04-01'),
(228, 14, '0', '2017-03-31', '2017-03-31'),
(229, 14, '0', '2017-04-03', '2017-04-03'),
(230, 14, '195', '2017-04-02', '2017-04-02'),
(231, 14, '95', '2017-04-04', '2017-04-04'),
(232, 14, '100', '2017-04-05', '2017-04-05'),
(233, 14, '0', '2017-04-06', '2017-04-06'),
(234, 14, '0', '2017-04-07', '2017-04-07'),
(235, 14, '0', '2017-04-08', '2017-04-08'),
(236, 14, '100', '2017-04-10', '2017-04-10'),
(237, 14, '300', '2017-04-09', '2017-04-09'),
(238, 14, '100', '2017-04-11', '2017-04-11'),
(239, 14, '100', '2017-04-12', '2017-04-12'),
(240, 14, '0', '2017-04-13', '2017-04-13'),
(241, 14, '85', '2017-04-14', '2017-04-14'),
(242, 14, '85', '2017-04-15', '2017-04-15'),
(243, 14, '100', '2017-04-17', '2017-04-17'),
(244, 14, '500', '2017-04-16', '2017-04-16'),
(245, 14, '100', '2017-04-18', '2017-04-18'),
(246, 14, '100', '2017-04-19', '2017-04-19'),
(247, 14, '100', '2017-04-20', '2017-04-20'),
(248, 14, '100', '2017-04-21', '2017-04-21'),
(249, 15, '0', '2017-04-01', '2017-04-01'),
(250, 15, '0', '2017-03-31', '2017-03-31'),
(251, 15, '0', '2017-04-03', '2017-04-03'),
(252, 15, '195', '2017-04-02', '2017-04-02'),
(253, 15, '95', '2017-04-04', '2017-04-04'),
(254, 15, '100', '2017-04-05', '2017-04-05'),
(255, 15, '0', '2017-04-06', '2017-04-06'),
(256, 15, '0', '2017-04-07', '2017-04-07'),
(257, 15, '0', '2017-04-08', '2017-04-08'),
(258, 15, '100', '2017-04-10', '2017-04-10'),
(259, 15, '300', '2017-04-09', '2017-04-09'),
(260, 15, '100', '2017-04-11', '2017-04-11'),
(261, 15, '100', '2017-04-12', '2017-04-12'),
(262, 15, '0', '2017-04-13', '2017-04-13'),
(263, 15, '85', '2017-04-14', '2017-04-14'),
(264, 15, '85', '2017-04-15', '2017-04-15'),
(265, 15, '100', '2017-04-17', '2017-04-17'),
(266, 15, '500', '2017-04-16', '2017-04-16'),
(267, 15, '100', '2017-04-18', '2017-04-18'),
(268, 15, '100', '2017-04-19', '2017-04-19'),
(269, 15, '100', '2017-04-20', '2017-04-20'),
(270, 15, '100', '2017-04-21', '2017-04-21'),
(271, 45, '0', '2017-04-01', '2017-04-01'),
(272, 45, '0', '2017-03-31', '2017-03-31'),
(273, 45, '0', '2017-04-03', '2017-04-03'),
(274, 45, '195', '2017-04-02', '2017-04-02'),
(275, 45, '95', '2017-04-04', '2017-04-04'),
(276, 45, '100', '2017-04-05', '2017-04-05'),
(277, 45, '0', '2017-04-06', '2017-04-06'),
(278, 45, '0', '2017-04-07', '2017-04-07'),
(279, 45, '0', '2017-04-08', '2017-04-08'),
(280, 45, '100', '2017-04-10', '2017-04-10'),
(281, 45, '300', '2017-04-09', '2017-04-09'),
(282, 45, '100', '2017-04-11', '2017-04-11'),
(283, 45, '100', '2017-04-12', '2017-04-12'),
(284, 45, '0', '2017-04-13', '2017-04-13'),
(285, 45, '85', '2017-04-14', '2017-04-14'),
(286, 45, '85', '2017-04-15', '2017-04-15'),
(287, 45, '100', '2017-04-17', '2017-04-17'),
(288, 45, '500', '2017-04-16', '2017-04-16'),
(289, 45, '100', '2017-04-18', '2017-04-18'),
(290, 45, '100', '2017-04-19', '2017-04-19'),
(291, 45, '100', '2017-04-20', '2017-04-20'),
(292, 45, '100', '2017-04-21', '2017-04-21'),
(293, 61, '0', '2017-04-01', '2017-04-01'),
(294, 61, '0', '2017-03-31', '2017-03-31'),
(295, 61, '0', '2017-04-03', '2017-04-03'),
(296, 61, '195', '2017-04-02', '2017-04-02'),
(297, 61, '95', '2017-04-04', '2017-04-04'),
(298, 61, '100', '2017-04-05', '2017-04-05'),
(299, 61, '0', '2017-04-06', '2017-04-06'),
(300, 61, '0', '2017-04-07', '2017-04-07'),
(301, 61, '0', '2017-04-08', '2017-04-08'),
(302, 61, '100', '2017-04-10', '2017-04-10'),
(303, 61, '300', '2017-04-09', '2017-04-09'),
(304, 61, '100', '2017-04-11', '2017-04-11'),
(305, 61, '100', '2017-04-12', '2017-04-12'),
(306, 61, '0', '2017-04-13', '2017-04-13'),
(307, 61, '85', '2017-04-14', '2017-04-14'),
(308, 61, '85', '2017-04-15', '2017-04-15'),
(309, 61, '100', '2017-04-17', '2017-04-17'),
(310, 61, '500', '2017-04-16', '2017-04-16'),
(311, 61, '100', '2017-04-18', '2017-04-18'),
(312, 61, '100', '2017-04-19', '2017-04-19'),
(313, 61, '100', '2017-04-20', '2017-04-20'),
(314, 61, '100', '2017-04-21', '2017-04-21'),
(315, 1, '100', '2017-04-22', '2017-04-22'),
(316, 3, '100', '2017-04-22', '2017-04-22'),
(317, 66, '0', '2017-04-01', '2017-04-01'),
(318, 66, '0', '2017-03-31', '2017-03-31'),
(319, 66, '100', '2017-04-19', '2017-04-19'),
(320, 66, '300', '2017-04-16', '2017-04-16'),
(321, 66, '100', '2017-04-20', '2017-04-20'),
(322, 66, '100', '2017-04-21', '2017-04-21'),
(323, 66, '100', '2017-04-22', '2017-04-22'),
(324, 10, '85', '2017-04-15', '2017-04-15'),
(325, 10, '85', '2017-04-14', '2017-04-14'),
(326, 10, '100', '2017-04-17', '2017-04-17'),
(327, 10, '500', '2017-04-16', '2017-04-16'),
(328, 10, '100', '2017-04-18', '2017-04-18'),
(329, 10, '100', '2017-04-19', '2017-04-19'),
(330, 10, '100', '2017-04-20', '2017-04-20'),
(331, 10, '100', '2017-04-21', '2017-04-21'),
(332, 10, '100', '2017-04-22', '2017-04-22'),
(333, 23, '100', '2017-04-01', '2017-04-01'),
(334, 23, '100', '2017-03-31', '2017-03-31'),
(335, 23, '100', '2017-04-03', '2017-04-03'),
(336, 23, '475', '2017-04-02', '2017-04-02'),
(337, 23, '95', '2017-04-04', '2017-04-04'),
(338, 23, '100', '2017-04-05', '2017-04-05'),
(339, 23, '95', '2017-04-06', '2017-04-06'),
(340, 23, '100', '2017-04-07', '2017-04-07'),
(341, 23, '100', '2017-04-08', '2017-04-08'),
(342, 23, '95', '2017-04-10', '2017-04-10'),
(343, 23, '275', '2017-04-09', '2017-04-09'),
(344, 23, '95', '2017-04-11', '2017-04-11'),
(345, 23, '85', '2017-04-12', '2017-04-12'),
(346, 23, '0', '2017-04-13', '2017-04-13'),
(347, 23, '85', '2017-04-14', '2017-04-14'),
(348, 23, '85', '2017-04-15', '2017-04-15'),
(349, 23, '85', '2017-04-17', '2017-04-17'),
(350, 23, '450', '2017-04-16', '2017-04-16'),
(351, 23, '85', '2017-04-18', '2017-04-18'),
(352, 23, '100', '2017-04-19', '2017-04-19'),
(353, 23, '95', '2017-04-20', '2017-04-20'),
(354, 23, '95', '2017-04-21', '2017-04-21'),
(355, 23, '95', '2017-04-22', '2017-04-22'),
(356, 21, '100', '2017-04-01', '2017-04-01'),
(357, 21, '100', '2017-03-31', '2017-03-31'),
(358, 21, '100', '2017-04-03', '2017-04-03'),
(359, 21, '475', '2017-04-02', '2017-04-02'),
(360, 21, '95', '2017-04-04', '2017-04-04'),
(361, 21, '100', '2017-04-05', '2017-04-05'),
(362, 21, '95', '2017-04-06', '2017-04-06'),
(363, 21, '100', '2017-04-07', '2017-04-07'),
(364, 21, '100', '2017-04-08', '2017-04-08'),
(365, 21, '95', '2017-04-10', '2017-04-10'),
(366, 21, '275', '2017-04-09', '2017-04-09'),
(367, 21, '95', '2017-04-11', '2017-04-11'),
(368, 21, '85', '2017-04-12', '2017-04-12'),
(369, 21, '0', '2017-04-13', '2017-04-13'),
(370, 21, '0', '2017-04-14', '2017-04-14'),
(371, 21, '0', '2017-04-15', '2017-04-15'),
(372, 21, '85', '2017-04-17', '2017-04-17'),
(373, 21, '450', '2017-04-16', '2017-04-16'),
(374, 21, '85', '2017-04-18', '2017-04-18'),
(375, 21, '100', '2017-04-19', '2017-04-19'),
(376, 21, '95', '2017-04-20', '2017-04-20'),
(377, 21, '95', '2017-04-21', '2017-04-21'),
(378, 21, '95', '2017-04-22', '2017-04-22'),
(379, 67, '100', '2017-04-01', '2017-04-01'),
(380, 67, '100', '2017-03-31', '2017-03-31'),
(381, 67, '100', '2017-04-03', '2017-04-03'),
(382, 67, '475', '2017-04-02', '2017-04-02'),
(383, 67, '95', '2017-04-04', '2017-04-04'),
(384, 67, '100', '2017-04-05', '2017-04-05'),
(385, 67, '95', '2017-04-06', '2017-04-06'),
(386, 67, '100', '2017-04-07', '2017-04-07'),
(387, 67, '100', '2017-04-08', '2017-04-08'),
(388, 67, '95', '2017-04-10', '2017-04-10'),
(389, 67, '275', '2017-04-09', '2017-04-09'),
(390, 67, '95', '2017-04-11', '2017-04-11'),
(391, 67, '85', '2017-04-12', '2017-04-12'),
(392, 67, '0', '2017-04-13', '2017-04-13'),
(393, 67, '0', '2017-04-14', '2017-04-14'),
(394, 67, '0', '2017-04-15', '2017-04-15'),
(395, 67, '85', '2017-04-17', '2017-04-17'),
(396, 67, '450', '2017-04-16', '2017-04-16'),
(397, 67, '85', '2017-04-18', '2017-04-18'),
(398, 67, '100', '2017-04-19', '2017-04-19'),
(399, 67, '95', '2017-04-20', '2017-04-20'),
(400, 67, '95', '2017-04-21', '2017-04-21'),
(401, 67, '95', '2017-04-22', '2017-04-22'),
(402, 24, '100', '2017-04-01', '2017-04-01'),
(403, 24, '100', '2017-03-31', '2017-03-31'),
(404, 24, '100', '2017-04-03', '2017-04-03'),
(405, 24, '475', '2017-04-02', '2017-04-02'),
(406, 24, '95', '2017-04-04', '2017-04-04'),
(407, 24, '100', '2017-04-05', '2017-04-05'),
(408, 24, '95', '2017-04-06', '2017-04-06'),
(409, 24, '100', '2017-04-07', '2017-04-07'),
(410, 24, '100', '2017-04-08', '2017-04-08'),
(411, 24, '95', '2017-04-10', '2017-04-10'),
(412, 24, '275', '2017-04-09', '2017-04-09'),
(413, 24, '95', '2017-04-11', '2017-04-11'),
(414, 24, '85', '2017-04-12', '2017-04-12'),
(415, 24, '0', '2017-04-13', '2017-04-13'),
(416, 24, '0', '2017-04-14', '2017-04-14'),
(417, 24, '0', '2017-04-15', '2017-04-15'),
(418, 24, '85', '2017-04-17', '2017-04-17'),
(419, 24, '450', '2017-04-16', '2017-04-16'),
(420, 24, '85', '2017-04-18', '2017-04-18'),
(421, 24, '100', '2017-04-19', '2017-04-19'),
(422, 24, '95', '2017-04-20', '2017-04-20'),
(423, 24, '95', '2017-04-21', '2017-04-21'),
(424, 24, '95', '2017-04-22', '2017-04-22'),
(425, 17, '100', '2017-04-01', '2017-04-01'),
(426, 17, '100', '2017-03-31', '2017-03-31'),
(427, 17, '100', '2017-04-03', '2017-04-03'),
(428, 17, '475', '2017-04-02', '2017-04-02'),
(429, 17, '95', '2017-04-04', '2017-04-04'),
(430, 17, '100', '2017-04-05', '2017-04-05'),
(431, 17, '95', '2017-04-06', '2017-04-06'),
(432, 17, '100', '2017-04-07', '2017-04-07'),
(433, 17, '100', '2017-04-08', '2017-04-08'),
(434, 17, '95', '2017-04-10', '2017-04-10'),
(435, 17, '275', '2017-04-09', '2017-04-09'),
(436, 17, '95', '2017-04-11', '2017-04-11'),
(437, 17, '85', '2017-04-12', '2017-04-12'),
(438, 17, '0', '2017-04-13', '2017-04-13'),
(439, 17, '0', '2017-04-14', '2017-04-14'),
(440, 17, '0', '2017-04-15', '2017-04-15'),
(441, 17, '85', '2017-04-17', '2017-04-17'),
(442, 17, '450', '2017-04-16', '2017-04-16'),
(443, 17, '85', '2017-04-18', '2017-04-18'),
(444, 17, '100', '2017-04-19', '2017-04-19'),
(445, 17, '95', '2017-04-20', '2017-04-20'),
(446, 17, '95', '2017-04-21', '2017-04-21'),
(447, 17, '95', '2017-04-22', '2017-04-22'),
(448, 26, '100', '2017-04-01', '2017-04-01'),
(449, 26, '0', '2017-03-31', '2017-03-31'),
(450, 26, '100', '2017-04-03', '2017-04-03'),
(451, 26, '475', '2017-04-02', '2017-04-02'),
(452, 26, '0', '2017-03-26', '2017-03-26'),
(453, 26, '95', '2017-04-04', '2017-04-04'),
(454, 26, '100', '2017-04-05', '2017-04-05'),
(455, 26, '95', '2017-04-06', '2017-04-06'),
(456, 26, '100', '2017-04-07', '2017-04-07'),
(457, 26, '100', '2017-04-08', '2017-04-08'),
(458, 26, '95', '2017-04-10', '2017-04-10'),
(459, 26, '275', '2017-04-09', '2017-04-09'),
(460, 26, '95', '2017-04-11', '2017-04-11'),
(461, 26, '85', '2017-04-12', '2017-04-12'),
(462, 26, '0', '2017-04-13', '2017-04-13'),
(463, 26, '0', '2017-04-14', '2017-04-14'),
(464, 26, '0', '2017-04-15', '2017-04-15'),
(465, 26, '85', '2017-04-17', '2017-04-17'),
(466, 26, '450', '2017-04-16', '2017-04-16'),
(467, 26, '85', '2017-04-18', '2017-04-18'),
(468, 26, '100', '2017-04-19', '2017-04-19'),
(469, 26, '95', '2017-04-20', '2017-04-20'),
(470, 26, '95', '2017-04-21', '2017-04-21'),
(471, 26, '95', '2017-04-22', '2017-04-22'),
(472, 18, '100', '2017-04-01', '2017-04-01'),
(473, 18, '0', '2017-03-31', '2017-03-31'),
(474, 18, '0', '2017-03-26', '2017-03-26'),
(475, 18, '100', '2017-04-03', '2017-04-03'),
(476, 18, '475', '2017-04-02', '2017-04-02'),
(477, 18, '95', '2017-04-04', '2017-04-04'),
(478, 18, '100', '2017-04-05', '2017-04-05'),
(479, 18, '95', '2017-04-06', '2017-04-06'),
(480, 18, '100', '2017-04-07', '2017-04-07'),
(481, 18, '100', '2017-04-08', '2017-04-08'),
(482, 18, '95', '2017-04-10', '2017-04-10'),
(483, 18, '275', '2017-04-09', '2017-04-09'),
(484, 18, '95', '2017-04-11', '2017-04-11'),
(485, 18, '85', '2017-04-12', '2017-04-12'),
(486, 18, '0', '2017-04-13', '2017-04-13'),
(487, 18, '0', '2017-04-14', '2017-04-14'),
(488, 18, '0', '2017-04-15', '2017-04-15'),
(489, 18, '85', '2017-04-17', '2017-04-17'),
(490, 18, '450', '2017-04-16', '2017-04-16'),
(491, 18, '85', '2017-04-18', '2017-04-18'),
(492, 18, '100', '2017-04-19', '2017-04-19'),
(493, 18, '95', '2017-04-20', '2017-04-20'),
(494, 18, '95', '2017-04-21', '2017-04-21'),
(495, 18, '95', '2017-04-22', '2017-04-22'),
(496, 19, '100', '2017-04-01', '2017-04-01'),
(497, 19, '100', '2017-03-31', '2017-03-31'),
(498, 19, '100', '2017-04-03', '2017-04-03'),
(499, 19, '475', '2017-04-02', '2017-04-02'),
(500, 19, '95', '2017-04-04', '2017-04-04'),
(501, 19, '100', '2017-04-05', '2017-04-05'),
(502, 19, '95', '2017-04-06', '2017-04-06'),
(503, 19, '100', '2017-04-07', '2017-04-07'),
(504, 19, '100', '2017-04-08', '2017-04-08'),
(505, 19, '95', '2017-04-10', '2017-04-10'),
(506, 19, '275', '2017-04-09', '2017-04-09'),
(507, 19, '95', '2017-04-11', '2017-04-11'),
(508, 19, '85', '2017-04-12', '2017-04-12'),
(509, 19, '0', '2017-04-13', '2017-04-13'),
(510, 19, '0', '2017-04-14', '2017-04-14'),
(511, 19, '0', '2017-04-15', '2017-04-15'),
(512, 19, '85', '2017-04-17', '2017-04-17'),
(513, 19, '450', '2017-04-16', '2017-04-16'),
(514, 19, '85', '2017-04-18', '2017-04-18'),
(515, 19, '100', '2017-04-19', '2017-04-19'),
(516, 19, '95', '2017-04-20', '2017-04-20'),
(517, 19, '100', '2017-04-21', '2017-04-21'),
(518, 19, '100', '2017-04-22', '2017-04-22'),
(519, 28, '100', '2017-04-01', '2017-04-01'),
(520, 28, '100', '2017-03-31', '2017-03-31'),
(521, 28, '100', '2017-04-03', '2017-04-03'),
(522, 28, '475', '2017-04-02', '2017-04-02'),
(523, 28, '95', '2017-04-04', '2017-04-04'),
(524, 28, '100', '2017-04-05', '2017-04-05'),
(525, 28, '95', '2017-04-06', '2017-04-06'),
(526, 28, '100', '2017-04-07', '2017-04-07'),
(527, 28, '100', '2017-04-08', '2017-04-08'),
(528, 28, '95', '2017-04-10', '2017-04-10'),
(529, 28, '275', '2017-04-09', '2017-04-09'),
(530, 28, '95', '2017-04-11', '2017-04-11'),
(531, 28, '85', '2017-04-12', '2017-04-12'),
(532, 28, '0', '2017-04-13', '2017-04-13'),
(533, 28, '0', '2017-04-14', '2017-04-14'),
(534, 28, '0', '2017-04-15', '2017-04-15'),
(535, 28, '85', '2017-04-17', '2017-04-17'),
(536, 28, '450', '2017-04-16', '2017-04-16'),
(537, 28, '85', '2017-04-18', '2017-04-18'),
(538, 28, '100', '2017-04-19', '2017-04-19'),
(539, 28, '95', '2017-04-20', '2017-04-20'),
(540, 28, '95', '2017-04-21', '2017-04-21'),
(541, 28, '95', '2017-04-22', '2017-04-22'),
(542, 25, '100', '2017-04-01', '2017-04-01'),
(543, 25, '100', '2017-03-31', '2017-03-31'),
(544, 25, '100', '2017-04-03', '2017-04-03'),
(545, 25, '475', '2017-04-02', '2017-04-02'),
(546, 25, '95', '2017-04-04', '2017-04-04'),
(547, 25, '100', '2017-04-05', '2017-04-05'),
(548, 25, '95', '2017-04-06', '2017-04-06'),
(549, 25, '100', '2017-04-07', '2017-04-07'),
(550, 25, '100', '2017-04-08', '2017-04-08'),
(551, 25, '95', '2017-04-10', '2017-04-10'),
(552, 25, '275', '2017-04-09', '2017-04-09'),
(553, 25, '95', '2017-04-11', '2017-04-11'),
(554, 25, '85', '2017-04-12', '2017-04-12'),
(555, 25, '0', '2017-04-13', '2017-04-13'),
(556, 25, '0', '2017-04-14', '2017-04-14'),
(557, 25, '0', '2017-04-15', '2017-04-15'),
(558, 25, '85', '2017-04-17', '2017-04-17'),
(559, 25, '450', '2017-04-16', '2017-04-16'),
(560, 25, '85', '2017-04-18', '2017-04-18'),
(561, 25, '100', '2017-04-19', '2017-04-19'),
(562, 25, '95', '2017-04-20', '2017-04-20'),
(563, 25, '95', '2017-04-21', '2017-04-21'),
(564, 25, '95', '2017-04-22', '2017-04-22'),
(565, 68, '0', '2017-04-19', '2017-04-19'),
(566, 68, '190', '2017-04-16', '2017-04-16'),
(567, 68, '95', '2017-04-20', '2017-04-20'),
(568, 68, '95', '2017-04-21', '2017-04-21'),
(569, 68, '95', '2017-04-22', '2017-04-22'),
(570, 32, '100', '2017-04-01', '2017-04-01'),
(571, 32, '100', '2017-03-31', '2017-03-31'),
(572, 32, '0', '2017-04-03', '2017-04-03'),
(573, 32, '370', '2017-04-02', '2017-04-02'),
(574, 32, '85', '2017-04-04', '2017-04-04'),
(575, 32, '85', '2017-04-05', '2017-04-05'),
(576, 32, '100', '2017-04-06', '2017-04-06'),
(577, 32, '85', '2017-04-07', '2017-04-07'),
(578, 32, '85', '2017-04-08', '2017-04-08'),
(579, 32, '100', '2017-04-10', '2017-04-10'),
(580, 32, '195', '2017-04-09', '2017-04-09'),
(581, 32, '95', '2017-04-11', '2017-04-11'),
(582, 32, '0', '2017-04-12', '2017-04-12'),
(583, 32, '0', '2017-04-13', '2017-04-13'),
(584, 32, '0', '2017-04-14', '2017-04-14'),
(585, 32, '0', '2017-04-15', '2017-04-15'),
(586, 32, '85', '2017-04-17', '2017-04-17'),
(587, 32, '480', '2017-04-16', '2017-04-16'),
(588, 32, '100', '2017-04-18', '2017-04-18'),
(589, 32, '100', '2017-04-19', '2017-04-19'),
(590, 32, '100', '2017-04-20', '2017-04-20'),
(591, 32, '95', '2017-04-21', '2017-04-21'),
(592, 32, '95', '2017-04-22', '2017-04-22'),
(593, 34, '100', '2017-04-01', '2017-04-01'),
(594, 34, '100', '2017-03-31', '2017-03-31'),
(595, 34, '0', '2017-04-03', '2017-04-03'),
(596, 34, '370', '2017-04-02', '2017-04-02'),
(597, 34, '85', '2017-04-04', '2017-04-04'),
(598, 34, '85', '2017-04-05', '2017-04-05'),
(599, 34, '100', '2017-04-06', '2017-04-06'),
(600, 34, '85', '2017-04-07', '2017-04-07'),
(601, 34, '85', '2017-04-08', '2017-04-08'),
(602, 34, '100', '2017-04-10', '2017-04-10'),
(603, 34, '195', '2017-04-09', '2017-04-09'),
(604, 34, '95', '2017-04-11', '2017-04-11'),
(605, 34, '0', '2017-04-12', '2017-04-12'),
(606, 34, '0', '2017-04-13', '2017-04-13'),
(607, 34, '0', '2017-04-14', '2017-04-14'),
(608, 34, '0', '2017-04-15', '2017-04-15'),
(609, 34, '85', '2017-04-17', '2017-04-17'),
(610, 34, '480', '2017-04-16', '2017-04-16'),
(611, 34, '100', '2017-04-18', '2017-04-18'),
(612, 34, '100', '2017-04-19', '2017-04-19'),
(613, 34, '100', '2017-04-20', '2017-04-20'),
(614, 34, '95', '2017-04-21', '2017-04-21'),
(615, 34, '95', '2017-04-22', '2017-04-22'),
(616, 40, '100', '2017-04-01', '2017-04-01'),
(617, 40, '100', '2017-03-31', '2017-03-31'),
(618, 40, '0', '2017-04-03', '2017-04-03'),
(619, 40, '370', '2017-04-02', '2017-04-02'),
(620, 40, '85', '2017-04-04', '2017-04-04'),
(621, 40, '85', '2017-04-05', '2017-04-05'),
(622, 40, '100', '2017-04-06', '2017-04-06'),
(623, 40, '85', '2017-04-07', '2017-04-07'),
(624, 40, '85', '2017-04-08', '2017-04-08'),
(625, 40, '100', '2017-04-10', '2017-04-10'),
(626, 40, '195', '2017-04-09', '2017-04-09'),
(627, 40, '95', '2017-04-11', '2017-04-11'),
(628, 40, '0', '2017-04-12', '2017-04-12'),
(629, 40, '0', '2017-04-13', '2017-04-13'),
(630, 40, '0', '2017-04-14', '2017-04-14'),
(631, 40, '0', '2017-04-15', '2017-04-15'),
(632, 40, '85', '2017-04-17', '2017-04-17'),
(633, 40, '480', '2017-04-16', '2017-04-16'),
(634, 40, '100', '2017-04-18', '2017-04-18'),
(635, 40, '100', '2017-04-19', '2017-04-19'),
(636, 40, '100', '2017-04-20', '2017-04-20'),
(637, 40, '95', '2017-04-21', '2017-04-21'),
(638, 40, '95', '2017-04-22', '2017-04-22'),
(639, 33, '100', '2017-04-01', '2017-04-01'),
(640, 33, '100', '2017-03-31', '2017-03-31'),
(641, 33, '0', '2017-04-03', '2017-04-03'),
(642, 33, '370', '2017-04-02', '2017-04-02'),
(643, 33, '85', '2017-04-04', '2017-04-04'),
(644, 33, '85', '2017-04-05', '2017-04-05'),
(645, 33, '100', '2017-04-06', '2017-04-06'),
(646, 33, '85', '2017-04-07', '2017-04-07'),
(647, 33, '85', '2017-04-08', '2017-04-08'),
(648, 33, '100', '2017-04-10', '2017-04-10'),
(649, 33, '195', '2017-04-09', '2017-04-09'),
(650, 33, '95', '2017-04-11', '2017-04-11'),
(651, 33, '0', '2017-04-12', '2017-04-12'),
(652, 33, '0', '2017-04-13', '2017-04-13'),
(653, 33, '0', '2017-04-14', '2017-04-14'),
(654, 33, '0', '2017-04-15', '2017-04-15'),
(655, 33, '85', '2017-04-17', '2017-04-17'),
(656, 33, '480', '2017-04-16', '2017-04-16'),
(657, 33, '100', '2017-04-18', '2017-04-18'),
(658, 33, '100', '2017-04-19', '2017-04-19'),
(659, 33, '100', '2017-04-20', '2017-04-20'),
(660, 33, '95', '2017-04-21', '2017-04-21'),
(661, 33, '95', '2017-04-22', '2017-04-22'),
(662, 41, '100', '2017-04-01', '2017-04-01'),
(663, 41, '100', '2017-03-31', '2017-03-31'),
(664, 41, '0', '2017-04-03', '2017-04-03'),
(665, 41, '370', '2017-04-02', '2017-04-02'),
(666, 41, '85', '2017-04-04', '2017-04-04'),
(667, 41, '85', '2017-04-05', '2017-04-05'),
(668, 41, '100', '2017-04-06', '2017-04-06'),
(669, 41, '85', '2017-04-07', '2017-04-07'),
(670, 41, '85', '2017-04-08', '2017-04-08'),
(671, 41, '100', '2017-04-10', '2017-04-10'),
(672, 41, '195', '2017-04-09', '2017-04-09'),
(673, 41, '95', '2017-04-11', '2017-04-11'),
(674, 41, '0', '2017-04-12', '2017-04-12'),
(675, 41, '0', '2017-04-13', '2017-04-13'),
(676, 41, '0', '2017-04-14', '2017-04-14'),
(677, 41, '0', '2017-04-15', '2017-04-15'),
(678, 41, '85', '2017-04-17', '2017-04-17'),
(679, 41, '480', '2017-04-16', '2017-04-16'),
(680, 41, '100', '2017-04-18', '2017-04-18'),
(681, 41, '100', '2017-04-19', '2017-04-19'),
(682, 41, '100', '2017-04-20', '2017-04-20'),
(683, 41, '95', '2017-04-21', '2017-04-21'),
(684, 41, '95', '2017-04-22', '2017-04-22'),
(685, 42, '100', '2017-04-01', '2017-04-01'),
(686, 42, '100', '2017-03-31', '2017-03-31'),
(687, 42, '0', '2017-04-03', '2017-04-03'),
(688, 42, '370', '2017-04-02', '2017-04-02'),
(689, 42, '85', '2017-04-04', '2017-04-04'),
(690, 42, '85', '2017-04-05', '2017-04-05'),
(691, 42, '100', '2017-04-06', '2017-04-06'),
(692, 42, '85', '2017-04-07', '2017-04-07'),
(693, 42, '85', '2017-04-08', '2017-04-08'),
(694, 42, '100', '2017-04-10', '2017-04-10'),
(695, 42, '195', '2017-04-09', '2017-04-09'),
(696, 42, '95', '2017-04-11', '2017-04-11'),
(697, 42, '0', '2017-04-12', '2017-04-12'),
(698, 42, '0', '2017-04-13', '2017-04-13'),
(699, 42, '0', '2017-04-14', '2017-04-14'),
(700, 42, '0', '2017-04-15', '2017-04-15'),
(701, 42, '85', '2017-04-17', '2017-04-17'),
(702, 42, '480', '2017-04-16', '2017-04-16'),
(703, 42, '100', '2017-04-18', '2017-04-18'),
(704, 42, '100', '2017-04-19', '2017-04-19'),
(705, 42, '100', '2017-04-20', '2017-04-20'),
(706, 42, '95', '2017-04-21', '2017-04-21'),
(707, 42, '95', '2017-04-22', '2017-04-22'),
(708, 35, '100', '2017-04-01', '2017-04-01'),
(709, 35, '100', '2017-03-31', '2017-03-31'),
(710, 35, '0', '2017-04-03', '2017-04-03'),
(711, 35, '370', '2017-04-02', '2017-04-02'),
(712, 35, '85', '2017-04-04', '2017-04-04'),
(713, 35, '85', '2017-04-05', '2017-04-05'),
(714, 35, '100', '2017-04-06', '2017-04-06'),
(715, 35, '85', '2017-04-07', '2017-04-07'),
(716, 35, '85', '2017-04-08', '2017-04-08'),
(717, 35, '100', '2017-04-10', '2017-04-10'),
(718, 35, '195', '2017-04-09', '2017-04-09'),
(719, 35, '95', '2017-04-11', '2017-04-11'),
(720, 35, '0', '2017-04-12', '2017-04-12'),
(721, 35, '0', '2017-04-13', '2017-04-13'),
(722, 35, '0', '2017-04-14', '2017-04-14'),
(723, 35, '0', '2017-04-15', '2017-04-15'),
(724, 35, '85', '2017-04-17', '2017-04-17'),
(725, 35, '480', '2017-04-16', '2017-04-16'),
(726, 35, '100', '2017-04-18', '2017-04-18'),
(727, 35, '100', '2017-04-19', '2017-04-19'),
(728, 35, '100', '2017-04-20', '2017-04-20'),
(729, 35, '95', '2017-04-21', '2017-04-21'),
(730, 35, '95', '2017-04-22', '2017-04-22'),
(731, 43, '100', '2017-04-01', '2017-04-01'),
(732, 43, '100', '2017-03-31', '2017-03-31'),
(733, 43, '0', '2017-04-03', '2017-04-03'),
(734, 43, '370', '2017-04-02', '2017-04-02'),
(735, 43, '85', '2017-04-04', '2017-04-04'),
(736, 43, '85', '2017-04-05', '2017-04-05'),
(737, 43, '100', '2017-04-06', '2017-04-06'),
(738, 43, '85', '2017-04-07', '2017-04-07'),
(739, 43, '85', '2017-04-08', '2017-04-08'),
(740, 43, '100', '2017-04-10', '2017-04-10'),
(741, 43, '195', '2017-04-09', '2017-04-09'),
(742, 43, '95', '2017-04-11', '2017-04-11'),
(743, 43, '0', '2017-04-12', '2017-04-12'),
(744, 43, '0', '2017-04-13', '2017-04-13'),
(745, 43, '0', '2017-04-14', '2017-04-14'),
(746, 43, '0', '2017-04-15', '2017-04-15'),
(747, 43, '85', '2017-04-17', '2017-04-17'),
(748, 43, '480', '2017-04-16', '2017-04-16'),
(749, 43, '100', '2017-04-18', '2017-04-18'),
(750, 43, '100', '2017-04-19', '2017-04-19'),
(751, 43, '100', '2017-04-20', '2017-04-20'),
(752, 43, '95', '2017-04-21', '2017-04-21'),
(753, 43, '95', '2017-04-22', '2017-04-22'),
(754, 36, '100', '2017-04-01', '2017-04-01'),
(755, 36, '100', '2017-03-31', '2017-03-31'),
(756, 36, '0', '2017-04-03', '2017-04-03'),
(757, 36, '370', '2017-04-02', '2017-04-02'),
(758, 36, '85', '2017-04-04', '2017-04-04'),
(759, 36, '85', '2017-04-05', '2017-04-05'),
(760, 36, '100', '2017-04-06', '2017-04-06'),
(761, 36, '85', '2017-04-07', '2017-04-07'),
(762, 36, '85', '2017-04-08', '2017-04-08'),
(763, 36, '100', '2017-04-10', '2017-04-10'),
(764, 36, '195', '2017-04-09', '2017-04-09'),
(765, 36, '95', '2017-04-11', '2017-04-11'),
(766, 36, '0', '2017-04-12', '2017-04-12'),
(767, 36, '0', '2017-04-13', '2017-04-13'),
(768, 36, '0', '2017-04-14', '2017-04-14'),
(769, 36, '0', '2017-04-15', '2017-04-15'),
(770, 36, '85', '2017-04-17', '2017-04-17'),
(771, 36, '480', '2017-04-16', '2017-04-16'),
(772, 36, '100', '2017-04-18', '2017-04-18'),
(773, 36, '100', '2017-04-19', '2017-04-19'),
(774, 36, '100', '2017-04-20', '2017-04-20'),
(775, 36, '95', '2017-04-21', '2017-04-21'),
(776, 36, '95', '2017-04-22', '2017-04-22'),
(777, 31, '100', '2017-04-01', '2017-04-01'),
(778, 31, '100', '2017-03-31', '2017-03-31'),
(779, 31, '0', '2017-04-03', '2017-04-03'),
(780, 31, '370', '2017-04-02', '2017-04-02'),
(781, 31, '85', '2017-04-04', '2017-04-04'),
(782, 31, '85', '2017-04-05', '2017-04-05'),
(783, 31, '100', '2017-04-06', '2017-04-06'),
(784, 31, '85', '2017-04-07', '2017-04-07'),
(785, 31, '85', '2017-04-08', '2017-04-08'),
(786, 31, '100', '2017-04-10', '2017-04-10'),
(787, 31, '195', '2017-04-09', '2017-04-09'),
(788, 31, '95', '2017-04-11', '2017-04-11'),
(789, 31, '0', '2017-04-12', '2017-04-12'),
(790, 31, '0', '2017-04-13', '2017-04-13'),
(791, 31, '0', '2017-04-14', '2017-04-14'),
(792, 31, '0', '2017-04-15', '2017-04-15'),
(793, 31, '85', '2017-04-17', '2017-04-17'),
(794, 31, '480', '2017-04-16', '2017-04-16'),
(795, 31, '100', '2017-04-18', '2017-04-18'),
(796, 31, '100', '2017-04-19', '2017-04-19'),
(797, 31, '100', '2017-04-20', '2017-04-20'),
(798, 31, '95', '2017-04-21', '2017-04-21'),
(799, 31, '95', '2017-04-22', '2017-04-22'),
(800, 38, '100', '2017-04-01', '2017-04-01'),
(801, 38, '100', '2017-03-31', '2017-03-31'),
(802, 38, '0', '2017-04-03', '2017-04-03'),
(803, 38, '370', '2017-04-02', '2017-04-02'),
(804, 38, '85', '2017-04-04', '2017-04-04'),
(805, 38, '85', '2017-04-05', '2017-04-05'),
(806, 38, '100', '2017-04-06', '2017-04-06'),
(807, 38, '85', '2017-04-07', '2017-04-07'),
(808, 38, '85', '2017-04-08', '2017-04-08'),
(809, 38, '100', '2017-04-10', '2017-04-10'),
(810, 38, '195', '2017-04-09', '2017-04-09'),
(811, 38, '95', '2017-04-11', '2017-04-11'),
(812, 38, '0', '2017-04-12', '2017-04-12'),
(813, 38, '0', '2017-04-13', '2017-04-13'),
(814, 38, '0', '2017-04-14', '2017-04-14'),
(815, 38, '0', '2017-04-15', '2017-04-15'),
(816, 38, '85', '2017-04-17', '2017-04-17'),
(817, 38, '480', '2017-04-16', '2017-04-16'),
(818, 38, '100', '2017-04-18', '2017-04-18'),
(819, 38, '100', '2017-04-19', '2017-04-19'),
(820, 38, '100', '2017-04-20', '2017-04-20'),
(821, 38, '95', '2017-04-21', '2017-04-21'),
(822, 38, '95', '2017-04-22', '2017-04-22'),
(823, 69, '100', '2017-04-01', '2017-04-01'),
(824, 69, '100', '2017-03-31', '2017-03-31'),
(825, 69, '0', '2017-04-03', '2017-04-03'),
(826, 69, '370', '2017-04-02', '2017-04-02'),
(827, 69, '85', '2017-04-04', '2017-04-04'),
(828, 69, '85', '2017-04-05', '2017-04-05'),
(829, 69, '100', '2017-04-06', '2017-04-06'),
(830, 69, '85', '2017-04-07', '2017-04-07'),
(831, 69, '85', '2017-04-08', '2017-04-08'),
(832, 69, '100', '2017-04-10', '2017-04-10'),
(833, 69, '195', '2017-04-09', '2017-04-09'),
(834, 69, '95', '2017-04-11', '2017-04-11'),
(835, 69, '0', '2017-04-12', '2017-04-12'),
(836, 69, '0', '2017-04-13', '2017-04-13'),
(837, 69, '0', '2017-04-14', '2017-04-14'),
(838, 69, '0', '2017-04-15', '2017-04-15'),
(839, 69, '85', '2017-04-17', '2017-04-17'),
(840, 69, '480', '2017-04-16', '2017-04-16'),
(841, 69, '100', '2017-04-18', '2017-04-18'),
(842, 69, '100', '2017-04-19', '2017-04-19'),
(843, 69, '100', '2017-04-20', '2017-04-20'),
(844, 69, '95', '2017-04-21', '2017-04-21'),
(845, 69, '95', '2017-04-22', '2017-04-22'),
(846, 70, '0', '2017-04-01', '2017-04-01'),
(847, 70, '0', '2017-03-31', '2017-03-31'),
(848, 70, '0', '2017-04-17', '2017-04-17'),
(849, 70, '300', '2017-04-16', '2017-04-16'),
(850, 70, '0', '2017-04-18', '2017-04-18'),
(851, 70, '100', '2017-04-19', '2017-04-19'),
(852, 70, '100', '2017-04-20', '2017-04-20'),
(853, 70, '100', '2017-04-21', '2017-04-21'),
(854, 70, '100', '2017-04-22', '2017-04-22'),
(855, 70, '0', '2017-04-03', '2017-04-03'),
(856, 70, '0', '2017-04-02', '2017-04-02'),
(857, 70, '0', '2017-04-04', '2017-04-04'),
(858, 70, '0', '2017-04-05', '2017-04-05'),
(859, 70, '0', '2017-04-06', '2017-04-06'),
(860, 70, '0', '2017-04-07', '2017-04-07'),
(861, 70, '0', '2017-04-08', '2017-04-08'),
(862, 70, '0', '2017-04-10', '2017-04-10'),
(863, 70, '0', '2017-04-09', '2017-04-09'),
(864, 70, '0', '2017-04-11', '2017-04-11'),
(865, 70, '0', '2017-04-12', '2017-04-12'),
(866, 70, '0', '2017-04-13', '2017-04-13'),
(867, 70, '0', '2017-04-14', '2017-04-14'),
(868, 70, '0', '2017-04-15', '2017-04-15'),
(869, 71, '100', '2017-04-19', '2017-04-19'),
(870, 71, '300', '2017-04-16', '2017-04-16'),
(871, 71, '100', '2017-04-20', '2017-04-20'),
(872, 71, '100', '2017-04-21', '2017-04-21'),
(873, 71, '100', '2017-04-22', '2017-04-22'),
(874, 71, '0', '2017-04-17', '2017-04-17'),
(875, 71, '0', '2017-04-18', '2017-04-18'),
(876, 46, '100', '2017-04-01', '2017-04-01'),
(877, 46, '100', '2017-03-31', '2017-03-31'),
(878, 46, '0', '2017-04-03', '2017-04-03'),
(879, 46, '85', '2017-04-02', '2017-04-02'),
(880, 46, '85', '2017-04-04', '2017-04-04'),
(881, 46, '0', '2017-04-05', '2017-04-05'),
(882, 46, '0', '2017-04-06', '2017-04-06'),
(883, 46, '0', '2017-04-07', '2017-04-07'),
(884, 46, '0', '2017-04-08', '2017-04-08'),
(885, 46, '100', '2017-04-10', '2017-04-10'),
(886, 46, '285', '2017-04-09', '2017-04-09'),
(887, 46, '100', '2017-04-11', '2017-04-11'),
(888, 46, '85', '2017-04-12', '2017-04-12'),
(889, 46, '0', '2017-04-13', '2017-04-13'),
(890, 46, '0', '2017-04-14', '2017-04-14'),
(891, 46, '0', '2017-04-15', '2017-04-15'),
(892, 46, '95', '2017-04-17', '2017-04-17'),
(893, 46, '495', '2017-04-16', '2017-04-16'),
(894, 46, '100', '2017-04-18', '2017-04-18'),
(895, 46, '100', '2017-04-19', '2017-04-19'),
(896, 46, '100', '2017-04-20', '2017-04-20'),
(897, 46, '100', '2017-04-21', '2017-04-21'),
(898, 46, '100', '2017-04-22', '2017-04-22'),
(899, 72, '100', '2017-04-01', '2017-04-01'),
(900, 72, '100', '2017-03-31', '2017-03-31'),
(901, 72, '0', '2017-04-03', '2017-04-03'),
(902, 72, '85', '2017-04-02', '2017-04-02'),
(903, 72, '85', '2017-04-04', '2017-04-04'),
(904, 72, '0', '2017-04-05', '2017-04-05'),
(905, 72, '0', '2017-04-06', '2017-04-06'),
(906, 72, '0', '2017-04-07', '2017-04-07'),
(907, 72, '0', '2017-04-08', '2017-04-08'),
(908, 72, '100', '2017-04-10', '2017-04-10'),
(909, 72, '285', '2017-04-09', '2017-04-09'),
(910, 72, '100', '2017-04-11', '2017-04-11'),
(911, 72, '85', '2017-04-12', '2017-04-12'),
(912, 72, '0', '2017-04-13', '2017-04-13'),
(913, 72, '0', '2017-04-14', '2017-04-14'),
(914, 72, '0', '2017-04-15', '2017-04-15'),
(915, 72, '95', '2017-04-17', '2017-04-17'),
(916, 72, '495', '2017-04-16', '2017-04-16'),
(917, 72, '100', '2017-04-18', '2017-04-18'),
(918, 72, '100', '2017-04-19', '2017-04-19'),
(919, 72, '100', '2017-04-20', '2017-04-20'),
(920, 72, '100', '2017-04-21', '2017-04-21'),
(921, 72, '100', '2017-04-22', '2017-04-22'),
(922, 73, '100', '2017-04-01', '2017-04-01'),
(923, 73, '100', '2017-03-31', '2017-03-31'),
(924, 73, '0', '2017-04-03', '2017-04-03'),
(925, 73, '85', '2017-04-02', '2017-04-02'),
(926, 73, '85', '2017-04-04', '2017-04-04'),
(927, 73, '0', '2017-04-05', '2017-04-05'),
(928, 73, '0', '2017-04-06', '2017-04-06'),
(929, 73, '0', '2017-04-07', '2017-04-07'),
(930, 73, '0', '2017-04-08', '2017-04-08'),
(931, 73, '100', '2017-04-10', '2017-04-10'),
(932, 73, '285', '2017-04-09', '2017-04-09'),
(933, 73, '100', '2017-04-11', '2017-04-11'),
(934, 73, '85', '2017-04-12', '2017-04-12'),
(935, 73, '0', '2017-04-13', '2017-04-13'),
(936, 73, '0', '2017-04-14', '2017-04-14'),
(937, 73, '0', '2017-04-15', '2017-04-15'),
(938, 73, '95', '2017-04-17', '2017-04-17'),
(939, 73, '495', '2017-04-16', '2017-04-16'),
(940, 73, '100', '2017-04-18', '2017-04-18'),
(941, 73, '100', '2017-04-19', '2017-04-19'),
(942, 73, '100', '2017-04-20', '2017-04-20'),
(943, 73, '100', '2017-04-21', '2017-04-21'),
(944, 73, '100', '2017-04-22', '2017-04-22');

-- --------------------------------------------------------

--
-- Estructura de tabla para la tabla `cargo`
--

CREATE TABLE IF NOT EXISTS `cargo` (
  `IdCg` int(11) NOT NULL AUTO_INCREMENT,
  `Descripcion` varchar(50) NOT NULL,
  `Activo` int(10) NOT NULL,
  PRIMARY KEY (`IdCg`)
) ENGINE=InnoDB  DEFAULT CHARSET=latin1 AUTO_INCREMENT=10 ;

--
-- Volcar la base de datos para la tabla `cargo`
--

INSERT INTO `cargo` (`IdCg`, `Descripcion`, `Activo`) VALUES
(1, 'Auxiliar', 0),
(2, 'Cortador', 0),
(3, 'Corte Empaque 1rio', 0),
(4, 'Empaque', 0),
(5, 'Plancha', 0),
(6, 'Seleccion', 0),
(7, 'Selladora', 0),
(8, 'Soporte', 0),
(9, 'Rebobinador', 0);

-- --------------------------------------------------------

--
-- Estructura de tabla para la tabla `horario`
--

CREATE TABLE IF NOT EXISTS `horario` (
  `IdTn` int(11) NOT NULL AUTO_INCREMENT,
  `Descripcion` varchar(50) NOT NULL,
  `Activo` int(10) NOT NULL,
  PRIMARY KEY (`IdTn`)
) ENGINE=InnoDB  DEFAULT CHARSET=latin1 ROW_FORMAT=COMPACT AUTO_INCREMENT=4 ;

--
-- Volcar la base de datos para la tabla `horario`
--

INSERT INTO `horario` (`IdTn`, `Descripcion`, `Activo`) VALUES
(1, '06:00 AM - 02:30 PM', 0),
(2, '02:30 PM - 10:00 PM', 0),
(3, '10:00 PM - 06:00 AM', 0);

-- --------------------------------------------------------

--
-- Estructura de tabla para la tabla `log_transac`
--

CREATE TABLE IF NOT EXISTS `log_transac` (
  `Grupo` varchar(100) NOT NULL,
  `Us_name` varchar(100) NOT NULL,
  `Date_Reg` datetime NOT NULL,
  `Descripcion` varchar(255) DEFAULT NULL
) ENGINE=InnoDB DEFAULT CHARSET=latin1 ROW_FORMAT=DYNAMIC;

--
-- Volcar la base de datos para la tabla `log_transac`
--

INSERT INTO `log_transac` (`Grupo`, `Us_name`, `Date_Reg`, `Descripcion`) VALUES
('0', 'admin ID=> 1', '2017-04-18 15:28:55', 'Ingreso al sistema'),
('0', 'admin ID=> 1', '2017-04-18 15:30:37', 'Ingreso al sistema'),
('0', 'admin ID=> 1', '2017-04-18 15:31:00', 'Ingreso al sistema'),
('0', 'admin ID=> 1', '2017-04-18 15:34:15', 'Ingreso al sistema'),
('0', 'admin ID=> 1', '2017-04-18 15:43:54', 'Ingreso al sistema'),
('0', 'sc01 ID=> 2', '2017-04-18 15:45:00', 'Ingreso al sistema'),
('0', 'sc01 ID=> 2', '2017-04-18 15:45:20', 'Ingreso al sistema'),
('0', 'sc01 ID=> 2', '2017-04-18 15:50:52', 'Ingreso al sistema'),
('0', 'sc01 ID=> 2', '2017-04-18 15:58:24', 'Ingreso al sistema'),
('0', 'sc01 ID=> 2', '2017-04-18 15:59:40', 'Ingreso al sistema'),
('0', 'admin ID=> 1', '2017-04-18 16:20:46', 'Ingreso al sistema'),
('0', 'jluna ID=> 3', '2017-04-18 16:22:27', 'Ingreso al sistema'),
('0', 'admin ID=> 1', '2017-04-18 16:23:05', 'Ingreso al sistema'),
('0', 'jluna ID=> 3', '2017-04-18 17:11:41', 'Ingreso al sistema'),
('0', 'admin ID=> 1', '2017-04-19 12:05:11', 'Ingreso al sistema'),
('0', 'sc01 ID=> 2', '2017-04-20 11:49:33', 'Ingreso al sistema'),
('0', 'sc01 ID=> 2', '2017-04-20 11:51:14', 'Ingreso al sistema'),
('0', 'sc01 ID=> 2', '2017-04-20 13:21:41', 'Ingreso al sistema'),
('0', 'admin ID=> 1', '2017-04-20 14:01:45', 'Ingreso al sistema'),
('0', 'admin ID=> 1', '2017-04-20 15:09:03', 'Ingreso al sistema'),
('0', 'sc01 ID=> 2', '2017-04-21 08:16:35', 'Ingreso al sistema'),
('0', 'sc01 ID=> 2', '2017-04-21 09:31:26', 'Ingreso al sistema'),
('0', 'admin ID=> 1', '2017-04-21 09:41:30', 'Ingreso al sistema'),
('0', 'sc01 ID=> 2', '2017-04-21 10:18:46', 'Ingreso al sistema'),
('0', 'admin ID=> 1', '2017-04-21 10:29:39', 'Ingreso al sistema'),
('0', 'admin ID=> 1', '2017-04-21 10:32:33', 'Ingreso al sistema'),
('0', 'admin ID=> 1', '2017-04-21 10:40:26', 'Ingreso al sistema'),
('0', 'sc01 ID=> 2', '2017-04-21 15:46:04', 'Ingreso al sistema'),
('0', 'sc01 ID=> 2', '2017-04-22 11:32:36', 'Ingreso al sistema'),
('0', 'sc01 ID=> 2', '2017-04-22 14:07:38', 'Ingreso al sistema'),
('0', 'sc01 ID=> 2', '2017-04-23 08:47:59', 'Ingreso al sistema'),
('0', 'admin ID=> 1', '2017-04-23 19:20:35', 'Ingreso al sistema'),
('0', 'sc01 ID=> 2', '2017-04-24 10:03:27', 'Ingreso al sistema');

-- --------------------------------------------------------

--
-- Estructura de tabla para la tabla `rol`
--

CREATE TABLE IF NOT EXISTS `rol` (
  `IdRol` int(11) NOT NULL AUTO_INCREMENT,
  `Descripcion` varchar(50) NOT NULL,
  PRIMARY KEY (`IdRol`)
) ENGINE=InnoDB  DEFAULT CHARSET=latin1 AUTO_INCREMENT=3 ;

--
-- Volcar la base de datos para la tabla `rol`
--

INSERT INTO `rol` (`IdRol`, `Descripcion`) VALUES
(1, 'Administrador'),
(2, 'Digitador');

-- --------------------------------------------------------

--
-- Estructura de tabla para la tabla `user`
--

CREATE TABLE IF NOT EXISTS `user` (
  `IdUser` int(11) NOT NULL AUTO_INCREMENT,
  `User` varchar(50) NOT NULL,
  `Name` varchar(100) NOT NULL,
  `Pass` varchar(50) NOT NULL,
  `Access` int(3) NOT NULL,
  `Date_Creat` date NOT NULL,
  `Active` int(1) NOT NULL,
  PRIMARY KEY (`IdUser`)
) ENGINE=InnoDB  DEFAULT CHARSET=latin1 ROW_FORMAT=COMPACT AUTO_INCREMENT=5 ;

--
-- Volcar la base de datos para la tabla `user`
--

INSERT INTO `user` (`IdUser`, `User`, `Name`, `Pass`, `Access`, `Date_Creat`, `Active`) VALUES
(1, 'admin', 'Administrador', 'a7m1425.', 1, '2017-04-01', 0),
(2, 'sc01', 'Roberto Dolores Carrion Baena', 'sc1804', 2, '2017-04-18', 0),
(3, 'jluna', 'Joseph Enrique Luna Herrera', 'luna1234', 1, '2017-04-18', 0),
(4, 'maryan', 'mespinoza', 'a7m1425', 1, '2017-04-21', 1);

-- --------------------------------------------------------

--
-- Estructura de tabla para la tabla `work`
--

CREATE TABLE IF NOT EXISTS `work` (
  `IdTb` int(11) NOT NULL AUTO_INCREMENT,
  `NombreC` varchar(150) NOT NULL,
  `Cargo` varchar(50) NOT NULL,
  `Horario` varchar(50) NOT NULL,
  `Activo` int(1) NOT NULL,
  PRIMARY KEY (`IdTb`)
) ENGINE=InnoDB  DEFAULT CHARSET=latin1 AUTO_INCREMENT=74 ;

--
-- Volcar la base de datos para la tabla `work`
--

INSERT INTO `work` (`IdTb`, `NombreC`, `Cargo`, `Horario`, `Activo`) VALUES
(1, 'Claudia Lopez', 'Soporte', '06:00 AM - 02:30 PM', 0),
(2, 'Christian Lopez', 'Rebobinador', '06:00 AM - 02:30 PM', 0),
(3, 'Jose Adan Mejia', 'Auxiliar', '06:00 AM - 02:30 PM', 0),
(4, 'Eddy Ampie', 'Cortador', '06:00 AM - 02:30 PM', 0),
(5, 'Arelis Reyes', 'Seleccion', '06:00 AM - 02:30 PM', 0),
(6, 'Silvia Maricela Penado Garcia', 'Seleccion', '06:00 AM - 02:30 PM', 0),
(7, 'Yara Lidia Solis Patterson', 'Plancha', '06:00 AM - 02:30 PM', 0),
(8, 'Leydi del Socorro Murillo Aguilar', 'Plancha', '06:00 AM - 02:30 PM', 0),
(9, 'Norma del Socorro Molina Hurtado', 'Empaque', '06:00 AM - 02:30 PM', 0),
(10, 'Yenny Elizabeth Mayorquin Perez', 'Plancha', '06:00 AM - 02:30 PM', 0),
(11, 'Ivanovat Cristhy Flores Robleto', 'Empaque', '06:00 AM - 02:30 PM', 0),
(12, 'Karla Ninoska Lopez Mora', 'Corte%20Empaque%201rio', '06:00 AM - 02:30 PM', 0),
(13, 'Yamileth de los Angeles Guzman Garcia', 'Seleccion', '06:00 AM - 02:30 PM', 0),
(14, 'Doris Lisseth Torres Mendez', 'Empaque', '06:00 AM - 02:30 PM', 0),
(15, 'Johanna Maria Celada Solis', 'Plancha', '06:00 AM - 02:30 PM', 0),
(16, 'Jose Luis Muñoz Flores', 'Auxiliar', '06:00 AM - 02:30 PM', 0),
(17, 'Elda Rosa Quiroz Moraga', 'Soporte', '06:00 AM - 02:30 PM', 0),
(18, 'Wuilder Hernan Rivas Benvides', 'Empaque', '06:00 AM - 02:30 PM', 0),
(19, 'Emmanuel Ignacio Alvarez Aleman', 'Cortador', '06:00 AM - 02:30 PM', 0),
(20, 'Anielka Patricia Torres', 'Plancha', '06:00 AM - 02:30 PM', 0),
(21, 'Lisseth de los Angeles Sanchez', 'Plancha', '06:00 AM - 02:30 PM', 0),
(22, 'Angela Magdalena Real Calero', 'Empaque', '06:00 AM - 02:30 PM', 1),
(23, 'Rosa Ileana Valerio Doña', 'Plancha', '06:00 AM - 02:30 PM', 0),
(24, 'Maria Del Carmen Mora Urbina', 'Plancha', '06:00 AM - 02:30 PM', 0),
(25, 'Marjoury De Los Angeles Valle Hernandez', 'Plancha', '06:00 AM - 02:30 PM', 0),
(26, 'Maria Esther Martinez Garcia', 'Corte%20Empaque%201rio', '06:00 AM - 02:30 PM', 0),
(27, 'Noriel Daniel Juarez Cordoba', 'Rebobinador', '06:00 AM - 02:30 PM', 0),
(28, 'Norma Sugey Valle Obando', 'Seleccion', '06:00 AM - 02:30 PM', 0),
(29, 'Marlena del Rosario Guevara Carballo', 'Soporte', '06:00 AM - 02:30 PM', 0),
(30, 'Juan Carlos Reyes Obregon', 'Rebobinador', '06:00 AM - 02:30 PM', 0),
(31, 'Oscar Antonio Castillo Jarquin', 'Cortador', '06:00 AM - 02:30 PM', 0),
(32, 'Quiana Ninoska Hernandez Lopez', 'Plancha', '06:00 AM - 02:30 PM', 0),
(33, 'Martha Isabel Fargas Padilla', 'Selladora', '06:00 AM - 02:30 PM', 0),
(34, 'Eva del Rosario Urbina Calero', 'Corte%20Empaque%201rio', '06:00 AM - 02:30 PM', 0),
(35, 'Estherlina Jahoska Alvarez Murillo', 'Plancha', '06:00 AM - 02:30 PM', 0),
(36, 'Carolina Espinoza Mejia', 'Seleccion', '06:00 AM - 02:30 PM', 0),
(37, 'Maclovia Fabiola Salinas Huembes', 'Seleccion', '06:00 AM - 02:30 PM', 0),
(38, 'Raquel de los Angeles Mendoza Salty', 'Empaque', '06:00 AM - 02:30 PM', 0),
(39, 'Maria Jose Garcia Romero', 'Plancha', '06:00 AM - 02:30 PM', 1),
(40, 'Maria Jose Garcia Romero', 'Plancha', '06:00 AM - 02:30 PM', 0),
(41, 'Yudeldy Junieth Martinez Mendez', 'Empaque', '06:00 AM - 02:30 PM', 0),
(42, 'Cindy Vicenta Orozco Arroliga', 'Plancha', '06:00 AM - 02:30 PM', 0),
(43, 'Lorna Idalia Marenco Gomez', 'Empaque', '06:00 AM - 02:30 PM', 0),
(44, 'Maryan Espinoza prueba', 'Soporte', '02:30 PM - 10:00 PM', 0),
(45, 'Gabriel Isaac Carrillo Aragon', 'Auxiliar', '06:00 AM - 02:30 PM', 0),
(46, 'Teresa del Carmen Martinez Martinez', 'Soporte', '02:30 PM - 10:00 PM', 0),
(47, 'Ivett del Carmen Macias Narvaez', 'Seleccion', '02:30 PM - 10:00 PM', 0),
(48, 'Yadira del Carmen Obando Saravia', 'Seleccion', '02:30 PM - 10:00 PM', 0),
(49, 'Belkin Nahoris How Morales', 'Plancha', '02:30 PM - 10:00 PM', 0),
(50, 'Jessenia del Socorro Carrion Hernandez', 'Selladora', '02:30 PM - 10:00 PM', 0),
(51, 'Carla Patricia Mejia Espinoza', 'Seleccion', '02:30 PM - 10:00 PM', 0),
(52, 'Ana Cristina Urbina Perez', 'Plancha', '02:30 PM - 10:00 PM', 0),
(53, 'Yenny Elizabeth Mayorquin Perez', 'Plancha', '06:00 AM - 02:30 PM', 0),
(54, 'Jose Luis Salinas Gomez', 'Rebobinador', '02:30 PM - 10:00 PM', 0),
(55, 'Allan Perez', 'Rebobinador', '06:00 AM - 02:30 PM', 0),
(56, 'Pastor Eleazar Ordoñez Espinoza', 'Rebobinador', '02:30 PM - 10:00 PM', 0),
(57, 'Wester Guido', 'Auxiliar', '02:30 PM - 10:00 PM', 0),
(58, 'Thania Teresa Rayo Gonzalez', 'Plancha', '02:30 PM - 10:00 PM', 0),
(59, 'Flor de Maria Guevara', 'Empaque', '02:30 PM - 10:00 PM', 0),
(60, 'Jaime Jose Vanegas Quiroz', 'Rebobinador', '10:00 PM - 06:00 AM', 0),
(61, 'Freddy Antonio Ramirez Flores', 'Auxiliar', '06:00 AM - 02:30 PM', 0),
(62, 'Nery Jose Sanchez Mercado', 'Rebobinador', '10:00 PM - 06:00 AM', 0),
(63, 'Norman Basquez', 'Rebobinador', '10:00 PM - 06:00 AM', 0),
(64, 'Hanzel Bladimir Marenco Norori', 'Rebobinador', '06:00 AM - 02:30 PM', 0),
(65, 'Ervin Israel Torrez Membreño', 'Rebobinador', '02:30 PM - 10:00 PM', 0),
(66, 'Jefri Mendoza', 'Auxiliar', '06:00 AM - 02:30 PM', 0),
(67, 'Jessica Elvira Vargas Hurtado', 'Plancha', '06:00 AM - 02:30 PM', 0),
(68, 'Michel Hurtado', 'Auxiliar', '06:00 AM - 02:30 PM', 0),
(69, 'Ileana Margarita Marota Montiel', 'Empaque', '06:00 AM - 02:30 PM', 0),
(70, 'Nancy Vallecillo', 'Empaque', '06:00 AM - 02:30 PM', 0),
(71, 'Eyner Rodriguez', 'Auxiliar', '06:00 AM - 02:30 PM', 0),
(72, 'Nelson Javier Avendaño Polanco', 'Cortador', '02:30 PM - 10:00 PM', 0),
(73, 'Joseling Antonia Tinoco Mairena', 'Plancha', '02:30 PM - 10:00 PM', 0);
